setting,phi_min,phi_max,eps,algo,threshold_pct,budget_to_reach,ratio_vs_brute,source,miss_rate_at_90
"U(0.01,0.1), eps=1e-03",0.01,0.1,0.001,brute,50,7573.5,1.0,this_study,
"U(0.01,0.1), eps=1e-03",0.01,0.1,0.001,brute,80,27232.6,1.0,this_study,
"U(0.01,0.1), eps=1e-03",0.01,0.1,0.001,brute,90,45576.9,1.0,this_study,
"U(0.01,0.1), eps=1e-03",0.01,0.1,0.001,brute,95,64412.9,1.0,this_study,
"U(0.01,0.1), eps=1e-03",0.01,0.1,0.001,ladder_capped,50,3510.2,2.158,this_study,
"U(0.01,0.1), eps=1e-03",0.01,0.1,0.001,ladder_capped,80,7467.0,3.647,this_study,
"U(0.01,0.1), eps=1e-03",0.01,0.1,0.001,ladder_capped,90,10541.3,4.324,this_study,0.00022
"U(0.01,0.1), eps=1e-03",0.01,0.1,0.001,ladder_capped,95,13589.5,4.74,this_study,
"U(0.01,0.1), eps=1e-03",0.01,0.1,0.001,ladder_unbounded,50,3510.2,2.158,this_study,
"U(0.01,0.1), eps=1e-03",0.01,0.1,0.001,ladder_unbounded,80,7467.0,3.647,this_study,
"U(0.01,0.1), eps=1e-03",0.01,0.1,0.001,ladder_unbounded,90,10123.5,4.502,this_study,0.00026
"U(0.01,0.1), eps=1e-03",0.01,0.1,0.001,ladder_unbounded,95,12167.8,5.294,this_study,
"U(0.01,0.1), eps=1e-03",0.01,0.1,0.001,reverse_eng,50,5676.8,1.334,story_cube,
"U(0.01,0.1), eps=1e-03",0.01,0.1,0.001,reverse_eng,80,21568.7,1.263,story_cube,
"U(0.01,0.1), eps=1e-03",0.01,0.1,0.001,reverse_eng,90,37197.2,1.225,story_cube,
"U(0.01,0.1), eps=1e-03",0.01,0.1,0.001,reverse_eng,95,58129.8,1.108,story_cube,
"U(0.01,0.1), eps=1e-03",0.01,0.1,0.001,linear,50,7341.9,1.032,story_cube,
"U(0.01,0.1), eps=1e-03",0.01,0.1,0.001,linear,80,26079.5,1.044,story_cube,
"U(0.01,0.1), eps=1e-03",0.01,0.1,0.001,linear,90,43218.1,1.055,story_cube,
"U(0.01,0.1), eps=1e-03",0.01,0.1,0.001,linear,95,62799.0,1.026,story_cube,
"U(0.01,0.1), eps=1e-03",0.01,0.1,0.001,binary,50,12683.7,0.597,story_cube,
"U(0.01,0.1), eps=1e-03",0.01,0.1,0.001,binary,80,33536.5,0.812,story_cube,
"U(0.01,0.1), eps=1e-03",0.01,0.1,0.001,binary,90,58395.8,0.78,story_cube,
"U(0.01,0.1), eps=1e-03",0.01,0.1,0.001,binary,95,89344.7,0.721,story_cube,
"U(0.01,0.1), eps=1e-03",0.01,0.1,0.001,separable,50,113365.5,0.067,story_cube,
"U(0.01,0.1), eps=1e-03",0.01,0.1,0.001,separable,80,409271.0,0.067,story_cube,
"U(0.01,0.1), eps=1e-03",0.01,0.1,0.001,separable,90,683131.5,0.067,story_cube,
"U(0.01,0.1), eps=1e-03",0.01,0.1,0.001,separable,95,973137.0,0.066,story_cube,
"U(0.01,0.1), eps=1e-04",0.01,0.1,0.0001,brute,50,750761.2,1.0,this_study,
"U(0.01,0.1), eps=1e-04",0.01,0.1,0.0001,brute,80,2707856.9,1.0,this_study,
"U(0.01,0.1), eps=1e-04",0.01,0.1,0.0001,brute,90,4488956.9,1.0,this_study,
"U(0.01,0.1), eps=1e-04",0.01,0.1,0.0001,brute,95,6441248.9,1.0,this_study,
"U(0.01,0.1), eps=1e-04",0.01,0.1,0.0001,ladder_capped,50,95824.3,7.835,this_study,
"U(0.01,0.1), eps=1e-04",0.01,0.1,0.0001,ladder_capped,80,312690.8,8.66,this_study,
"U(0.01,0.1), eps=1e-04",0.01,0.1,0.0001,ladder_capped,90,510850.7,8.787,this_study,0.00048
"U(0.01,0.1), eps=1e-04",0.01,0.1,0.0001,ladder_capped,95,741546.2,8.686,this_study,
"U(0.01,0.1), eps=1e-04",0.01,0.1,0.0001,ladder_unbounded,50,37640.4,19.946,this_study,
"U(0.01,0.1), eps=1e-04",0.01,0.1,0.0001,ladder_unbounded,80,72380.5,37.411,this_study,
"U(0.01,0.1), eps=1e-04",0.01,0.1,0.0001,ladder_unbounded,90,92874.0,48.334,this_study,0.00038
"U(0.01,0.1), eps=1e-04",0.01,0.1,0.0001,ladder_unbounded,95,113249.4,56.877,this_study,
"U(0.01,0.1), eps=1e-04",0.01,0.1,0.0001,reverse_eng,50,409857.3,1.832,story_cube,
"U(0.01,0.1), eps=1e-04",0.01,0.1,0.0001,reverse_eng,80,1597638.6,1.695,story_cube,
"U(0.01,0.1), eps=1e-04",0.01,0.1,0.0001,reverse_eng,90,2890389.1,1.553,story_cube,
"U(0.01,0.1), eps=1e-04",0.01,0.1,0.0001,reverse_eng,95,4385184.2,1.469,story_cube,
"U(0.01,0.1), eps=1e-04",0.01,0.1,0.0001,linear,50,491358.8,1.528,story_cube,
"U(0.01,0.1), eps=1e-04",0.01,0.1,0.0001,linear,80,1778928.7,1.522,story_cube,
"U(0.01,0.1), eps=1e-04",0.01,0.1,0.0001,linear,90,3135633.3,1.432,story_cube,
"U(0.01,0.1), eps=1e-04",0.01,0.1,0.0001,linear,95,4701168.8,1.37,story_cube,
"U(0.01,0.1), eps=1e-04",0.01,0.1,0.0001,binary,50,532389.2,1.41,story_cube,
"U(0.01,0.1), eps=1e-04",0.01,0.1,0.0001,binary,80,1969931.0,1.375,story_cube,
"U(0.01,0.1), eps=1e-04",0.01,0.1,0.0001,binary,90,3436485.0,1.306,story_cube,
"U(0.01,0.1), eps=1e-04",0.01,0.1,0.0001,binary,95,5026402.8,1.281,story_cube,
"U(0.01,0.1), eps=1e-04",0.01,0.1,0.0001,separable,50,11352382.1,0.066,story_cube,
"U(0.01,0.1), eps=1e-04",0.01,0.1,0.0001,separable,80,40604189.7,0.067,story_cube,
"U(0.01,0.1), eps=1e-04",0.01,0.1,0.0001,separable,90,67162261.1,0.067,story_cube,
"U(0.01,0.1), eps=1e-04",0.01,0.1,0.0001,separable,95,96326446.5,0.067,story_cube,
"U(0.01,0.1), eps=1e-05",0.01,0.1,1e-05,brute,50,75221420.4,1.0,this_study,
"U(0.01,0.1), eps=1e-05",0.01,0.1,1e-05,brute,80,271301997.9,1.0,this_study,
"U(0.01,0.1), eps=1e-05",0.01,0.1,1e-05,brute,90,452409667.8,1.0,this_study,
"U(0.01,0.1), eps=1e-05",0.01,0.1,1e-05,brute,95,645503480.3,1.0,this_study,
"U(0.01,0.1), eps=1e-05",0.01,0.1,1e-05,ladder_capped,50,7990736.9,9.414,this_study,
"U(0.01,0.1), eps=1e-05",0.01,0.1,1e-05,ladder_capped,80,29283822.6,9.265,this_study,
"U(0.01,0.1), eps=1e-05",0.01,0.1,1e-05,ladder_capped,90,49637604.2,9.114,this_study,0.00000
"U(0.01,0.1), eps=1e-05",0.01,0.1,1e-05,ladder_capped,95,71254035.9,9.059,this_study,
"U(0.01,0.1), eps=1e-05",0.01,0.1,1e-05,ladder_unbounded,50,366087.7,205.474,this_study,
"U(0.01,0.1), eps=1e-05",0.01,0.1,1e-05,ladder_unbounded,80,715045.3,379.419,this_study,
"U(0.01,0.1), eps=1e-05",0.01,0.1,1e-05,ladder_unbounded,90,939905.5,481.335,this_study,0.00084
"U(0.01,0.1), eps=1e-05",0.01,0.1,1e-05,ladder_unbounded,95,1156460.9,558.171,this_study,
"U(0.01,0.1), eps=1e-05",0.01,0.1,1e-05,reverse_eng,50,35498342.7,2.119,story_cube,
"U(0.01,0.1), eps=1e-05",0.01,0.1,1e-05,reverse_eng,80,145231440.5,1.868,story_cube,
"U(0.01,0.1), eps=1e-05",0.01,0.1,1e-05,reverse_eng,90,260409881.7,1.737,story_cube,
"U(0.01,0.1), eps=1e-05",0.01,0.1,1e-05,reverse_eng,95,410288962.1,1.573,story_cube,
"U(0.01,0.1), eps=1e-05",0.01,0.1,1e-05,linear,50,42848780.9,1.756,story_cube,
"U(0.01,0.1), eps=1e-05",0.01,0.1,1e-05,linear,80,177875715.0,1.525,story_cube,
"U(0.01,0.1), eps=1e-05",0.01,0.1,1e-05,linear,90,303296646.9,1.492,story_cube,
"U(0.01,0.1), eps=1e-05",0.01,0.1,1e-05,linear,95,461720202.6,1.398,story_cube,
"U(0.01,0.1), eps=1e-05",0.01,0.1,1e-05,binary,50,39239887.5,1.917,story_cube,
"U(0.01,0.1), eps=1e-05",0.01,0.1,1e-05,binary,80,158467822.3,1.712,story_cube,
"U(0.01,0.1), eps=1e-05",0.01,0.1,1e-05,binary,90,282429695.0,1.602,story_cube,
"U(0.01,0.1), eps=1e-05",0.01,0.1,1e-05,binary,95,430806183.9,1.498,story_cube,
"U(0.01,0.1), eps=1e-05",0.01,0.1,1e-05,separable,50,1132237344.9,0.066,story_cube,
"U(0.01,0.1), eps=1e-05",0.01,0.1,1e-05,separable,80,4058572838.6,0.067,story_cube,
"U(0.01,0.1), eps=1e-05",0.01,0.1,1e-05,separable,90,6714705394.0,0.067,story_cube,
"U(0.01,0.1), eps=1e-05",0.01,0.1,1e-05,separable,95,9621438809.2,0.067,story_cube,
"U(0.01,0.1), eps=1e-06",0.01,0.1,1e-06,brute,50,7510682453.1,1.0,this_study,
"U(0.01,0.1), eps=1e-06",0.01,0.1,1e-06,brute,80,27320431466.6,1.0,this_study,
"U(0.01,0.1), eps=1e-06",0.01,0.1,1e-06,brute,90,45352578488.1,1.0,this_study,
"U(0.01,0.1), eps=1e-06",0.01,0.1,1e-06,brute,95,65183765582.9,1.0,this_study,
"U(0.01,0.1), eps=1e-06",0.01,0.1,1e-06,ladder_capped,50,799376389.3,9.396,this_study,
"U(0.01,0.1), eps=1e-06",0.01,0.1,1e-06,ladder_capped,80,2917502835.7,9.364,this_study,
"U(0.01,0.1), eps=1e-06",0.01,0.1,1e-06,ladder_capped,90,4921622474.8,9.215,this_study,0.00002
"U(0.01,0.1), eps=1e-06",0.01,0.1,1e-06,ladder_capped,95,7103738250.9,9.176,this_study,
"U(0.01,0.1), eps=1e-06",0.01,0.1,1e-06,ladder_unbounded,50,3625020.3,2071.901,this_study,
"U(0.01,0.1), eps=1e-06",0.01,0.1,1e-06,ladder_unbounded,80,7186074.8,3801.857,this_study,
"U(0.01,0.1), eps=1e-06",0.01,0.1,1e-06,ladder_unbounded,90,9423668.5,4812.625,this_study,0.00096
"U(0.01,0.1), eps=1e-06",0.01,0.1,1e-06,ladder_unbounded,95,11328246.4,5754.091,this_study,
"U(0.01,0.1), eps=1e-06",0.01,0.1,1e-06,reverse_eng,50,3486782133.7,2.154,story_cube,
"U(0.01,0.1), eps=1e-06",0.01,0.1,1e-06,reverse_eng,80,14408374476.9,1.896,story_cube,
"U(0.01,0.1), eps=1e-06",0.01,0.1,1e-06,reverse_eng,90,26032940408.0,1.742,story_cube,
"U(0.01,0.1), eps=1e-06",0.01,0.1,1e-06,reverse_eng,95,39956560412.8,1.631,story_cube,
"U(0.01,0.1), eps=1e-06",0.01,0.1,1e-06,linear,50,4262631990.5,1.762,story_cube,
"U(0.01,0.1), eps=1e-06",0.01,0.1,1e-06,linear,80,16793355376.6,1.627,story_cube,
"U(0.01,0.1), eps=1e-06",0.01,0.1,1e-06,linear,90,29251073629.0,1.55,story_cube,
"U(0.01,0.1), eps=1e-06",0.01,0.1,1e-06,linear,95,44325503838.1,1.471,story_cube,
"U(0.01,0.1), eps=1e-06",0.01,0.1,1e-06,binary,50,3804607929.8,1.974,story_cube,
"U(0.01,0.1), eps=1e-06",0.01,0.1,1e-06,binary,80,15644422543.9,1.746,story_cube,
"U(0.01,0.1), eps=1e-06",0.01,0.1,1e-06,binary,90,29052287490.1,1.561,story_cube,
"U(0.01,0.1), eps=1e-06",0.01,0.1,1e-06,binary,95,42361379941.1,1.539,story_cube,
"U(0.01,0.1), eps=1e-06",0.01,0.1,1e-06,separable,50,113112472672.0,0.066,story_cube,
"U(0.01,0.1), eps=1e-06",0.01,0.1,1e-06,separable,80,405431059704.7,0.067,story_cube,
"U(0.01,0.1), eps=1e-06",0.01,0.1,1e-06,separable,90,671332940611.1,0.068,story_cube,
"U(0.01,0.1), eps=1e-06",0.01,0.1,1e-06,separable,95,961837362805.5,0.068,story_cube,
"U(0.01,0.1), eps=1e-07",0.01,0.1,1e-07,brute,50,749958152413.5,1.0,this_study,
"U(0.01,0.1), eps=1e-07",0.01,0.1,1e-07,brute,80,2722150651957.6,1.0,this_study,
"U(0.01,0.1), eps=1e-07",0.01,0.1,1e-07,brute,90,4555306158374.8,1.0,this_study,
"U(0.01,0.1), eps=1e-07",0.01,0.1,1e-07,brute,95,6411869753066.7,1.0,this_study,
"U(0.01,0.1), eps=1e-07",0.01,0.1,1e-07,ladder_capped,50,79524233166.3,9.431,this_study,
"U(0.01,0.1), eps=1e-07",0.01,0.1,1e-07,ladder_capped,80,292731856605.1,9.299,this_study,
"U(0.01,0.1), eps=1e-07",0.01,0.1,1e-07,ladder_capped,90,488619603160.3,9.323,this_study,0.00002
"U(0.01,0.1), eps=1e-07",0.01,0.1,1e-07,ladder_capped,95,704732497488.9,9.098,this_study,
"U(0.01,0.1), eps=1e-07",0.01,0.1,1e-07,ladder_unbounded,50,36468734.8,20564.414,this_study,
"U(0.01,0.1), eps=1e-07",0.01,0.1,1e-07,ladder_unbounded,80,70899029.4,38394.752,this_study,
"U(0.01,0.1), eps=1e-07",0.01,0.1,1e-07,ladder_unbounded,90,93031533.1,48965.184,this_study,0.00112
"U(0.01,0.1), eps=1e-07",0.01,0.1,1e-07,ladder_unbounded,95,116827477.1,54883.234,this_study,
"U(0.01,0.1), eps=1e-07",0.01,0.1,1e-07,reverse_eng,50,348360730751.0,2.153,story_cube,
"U(0.01,0.1), eps=1e-07",0.01,0.1,1e-07,reverse_eng,80,1440225679441.1,1.89,story_cube,
"U(0.01,0.1), eps=1e-07",0.01,0.1,1e-07,reverse_eng,90,2603752722984.3,1.75,story_cube,
"U(0.01,0.1), eps=1e-07",0.01,0.1,1e-07,reverse_eng,95,3993758047277.7,1.605,story_cube,
"U(0.01,0.1), eps=1e-07",0.01,0.1,1e-07,linear,50,425468277060.0,1.763,story_cube,
"U(0.01,0.1), eps=1e-07",0.01,0.1,1e-07,linear,80,1673546028922.0,1.627,story_cube,
"U(0.01,0.1), eps=1e-07",0.01,0.1,1e-07,linear,90,2922584944675.5,1.559,story_cube,
"U(0.01,0.1), eps=1e-07",0.01,0.1,1e-07,linear,95,4433903343824.5,1.446,story_cube,
"U(0.01,0.1), eps=1e-07",0.01,0.1,1e-07,binary,50,371566811497.4,2.018,story_cube,
"U(0.01,0.1), eps=1e-07",0.01,0.1,1e-07,binary,80,1560566163377.5,1.744,story_cube,
"U(0.01,0.1), eps=1e-07",0.01,0.1,1e-07,binary,90,2906109373895.8,1.567,story_cube,
"U(0.01,0.1), eps=1e-07",0.01,0.1,1e-07,binary,95,4235566575634.1,1.514,story_cube,
"U(0.01,0.1), eps=1e-07",0.01,0.1,1e-07,separable,50,11309924983088.2,0.066,story_cube,
"U(0.01,0.1), eps=1e-07",0.01,0.1,1e-07,separable,80,40558737610388.8,0.067,story_cube,
"U(0.01,0.1), eps=1e-07",0.01,0.1,1e-07,separable,90,67166279254178.2,0.068,story_cube,
"U(0.01,0.1), eps=1e-07",0.01,0.1,1e-07,separable,95,96212672115813.2,0.067,story_cube,
"U(0.01,0.1), eps=1e-08",0.01,0.1,1e-08,brute,50,74798623017575.2,1.0,this_study,
"U(0.01,0.1), eps=1e-08",0.01,0.1,1e-08,brute,80,272934165683296.9,1.0,this_study,
"U(0.01,0.1), eps=1e-08",0.01,0.1,1e-08,brute,90,455387972051628.4,1.0,this_study,
"U(0.01,0.1), eps=1e-08",0.01,0.1,1e-08,brute,95,666117076195398.0,1.0,this_study,
"U(0.01,0.1), eps=1e-08",0.01,0.1,1e-08,ladder_capped,50,8062407598781.4,9.277,this_study,
"U(0.01,0.1), eps=1e-08",0.01,0.1,1e-08,ladder_capped,80,29452954188283.8,9.267,this_study,
"U(0.01,0.1), eps=1e-08",0.01,0.1,1e-08,ladder_capped,90,49876430857103.5,9.13,this_study,0.00002
"U(0.01,0.1), eps=1e-08",0.01,0.1,1e-08,ladder_capped,95,70014325329168.0,9.514,this_study,
"U(0.01,0.1), eps=1e-08",0.01,0.1,1e-08,ladder_unbounded,50,359006457.4,208348.963,this_study,
"U(0.01,0.1), eps=1e-08",0.01,0.1,1e-08,ladder_unbounded,80,708595296.1,385176.372,this_study,
"U(0.01,0.1), eps=1e-08",0.01,0.1,1e-08,ladder_unbounded,90,958239971.5,475233.747,this_study,0.00140
"U(0.01,0.1), eps=1e-08",0.01,0.1,1e-08,ladder_unbounded,95,1169399870.1,569623.012,this_study,
"U(0.01,0.1), eps=1e-08",0.01,0.1,1e-08,reverse_eng,50,34842339970648.6,2.147,story_cube,
"U(0.01,0.1), eps=1e-08",0.01,0.1,1e-08,reverse_eng,80,144048331912129.4,1.895,story_cube,
"U(0.01,0.1), eps=1e-08",0.01,0.1,1e-08,reverse_eng,90,260373770844499.8,1.749,story_cube,
"U(0.01,0.1), eps=1e-08",0.01,0.1,1e-08,reverse_eng,95,399406951940990.1,1.668,story_cube,
"U(0.01,0.1), eps=1e-08",0.01,0.1,1e-08,linear,50,41710831910994.6,1.793,story_cube,
"U(0.01,0.1), eps=1e-08",0.01,0.1,1e-08,linear,80,167339834885410.2,1.631,story_cube,
"U(0.01,0.1), eps=1e-08",0.01,0.1,1e-08,linear,90,292153289901314.0,1.559,story_cube,
"U(0.01,0.1), eps=1e-08",0.01,0.1,1e-08,linear,95,443412092192770.5,1.502,story_cube,
"U(0.01,0.1), eps=1e-08",0.01,0.1,1e-08,binary,50,37175098676434.9,2.012,story_cube,
"U(0.01,0.1), eps=1e-08",0.01,0.1,1e-08,binary,80,156051892212560.2,1.749,story_cube,
"U(0.01,0.1), eps=1e-08",0.01,0.1,1e-08,binary,90,290394682276957.1,1.568,story_cube,
"U(0.01,0.1), eps=1e-08",0.01,0.1,1e-08,binary,95,423556657563473.0,1.573,story_cube,
"U(0.01,0.1), eps=1e-08",0.01,0.1,1e-08,separable,50,1131097999336998.0,0.066,story_cube,
"U(0.01,0.1), eps=1e-08",0.01,0.1,1e-08,separable,80,4056307393823690.5,0.067,story_cube,
"U(0.01,0.1), eps=1e-08",0.01,0.1,1e-08,separable,90,6718113403406206.0,0.068,story_cube,
"U(0.01,0.1), eps=1e-08",0.01,0.1,1e-08,separable,95,9623139994178558.0,0.069,story_cube,
"U(0.001,0.01), eps=1e-04",0.001,0.01,0.0001,brute,50,74093.0,1.0,this_study,
"U(0.001,0.01), eps=1e-04",0.001,0.01,0.0001,brute,80,264476.0,1.0,this_study,
"U(0.001,0.01), eps=1e-04",0.001,0.01,0.0001,brute,90,440167.3,1.0,this_study,
"U(0.001,0.01), eps=1e-04",0.001,0.01,0.0001,brute,95,625059.1,1.0,this_study,
"U(0.001,0.01), eps=1e-04",0.001,0.01,0.0001,ladder_capped,50,34991.3,2.117,this_study,
"U(0.001,0.01), eps=1e-04",0.001,0.01,0.0001,ladder_capped,80,73600.2,3.593,this_study,
"U(0.001,0.01), eps=1e-04",0.001,0.01,0.0001,ladder_capped,90,101388.8,4.341,this_study,0.00000
"U(0.001,0.01), eps=1e-04",0.001,0.01,0.0001,ladder_capped,95,132680.2,4.711,this_study,
"U(0.001,0.01), eps=1e-04",0.001,0.01,0.0001,ladder_unbounded,50,34991.3,2.117,this_study,
"U(0.001,0.01), eps=1e-04",0.001,0.01,0.0001,ladder_unbounded,80,73600.2,3.593,this_study,
"U(0.001,0.01), eps=1e-04",0.001,0.01,0.0001,ladder_unbounded,90,100062.0,4.399,this_study,0.00000
"U(0.001,0.01), eps=1e-04",0.001,0.01,0.0001,ladder_unbounded,95,121740.7,5.134,this_study,
"U(0.001,0.01), eps=1e-04",0.001,0.01,0.0001,reverse_eng,50,58945.5,1.257,story_cube,
"U(0.001,0.01), eps=1e-04",0.001,0.01,0.0001,reverse_eng,80,211613.8,1.25,story_cube,
"U(0.001,0.01), eps=1e-04",0.001,0.01,0.0001,reverse_eng,90,362886.6,1.213,story_cube,
"U(0.001,0.01), eps=1e-04",0.001,0.01,0.0001,reverse_eng,95,530297.5,1.179,story_cube,
"U(0.001,0.01), eps=1e-04",0.001,0.01,0.0001,linear,50,73325.7,1.01,story_cube,
"U(0.001,0.01), eps=1e-04",0.001,0.01,0.0001,linear,80,251236.3,1.053,story_cube,
"U(0.001,0.01), eps=1e-04",0.001,0.01,0.0001,linear,90,416087.1,1.058,story_cube,
"U(0.001,0.01), eps=1e-04",0.001,0.01,0.0001,linear,95,607050.0,1.03,story_cube,
"U(0.001,0.01), eps=1e-04",0.001,0.01,0.0001,binary,50,152649.4,0.485,story_cube,
"U(0.001,0.01), eps=1e-04",0.001,0.01,0.0001,binary,80,411733.7,0.642,story_cube,
"U(0.001,0.01), eps=1e-04",0.001,0.01,0.0001,binary,90,800957.1,0.55,story_cube,
"U(0.001,0.01), eps=1e-04",0.001,0.01,0.0001,binary,95,1513038.6,0.413,story_cube,
"U(0.001,0.01), eps=1e-04",0.001,0.01,0.0001,separable,50,11281058.4,0.007,story_cube,
