setting,phi_min,phi_max,eps,algo,budget,rate
"U(0.01,0.1), eps=1e-03",0.01,0.1,0.001,brute,896,0.17522
"U(0.01,0.1), eps=1e-03",0.01,0.1,0.001,brute,1049,0.18986
"U(0.01,0.1), eps=1e-03",0.01,0.1,0.001,brute,1229,0.20742
"U(0.01,0.1), eps=1e-03",0.01,0.1,0.001,brute,1439,0.22334
"U(0.01,0.1), eps=1e-03",0.01,0.1,0.001,brute,1685,0.24636
"U(0.01,0.1), eps=1e-03",0.01,0.1,0.001,brute,1973,0.26714
"U(0.01,0.1), eps=1e-03",0.01,0.1,0.001,brute,2310,0.28954
"U(0.01,0.1), eps=1e-03",0.01,0.1,0.001,brute,2704,0.315
"U(0.01,0.1), eps=1e-03",0.01,0.1,0.001,brute,3167,0.3367
"U(0.01,0.1), eps=1e-03",0.01,0.1,0.001,brute,3708,0.36246
"U(0.01,0.1), eps=1e-03",0.01,0.1,0.001,brute,4342,0.38928
"U(0.01,0.1), eps=1e-03",0.01,0.1,0.001,brute,5083,0.41668
"U(0.01,0.1), eps=1e-03",0.01,0.1,0.001,brute,5952,0.44856
"U(0.01,0.1), eps=1e-03",0.01,0.1,0.001,brute,6969,0.48304
"U(0.01,0.1), eps=1e-03",0.01,0.1,0.001,brute,8160,0.51548
"U(0.01,0.1), eps=1e-03",0.01,0.1,0.001,brute,9555,0.5518
"U(0.01,0.1), eps=1e-03",0.01,0.1,0.001,brute,11188,0.58758
"U(0.01,0.1), eps=1e-03",0.01,0.1,0.001,brute,13100,0.62386
"U(0.01,0.1), eps=1e-03",0.01,0.1,0.001,brute,15338,0.66318
"U(0.01,0.1), eps=1e-03",0.01,0.1,0.001,brute,17959,0.70038
"U(0.01,0.1), eps=1e-03",0.01,0.1,0.001,brute,21028,0.73762
"U(0.01,0.1), eps=1e-03",0.01,0.1,0.001,brute,24622,0.77644
"U(0.01,0.1), eps=1e-03",0.01,0.1,0.001,brute,28829,0.81204
"U(0.01,0.1), eps=1e-03",0.01,0.1,0.001,brute,33756,0.84386
"U(0.01,0.1), eps=1e-03",0.01,0.1,0.001,brute,39524,0.87446
"U(0.01,0.1), eps=1e-03",0.01,0.1,0.001,brute,46278,0.9025
"U(0.01,0.1), eps=1e-03",0.01,0.1,0.001,brute,54186,0.92842
"U(0.01,0.1), eps=1e-03",0.01,0.1,0.001,brute,63446,0.94848
"U(0.01,0.1), eps=1e-03",0.01,0.1,0.001,brute,74287,0.96534
"U(0.01,0.1), eps=1e-03",0.01,0.1,0.001,brute,86982,0.97806
"U(0.01,0.1), eps=1e-03",0.01,0.1,0.001,brute,101845,0.98686
"U(0.01,0.1), eps=1e-03",0.01,0.1,0.001,brute,119249,0.9923
"U(0.01,0.1), eps=1e-03",0.01,0.1,0.001,brute,139626,0.99608
"U(0.01,0.1), eps=1e-03",0.01,0.1,0.001,brute,163486,0.99808
"U(0.01,0.1), eps=1e-03",0.01,0.1,0.001,brute,191422,0.99942
"U(0.01,0.1), eps=1e-03",0.01,0.1,0.001,brute,224133,0.99988
"U(0.01,0.1), eps=1e-03",0.01,0.1,0.001,ccre,896,0.19088
"U(0.01,0.1), eps=1e-03",0.01,0.1,0.001,ccre,1049,0.20316
"U(0.01,0.1), eps=1e-03",0.01,0.1,0.001,ccre,1229,0.22254
"U(0.01,0.1), eps=1e-03",0.01,0.1,0.001,ccre,1439,0.24784
"U(0.01,0.1), eps=1e-03",0.01,0.1,0.001,ccre,1685,0.2683
"U(0.01,0.1), eps=1e-03",0.01,0.1,0.001,ccre,1973,0.29558
"U(0.01,0.1), eps=1e-03",0.01,0.1,0.001,ccre,2310,0.33618
"U(0.01,0.1), eps=1e-03",0.01,0.1,0.001,ccre,2704,0.354
"U(0.01,0.1), eps=1e-03",0.01,0.1,0.001,ccre,3167,0.38218
"U(0.01,0.1), eps=1e-03",0.01,0.1,0.001,ccre,3708,0.42272
"U(0.01,0.1), eps=1e-03",0.01,0.1,0.001,ccre,4342,0.4574
"U(0.01,0.1), eps=1e-03",0.01,0.1,0.001,ccre,5083,0.49338
"U(0.01,0.1), eps=1e-03",0.01,0.1,0.001,ccre,5952,0.52944
"U(0.01,0.1), eps=1e-03",0.01,0.1,0.001,ccre,6969,0.57072
"U(0.01,0.1), eps=1e-03",0.01,0.1,0.001,ccre,8160,0.60712
"U(0.01,0.1), eps=1e-03",0.01,0.1,0.001,ccre,9555,0.6412
"U(0.01,0.1), eps=1e-03",0.01,0.1,0.001,ccre,11188,0.68286
"U(0.01,0.1), eps=1e-03",0.01,0.1,0.001,ccre,13100,0.72454
"U(0.01,0.1), eps=1e-03",0.01,0.1,0.001,ccre,15338,0.7627
"U(0.01,0.1), eps=1e-03",0.01,0.1,0.001,ccre,17959,0.79874
"U(0.01,0.1), eps=1e-03",0.01,0.1,0.001,ccre,21028,0.82956
"U(0.01,0.1), eps=1e-03",0.01,0.1,0.001,ccre,24622,0.85958
"U(0.01,0.1), eps=1e-03",0.01,0.1,0.001,ccre,28829,0.88666
"U(0.01,0.1), eps=1e-03",0.01,0.1,0.001,ccre,33756,0.91376
"U(0.01,0.1), eps=1e-03",0.01,0.1,0.001,ccre,39524,0.93604
"U(0.01,0.1), eps=1e-03",0.01,0.1,0.001,ccre,46278,0.95182
"U(0.01,0.1), eps=1e-03",0.01,0.1,0.001,ccre,54186,0.96486
"U(0.01,0.1), eps=1e-03",0.01,0.1,0.001,ccre,63446,0.9757
"U(0.01,0.1), eps=1e-03",0.01,0.1,0.001,ccre,74287,0.98366
"U(0.01,0.1), eps=1e-03",0.01,0.1,0.001,ccre,86982,0.98948
"U(0.01,0.1), eps=1e-03",0.01,0.1,0.001,ccre,101845,0.99342
"U(0.01,0.1), eps=1e-03",0.01,0.1,0.001,ccre,119249,0.9956
"U(0.01,0.1), eps=1e-03",0.01,0.1,0.001,ccre,139626,0.99662
"U(0.01,0.1), eps=1e-03",0.01,0.1,0.001,ccre,163486,0.99736
"U(0.01,0.1), eps=1e-03",0.01,0.1,0.001,ccre,191422,0.9979
"U(0.01,0.1), eps=1e-03",0.01,0.1,0.001,ccre,224133,0.99798
"U(0.01,0.1), eps=1e-04",0.01,0.1,0.0001,brute,89653,0.18586
"U(0.01,0.1), eps=1e-04",0.01,0.1,0.0001,brute,104973,0.20172
"U(0.01,0.1), eps=1e-04",0.01,0.1,0.0001,brute,122911,0.21772
"U(0.01,0.1), eps=1e-04",0.01,0.1,0.0001,brute,143914,0.23394
"U(0.01,0.1), eps=1e-04",0.01,0.1,0.0001,brute,168506,0.25122
"U(0.01,0.1), eps=1e-04",0.01,0.1,0.0001,brute,197301,0.2697
"U(0.01,0.1), eps=1e-04",0.01,0.1,0.0001,brute,231015,0.29082
"U(0.01,0.1), eps=1e-04",0.01,0.1,0.0001,brute,270492,0.3142
"U(0.01,0.1), eps=1e-04",0.01,0.1,0.0001,brute,316713,0.33746
"U(0.01,0.1), eps=1e-04",0.01,0.1,0.0001,brute,370834,0.36354
"U(0.01,0.1), eps=1e-04",0.01,0.1,0.0001,brute,434202,0.39158
"U(0.01,0.1), eps=1e-04",0.01,0.1,0.0001,brute,508399,0.42066
"U(0.01,0.1), eps=1e-04",0.01,0.1,0.0001,brute,595274,0.4499
"U(0.01,0.1), eps=1e-04",0.01,0.1,0.0001,brute,696995,0.48416
"U(0.01,0.1), eps=1e-04",0.01,0.1,0.0001,brute,816098,0.51696
"U(0.01,0.1), eps=1e-04",0.01,0.1,0.0001,brute,955553,0.5515
"U(0.01,0.1), eps=1e-04",0.01,0.1,0.0001,brute,1118838,0.58856
"U(0.01,0.1), eps=1e-04",0.01,0.1,0.0001,brute,1310026,0.62652
"U(0.01,0.1), eps=1e-04",0.01,0.1,0.0001,brute,1533884,0.66424
"U(0.01,0.1), eps=1e-04",0.01,0.1,0.0001,brute,1795995,0.70208
"U(0.01,0.1), eps=1e-04",0.01,0.1,0.0001,brute,2102896,0.73964
"U(0.01,0.1), eps=1e-04",0.01,0.1,0.0001,brute,2462240,0.77694
"U(0.01,0.1), eps=1e-04",0.01,0.1,0.0001,brute,2882989,0.81424
"U(0.01,0.1), eps=1e-04",0.01,0.1,0.0001,brute,3375635,0.84598
"U(0.01,0.1), eps=1e-04",0.01,0.1,0.0001,brute,3952466,0.8771
"U(0.01,0.1), eps=1e-04",0.01,0.1,0.0001,brute,4627865,0.90462
"U(0.01,0.1), eps=1e-04",0.01,0.1,0.0001,brute,5418677,0.92978
"U(0.01,0.1), eps=1e-04",0.01,0.1,0.0001,brute,6344623,0.94954
"U(0.01,0.1), eps=1e-04",0.01,0.1,0.0001,brute,7428796,0.96514
"U(0.01,0.1), eps=1e-04",0.01,0.1,0.0001,brute,8698232,0.97792
"U(0.01,0.1), eps=1e-04",0.01,0.1,0.0001,brute,10184590,0.9867
"U(0.01,0.1), eps=1e-04",0.01,0.1,0.0001,brute,11924938,0.99308
"U(0.01,0.1), eps=1e-04",0.01,0.1,0.0001,brute,13962678,0.99662
"U(0.01,0.1), eps=1e-04",0.01,0.1,0.0001,brute,16348627,0.9984
"U(0.01,0.1), eps=1e-04",0.01,0.1,0.0001,brute,19142289,0.99952
"U(0.01,0.1), eps=1e-04",0.01,0.1,0.0001,brute,22413333,0.9999
"U(0.01,0.1), eps=1e-04",0.01,0.1,0.0001,ccre,89653,0.23684
"U(0.01,0.1), eps=1e-04",0.01,0.1,0.0001,ccre,104973,0.25606
"U(0.01,0.1), eps=1e-04",0.01,0.1,0.0001,ccre,122911,0.29566
"U(0.01,0.1), eps=1e-04",0.01,0.1,0.0001,ccre,143914,0.31014
"U(0.01,0.1), eps=1e-04",0.01,0.1,0.0001,ccre,168506,0.33692
"U(0.01,0.1), eps=1e-04",0.01,0.1,0.0001,ccre,197301,0.3646
"U(0.01,0.1), eps=1e-04",0.01,0.1,0.0001,ccre,231015,0.39584
"U(0.01,0.1), eps=1e-04",0.01,0.1,0.0001,ccre,270492,0.42634
"U(0.01,0.1), eps=1e-04",0.01,0.1,0.0001,ccre,316713,0.46178
"U(0.01,0.1), eps=1e-04",0.01,0.1,0.0001,ccre,370834,0.49456
"U(0.01,0.1), eps=1e-04",0.01,0.1,0.0001,ccre,434202,0.53098
"U(0.01,0.1), eps=1e-04",0.01,0.1,0.0001,ccre,508399,0.56476
"U(0.01,0.1), eps=1e-04",0.01,0.1,0.0001,ccre,595274,0.60142
"U(0.01,0.1), eps=1e-04",0.01,0.1,0.0001,ccre,696995,0.63594
"U(0.01,0.1), eps=1e-04",0.01,0.1,0.0001,ccre,816098,0.65618
"U(0.01,0.1), eps=1e-04",0.01,0.1,0.0001,ccre,955553,0.70502
"U(0.01,0.1), eps=1e-04",0.01,0.1,0.0001,ccre,1118838,0.73864
"U(0.01,0.1), eps=1e-04",0.01,0.1,0.0001,ccre,1310026,0.7743
"U(0.01,0.1), eps=1e-04",0.01,0.1,0.0001,ccre,1533884,0.80788
"U(0.01,0.1), eps=1e-04",0.01,0.1,0.0001,ccre,1795995,0.8346
"U(0.01,0.1), eps=1e-04",0.01,0.1,0.0001,ccre,2102896,0.86592
"U(0.01,0.1), eps=1e-04",0.01,0.1,0.0001,ccre,2462240,0.89048
"U(0.01,0.1), eps=1e-04",0.01,0.1,0.0001,ccre,2882989,0.91276
"U(0.01,0.1), eps=1e-04",0.01,0.1,0.0001,ccre,3375635,0.93364
"U(0.01,0.1), eps=1e-04",0.01,0.1,0.0001,ccre,3952466,0.94754
"U(0.01,0.1), eps=1e-04",0.01,0.1,0.0001,ccre,4627865,0.96052
"U(0.01,0.1), eps=1e-04",0.01,0.1,0.0001,ccre,5418677,0.9717
"U(0.01,0.1), eps=1e-04",0.01,0.1,0.0001,ccre,6344623,0.98182
"U(0.01,0.1), eps=1e-04",0.01,0.1,0.0001,ccre,7428796,0.98932
"U(0.01,0.1), eps=1e-04",0.01,0.1,0.0001,ccre,8698232,0.99334
"U(0.01,0.1), eps=1e-04",0.01,0.1,0.0001,ccre,10184590,0.99604
"U(0.01,0.1), eps=1e-04",0.01,0.1,0.0001,ccre,11924938,0.99708
"U(0.01,0.1), eps=1e-04",0.01,0.1,0.0001,ccre,13962678,0.99808
"U(0.01,0.1), eps=1e-04",0.01,0.1,0.0001,ccre,16348627,0.9973
"U(0.01,0.1), eps=1e-04",0.01,0.1,0.0001,ccre,19142289,0.99756
"U(0.01,0.1), eps=1e-04",0.01,0.1,0.0001,ccre,22413333,0.99764
"U(0.01,0.1), eps=1e-05",0.01,0.1,1e-05,brute,8965333,0.1869
"U(0.01,0.1), eps=1e-05",0.01,0.1,1e-05,brute,10497333,0.2021
"U(0.01,0.1), eps=1e-05",0.01,0.1,1e-05,brute,12291123,0.21756
"U(0.01,0.1), eps=1e-05",0.01,0.1,1e-05,brute,14391436,0.23442
"U(0.01,0.1), eps=1e-05",0.01,0.1,1e-05,brute,16850652,0.2519
"U(0.01,0.1), eps=1e-05",0.01,0.1,1e-05,brute,19730100,0.2724
"U(0.01,0.1), eps=1e-05",0.01,0.1,1e-05,brute,23101589,0.29416
"U(0.01,0.1), eps=1e-05",0.01,0.1,1e-05,brute,27049201,0.31592
"U(0.01,0.1), eps=1e-05",0.01,0.1,1e-05,brute,31671382,0.33932
"U(0.01,0.1), eps=1e-05",0.01,0.1,1e-05,brute,37083403,0.36422
"U(0.01,0.1), eps=1e-05",0.01,0.1,1e-05,brute,43420233,0.39244
"U(0.01,0.1), eps=1e-05",0.01,0.1,1e-05,brute,50839904,0.42084
"U(0.01,0.1), eps=1e-05",0.01,0.1,1e-05,brute,59527453,0.45104
"U(0.01,0.1), eps=1e-05",0.01,0.1,1e-05,brute,69699533,0.48406
"U(0.01,0.1), eps=1e-05",0.01,0.1,1e-05,brute,81609824,0.51666
"U(0.01,0.1), eps=1e-05",0.01,0.1,1e-05,brute,95555351,0.55178
"U(0.01,0.1), eps=1e-05",0.01,0.1,1e-05,brute,111883897,0.58884
"U(0.01,0.1), eps=1e-05",0.01,0.1,1e-05,brute,131002673,0.626
"U(0.01,0.1), eps=1e-05",0.01,0.1,1e-05,brute,153388475,0.66484
"U(0.01,0.1), eps=1e-05",0.01,0.1,1e-05,brute,179599574,0.70286
"U(0.01,0.1), eps=1e-05",0.01,0.1,1e-05,brute,210289638,0.73978
"U(0.01,0.1), eps=1e-05",0.01,0.1,1e-05,brute,246224036,0.77712
"U(0.01,0.1), eps=1e-05",0.01,0.1,1e-05,brute,288298921,0.81436
"U(0.01,0.1), eps=1e-05",0.01,0.1,1e-05,brute,337563584,0.84686
"U(0.01,0.1), eps=1e-05",0.01,0.1,1e-05,brute,395246617,0.87756
"U(0.01,0.1), eps=1e-05",0.01,0.1,1e-05,brute,462786555,0.90516
"U(0.01,0.1), eps=1e-05",0.01,0.1,1e-05,brute,541867751,0.93006
"U(0.01,0.1), eps=1e-05",0.01,0.1,1e-05,brute,634462380,0.94974
"U(0.01,0.1), eps=1e-05",0.01,0.1,1e-05,brute,742879627,0.96522
"U(0.01,0.1), eps=1e-05",0.01,0.1,1e-05,brute,869823266,0.97802
"U(0.01,0.1), eps=1e-05",0.01,0.1,1e-05,brute,1018459096,0.98682
"U(0.01,0.1), eps=1e-05",0.01,0.1,1e-05,brute,1192493892,0.99324
"U(0.01,0.1), eps=1e-05",0.01,0.1,1e-05,brute,1396267839,0.99674
"U(0.01,0.1), eps=1e-05",0.01,0.1,1e-05,brute,1634862780,0.99846
"U(0.01,0.1), eps=1e-05",0.01,0.1,1e-05,brute,1914228942,0.9995
"U(0.01,0.1), eps=1e-05",0.01,0.1,1e-05,brute,2241333333,0.9999
"U(0.01,0.1), eps=1e-05",0.01,0.1,1e-05,ccre,8965333,0.26914
"U(0.01,0.1), eps=1e-05",0.01,0.1,1e-05,ccre,10497333,0.29392
"U(0.01,0.1), eps=1e-05",0.01,0.1,1e-05,ccre,12291123,0.31838
"U(0.01,0.1), eps=1e-05",0.01,0.1,1e-05,ccre,14391436,0.34306
"U(0.01,0.1), eps=1e-05",0.01,0.1,1e-05,ccre,16850652,0.35404
"U(0.01,0.1), eps=1e-05",0.01,0.1,1e-05,ccre,19730100,0.39494
"U(0.01,0.1), eps=1e-05",0.01,0.1,1e-05,ccre,23101589,0.41854
"U(0.01,0.1), eps=1e-05",0.01,0.1,1e-05,ccre,27049201,0.44894
"U(0.01,0.1), eps=1e-05",0.01,0.1,1e-05,ccre,31671382,0.4807
"U(0.01,0.1), eps=1e-05",0.01,0.1,1e-05,ccre,37083403,0.51366
"U(0.01,0.1), eps=1e-05",0.01,0.1,1e-05,ccre,43420233,0.54622
"U(0.01,0.1), eps=1e-05",0.01,0.1,1e-05,ccre,50839904,0.58162
"U(0.01,0.1), eps=1e-05",0.01,0.1,1e-05,ccre,59527453,0.61792
"U(0.01,0.1), eps=1e-05",0.01,0.1,1e-05,ccre,69699533,0.64752
"U(0.01,0.1), eps=1e-05",0.01,0.1,1e-05,ccre,81609824,0.68196
"U(0.01,0.1), eps=1e-05",0.01,0.1,1e-05,ccre,95555351,0.70982
"U(0.01,0.1), eps=1e-05",0.01,0.1,1e-05,ccre,111883897,0.75058
"U(0.01,0.1), eps=1e-05",0.01,0.1,1e-05,ccre,131002673,0.77892
"U(0.01,0.1), eps=1e-05",0.01,0.1,1e-05,ccre,153388475,0.81514
"U(0.01,0.1), eps=1e-05",0.01,0.1,1e-05,ccre,179599574,0.84326
"U(0.01,0.1), eps=1e-05",0.01,0.1,1e-05,ccre,210289638,0.86756
"U(0.01,0.1), eps=1e-05",0.01,0.1,1e-05,ccre,246224036,0.89432
"U(0.01,0.1), eps=1e-05",0.01,0.1,1e-05,ccre,288298921,0.91384
"U(0.01,0.1), eps=1e-05",0.01,0.1,1e-05,ccre,337563584,0.92986
"U(0.01,0.1), eps=1e-05",0.01,0.1,1e-05,ccre,395246617,0.9539
"U(0.01,0.1), eps=1e-05",0.01,0.1,1e-05,ccre,462786555,0.96084
"U(0.01,0.1), eps=1e-05",0.01,0.1,1e-05,ccre,541867751,0.97704
"U(0.01,0.1), eps=1e-05",0.01,0.1,1e-05,ccre,634462380,0.98176
"U(0.01,0.1), eps=1e-05",0.01,0.1,1e-05,ccre,742879627,0.98768
"U(0.01,0.1), eps=1e-05",0.01,0.1,1e-05,ccre,869823266,0.9935
"U(0.01,0.1), eps=1e-05",0.01,0.1,1e-05,ccre,1018459096,0.99572
"U(0.01,0.1), eps=1e-05",0.01,0.1,1e-05,ccre,1192493892,0.9982
"U(0.01,0.1), eps=1e-05",0.01,0.1,1e-05,ccre,1396267839,0.99896
"U(0.01,0.1), eps=1e-05",0.01,0.1,1e-05,ccre,1634862780,0.99696
"U(0.01,0.1), eps=1e-05",0.01,0.1,1e-05,ccre,1914228942,0.9972
"U(0.01,0.1), eps=1e-05",0.01,0.1,1e-05,ccre,2241333333,0.9973
"U(0.01,0.1), eps=1e-06",0.01,0.1,1e-06,brute,896533333,0.18698
"U(0.01,0.1), eps=1e-06",0.01,0.1,1e-06,brute,1049733393,0.20184
"U(0.01,0.1), eps=1e-06",0.01,0.1,1e-06,brute,1229112356,0.21804
"U(0.01,0.1), eps=1e-06",0.01,0.1,1e-06,brute,1439143685,0.23414
"U(0.01,0.1), eps=1e-06",0.01,0.1,1e-06,brute,1685065271,0.25148
"U(0.01,0.1), eps=1e-06",0.01,0.1,1e-06,brute,1973010060,0.2719
"U(0.01,0.1), eps=1e-06",0.01,0.1,1e-06,brute,2310158997,0.29398
"U(0.01,0.1), eps=1e-06",0.01,0.1,1e-06,brute,2704920112,0.31586
"U(0.01,0.1), eps=1e-06",0.01,0.1,1e-06,brute,3167138202,0.33914
"U(0.01,0.1), eps=1e-06",0.01,0.1,1e-06,brute,3708340348,0.36446
"U(0.01,0.1), eps=1e-06",0.01,0.1,1e-06,brute,4342023385,0.39218
"U(0.01,0.1), eps=1e-06",0.01,0.1,1e-06,brute,5083990493,0.421
"U(0.01,0.1), eps=1e-06",0.01,0.1,1e-06,brute,5952745309,0.4513
"U(0.01,0.1), eps=1e-06",0.01,0.1,1e-06,brute,6969953378,0.48428
"U(0.01,0.1), eps=1e-06",0.01,0.1,1e-06,brute,8160982467,0.51694
"U(0.01,0.1), eps=1e-06",0.01,0.1,1e-06,brute,9555535197,0.5516
"U(0.01,0.1), eps=1e-06",0.01,0.1,1e-06,brute,11188389788,0.58856
"U(0.01,0.1), eps=1e-06",0.01,0.1,1e-06,brute,13100267381,0.62628
"U(0.01,0.1), eps=1e-06",0.01,0.1,1e-06,brute,15338847566,0.6649
"U(0.01,0.1), eps=1e-06",0.01,0.1,1e-06,brute,17959957442,0.70304
"U(0.01,0.1), eps=1e-06",0.01,0.1,1e-06,brute,21028963872,0.73992
"U(0.01,0.1), eps=1e-06",0.01,0.1,1e-06,brute,24622403643,0.77736
"U(0.01,0.1), eps=1e-06",0.01,0.1,1e-06,brute,28829892184,0.81456
"U(0.01,0.1), eps=1e-06",0.01,0.1,1e-06,brute,33756358452,0.84696
"U(0.01,0.1), eps=1e-06",0.01,0.1,1e-06,brute,39524661718,0.87754
"U(0.01,0.1), eps=1e-06",0.01,0.1,1e-06,brute,46278655506,0.90522
"U(0.01,0.1), eps=1e-06",0.01,0.1,1e-06,brute,54186775100,0.93006
"U(0.01,0.1), eps=1e-06",0.01,0.1,1e-06,brute,63446238091,0.9498
"U(0.01,0.1), eps=1e-06",0.01,0.1,1e-06,brute,74287962708,0.96534
"U(0.01,0.1), eps=1e-06",0.01,0.1,1e-06,brute,86982326602,0.97806
"U(0.01,0.1), eps=1e-06",0.01,0.1,1e-06,brute,101845909691,0.98678
"U(0.01,0.1), eps=1e-06",0.01,0.1,1e-06,brute,119249389226,0.9932
"U(0.01,0.1), eps=1e-06",0.01,0.1,1e-06,brute,139626783972,0.99674
"U(0.01,0.1), eps=1e-06",0.01,0.1,1e-06,brute,163486278033,0.99848
"U(0.01,0.1), eps=1e-06",0.01,0.1,1e-06,brute,191422894268,0.99952
"U(0.01,0.1), eps=1e-06",0.01,0.1,1e-06,brute,224133333333,0.9999
"U(0.01,0.1), eps=1e-06",0.01,0.1,1e-06,ccre,896533333,0.2791
"U(0.01,0.1), eps=1e-06",0.01,0.1,1e-06,ccre,1049733393,0.30038
"U(0.01,0.1), eps=1e-06",0.01,0.1,1e-06,ccre,1229112356,0.32222
"U(0.01,0.1), eps=1e-06",0.01,0.1,1e-06,ccre,1439143685,0.34662
"U(0.01,0.1), eps=1e-06",0.01,0.1,1e-06,ccre,1685065271,0.36382
"U(0.01,0.1), eps=1e-06",0.01,0.1,1e-06,ccre,1973010060,0.39906
"U(0.01,0.1), eps=1e-06",0.01,0.1,1e-06,ccre,2310158997,0.42674
"U(0.01,0.1), eps=1e-06",0.01,0.1,1e-06,ccre,2704920112,0.45502
"U(0.01,0.1), eps=1e-06",0.01,0.1,1e-06,ccre,3167138202,0.48728
"U(0.01,0.1), eps=1e-06",0.01,0.1,1e-06,ccre,3708340348,0.512
"U(0.01,0.1), eps=1e-06",0.01,0.1,1e-06,ccre,4342023385,0.54362
"U(0.01,0.1), eps=1e-06",0.01,0.1,1e-06,ccre,5083990493,0.5863
"U(0.01,0.1), eps=1e-06",0.01,0.1,1e-06,ccre,5952745309,0.612
"U(0.01,0.1), eps=1e-06",0.01,0.1,1e-06,ccre,6969953378,0.6471
"U(0.01,0.1), eps=1e-06",0.01,0.1,1e-06,ccre,8160982467,0.68092
"U(0.01,0.1), eps=1e-06",0.01,0.1,1e-06,ccre,9555535197,0.71016
"U(0.01,0.1), eps=1e-06",0.01,0.1,1e-06,ccre,11188389788,0.74296
"U(0.01,0.1), eps=1e-06",0.01,0.1,1e-06,ccre,13100267381,0.77632
"U(0.01,0.1), eps=1e-06",0.01,0.1,1e-06,ccre,15338847566,0.81482
"U(0.01,0.1), eps=1e-06",0.01,0.1,1e-06,ccre,17959957442,0.84346
"U(0.01,0.1), eps=1e-06",0.01,0.1,1e-06,ccre,21028963872,0.86736
"U(0.01,0.1), eps=1e-06",0.01,0.1,1e-06,ccre,24622403643,0.89392
"U(0.01,0.1), eps=1e-06",0.01,0.1,1e-06,ccre,28829892184,0.91382
"U(0.01,0.1), eps=1e-06",0.01,0.1,1e-06,ccre,33756358452,0.92952
"U(0.01,0.1), eps=1e-06",0.01,0.1,1e-06,ccre,39524661718,0.94566
"U(0.01,0.1), eps=1e-06",0.01,0.1,1e-06,ccre,46278655506,0.96082
"U(0.01,0.1), eps=1e-06",0.01,0.1,1e-06,ccre,54186775100,0.97604
"U(0.01,0.1), eps=1e-06",0.01,0.1,1e-06,ccre,63446238091,0.98156
"U(0.01,0.1), eps=1e-06",0.01,0.1,1e-06,ccre,74287962708,0.98736
"U(0.01,0.1), eps=1e-06",0.01,0.1,1e-06,ccre,86982326602,0.9936
"U(0.01,0.1), eps=1e-06",0.01,0.1,1e-06,ccre,101845909691,0.99688
"U(0.01,0.1), eps=1e-06",0.01,0.1,1e-06,ccre,119249389226,0.99812
"U(0.01,0.1), eps=1e-06",0.01,0.1,1e-06,ccre,139626783972,0.9989
"U(0.01,0.1), eps=1e-06",0.01,0.1,1e-06,ccre,163486278033,0.99836
"U(0.01,0.1), eps=1e-06",0.01,0.1,1e-06,ccre,191422894268,0.99716
"U(0.01,0.1), eps=1e-06",0.01,0.1,1e-06,ccre,224133333333,0.99728
"U(0.01,0.1), eps=1e-07",0.01,0.1,1e-07,brute,89653333333,0.18692
"U(0.01,0.1), eps=1e-07",0.01,0.1,1e-07,brute,104973339376,0.2019
"U(0.01,0.1), eps=1e-07",0.01,0.1,1e-07,brute,122911235646,0.21798
"U(0.01,0.1), eps=1e-07",0.01,0.1,1e-07,brute,143914368524,0.2342
"U(0.01,0.1), eps=1e-07",0.01,0.1,1e-07,brute,168506527158,0.25156
"U(0.01,0.1), eps=1e-07",0.01,0.1,1e-07,brute,197301006052,0.27188
"U(0.01,0.1), eps=1e-07",0.01,0.1,1e-07,brute,231015899773,0.29402
"U(0.01,0.1), eps=1e-07",0.01,0.1,1e-07,brute,270492011246,0.3159
"U(0.01,0.1), eps=1e-07",0.01,0.1,1e-07,brute,316713820216,0.33924
"U(0.01,0.1), eps=1e-07",0.01,0.1,1e-07,brute,370834034817,0.3645
"U(0.01,0.1), eps=1e-07",0.01,0.1,1e-07,brute,434202338518,0.39224
"U(0.01,0.1), eps=1e-07",0.01,0.1,1e-07,brute,508399049368,0.421
"U(0.01,0.1), eps=1e-07",0.01,0.1,1e-07,brute,595274530948,0.45138
"U(0.01,0.1), eps=1e-07",0.01,0.1,1e-07,brute,696995337888,0.48426
"U(0.01,0.1), eps=1e-07",0.01,0.1,1e-07,brute,816098246743,0.51702
"U(0.01,0.1), eps=1e-07",0.01,0.1,1e-07,brute,955553519704,0.55166
"U(0.01,0.1), eps=1e-07",0.01,0.1,1e-07,brute,1118838978841,0.58868
"U(0.01,0.1), eps=1e-07",0.01,0.1,1e-07,brute,1310026738179,0.6263
"U(0.01,0.1), eps=1e-07",0.01,0.1,1e-07,brute,1533884756609,0.66496
"U(0.01,0.1), eps=1e-07",0.01,0.1,1e-07,brute,1795995744200,0.70306
"U(0.01,0.1), eps=1e-07",0.01,0.1,1e-07,brute,2102896387284,0.74002
"U(0.01,0.1), eps=1e-07",0.01,0.1,1e-07,brute,2462240364396,0.77736
"U(0.01,0.1), eps=1e-07",0.01,0.1,1e-07,brute,2882989218452,0.81456
"U(0.01,0.1), eps=1e-07",0.01,0.1,1e-07,brute,3375635845264,0.84688
"U(0.01,0.1), eps=1e-07",0.01,0.1,1e-07,brute,3952466171882,0.87748
"U(0.01,0.1), eps=1e-07",0.01,0.1,1e-07,brute,4627865550660,0.90516
"U(0.01,0.1), eps=1e-07",0.01,0.1,1e-07,brute,5418677510093,0.93
"U(0.01,0.1), eps=1e-07",0.01,0.1,1e-07,brute,6344623809179,0.94978
"U(0.01,0.1), eps=1e-07",0.01,0.1,1e-07,brute,7428796270864,0.96536
"U(0.01,0.1), eps=1e-07",0.01,0.1,1e-07,brute,8698232660251,0.97806
"U(0.01,0.1), eps=1e-07",0.01,0.1,1e-07,brute,10184590969145,0.98678
"U(0.01,0.1), eps=1e-07",0.01,0.1,1e-07,brute,11924938922683,0.9932
"U(0.01,0.1), eps=1e-07",0.01,0.1,1e-07,brute,13962678397252,0.99674
"U(0.01,0.1), eps=1e-07",0.01,0.1,1e-07,brute,16348627803389,0.99848
"U(0.01,0.1), eps=1e-07",0.01,0.1,1e-07,brute,19142289426815,0.99952
"U(0.01,0.1), eps=1e-07",0.01,0.1,1e-07,brute,22413333333333,0.9999
"U(0.01,0.1), eps=1e-07",0.01,0.1,1e-07,ccre,89653333333,0.27926
"U(0.01,0.1), eps=1e-07",0.01,0.1,1e-07,ccre,104973339376,0.29988
"U(0.01,0.1), eps=1e-07",0.01,0.1,1e-07,ccre,122911235646,0.32258
"U(0.01,0.1), eps=1e-07",0.01,0.1,1e-07,ccre,143914368524,0.34614
"U(0.01,0.1), eps=1e-07",0.01,0.1,1e-07,ccre,168506527158,0.37196
"U(0.01,0.1), eps=1e-07",0.01,0.1,1e-07,ccre,197301006052,0.3981
"U(0.01,0.1), eps=1e-07",0.01,0.1,1e-07,ccre,231015899773,0.42468
"U(0.01,0.1), eps=1e-07",0.01,0.1,1e-07,ccre,270492011246,0.45572
"U(0.01,0.1), eps=1e-07",0.01,0.1,1e-07,ccre,316713820216,0.48682
"U(0.01,0.1), eps=1e-07",0.01,0.1,1e-07,ccre,370834034817,0.51914
"U(0.01,0.1), eps=1e-07",0.01,0.1,1e-07,ccre,434202338518,0.54372
"U(0.01,0.1), eps=1e-07",0.01,0.1,1e-07,ccre,508399049368,0.57894
"U(0.01,0.1), eps=1e-07",0.01,0.1,1e-07,ccre,595274530948,0.6178
"U(0.01,0.1), eps=1e-07",0.01,0.1,1e-07,ccre,696995337888,0.64724
"U(0.01,0.1), eps=1e-07",0.01,0.1,1e-07,ccre,816098246743,0.68092
"U(0.01,0.1), eps=1e-07",0.01,0.1,1e-07,ccre,955553519704,0.71004
"U(0.01,0.1), eps=1e-07",0.01,0.1,1e-07,ccre,1118838978841,0.743
"U(0.01,0.1), eps=1e-07",0.01,0.1,1e-07,ccre,1310026738179,0.77628
"U(0.01,0.1), eps=1e-07",0.01,0.1,1e-07,ccre,1533884756609,0.81468
"U(0.01,0.1), eps=1e-07",0.01,0.1,1e-07,ccre,1795995744200,0.84352
"U(0.01,0.1), eps=1e-07",0.01,0.1,1e-07,ccre,2102896387284,0.87312
"U(0.01,0.1), eps=1e-07",0.01,0.1,1e-07,ccre,2462240364396,0.8939
"U(0.01,0.1), eps=1e-07",0.01,0.1,1e-07,ccre,2882989218452,0.91382
"U(0.01,0.1), eps=1e-07",0.01,0.1,1e-07,ccre,3375635845264,0.92948
"U(0.01,0.1), eps=1e-07",0.01,0.1,1e-07,ccre,3952466171882,0.94564
"U(0.01,0.1), eps=1e-07",0.01,0.1,1e-07,ccre,4627865550660,0.96086
"U(0.01,0.1), eps=1e-07",0.01,0.1,1e-07,ccre,5418677510093,0.97598
"U(0.01,0.1), eps=1e-07",0.01,0.1,1e-07,ccre,6344623809179,0.98156
"U(0.01,0.1), eps=1e-07",0.01,0.1,1e-07,ccre,7428796270864,0.98736
"U(0.01,0.1), eps=1e-07",0.01,0.1,1e-07,ccre,8698232660251,0.99358
"U(0.01,0.1), eps=1e-07",0.01,0.1,1e-07,ccre,10184590969145,0.99688
"U(0.01,0.1), eps=1e-07",0.01,0.1,1e-07,ccre,11924938922683,0.99812
"U(0.01,0.1), eps=1e-07",0.01,0.1,1e-07,ccre,13962678397252,0.9989
"U(0.01,0.1), eps=1e-07",0.01,0.1,1e-07,ccre,16348627803389,0.99834
"U(0.01,0.1), eps=1e-07",0.01,0.1,1e-07,ccre,19142289426815,0.99714
"U(0.01,0.1), eps=1e-07",0.01,0.1,1e-07,ccre,22413333333333,0.99726
"U(0.01,0.1), eps=1e-08",0.01,0.1,1e-08,brute,8965333333333,0.18698
"U(0.01,0.1), eps=1e-08",0.01,0.1,1e-08,brute,10497333937650,0.20192
"U(0.01,0.1), eps=1e-08",0.01,0.1,1e-08,brute,12291123564681,0.21802
"U(0.01,0.1), eps=1e-08",0.01,0.1,1e-08,brute,14391436852400,0.23426
"U(0.01,0.1), eps=1e-08",0.01,0.1,1e-08,brute,16850652715898,0.25164
"U(0.01,0.1), eps=1e-08",0.01,0.1,1e-08,brute,19730100605239,0.2719
"U(0.01,0.1), eps=1e-08",0.01,0.1,1e-08,brute,23101589977317,0.29404
"U(0.01,0.1), eps=1e-08",0.01,0.1,1e-08,brute,27049201124619,0.31592
"U(0.01,0.1), eps=1e-08",0.01,0.1,1e-08,brute,31671382021692,0.33924
"U(0.01,0.1), eps=1e-08",0.01,0.1,1e-08,brute,37083403481776,0.36452
"U(0.01,0.1), eps=1e-08",0.01,0.1,1e-08,brute,43420233851820,0.39222
"U(0.01,0.1), eps=1e-08",0.01,0.1,1e-08,brute,50839904936807,0.421
"U(0.01,0.1), eps=1e-08",0.01,0.1,1e-08,brute,59527453094894,0.45138
"U(0.01,0.1), eps=1e-08",0.01,0.1,1e-08,brute,69699533788849,0.48426
"U(0.01,0.1), eps=1e-08",0.01,0.1,1e-08,brute,81609824674315,0.51702
"U(0.01,0.1), eps=1e-08",0.01,0.1,1e-08,brute,95555351970490,0.55166
"U(0.01,0.1), eps=1e-08",0.01,0.1,1e-08,brute,111883897884147,0.58866
"U(0.01,0.1), eps=1e-08",0.01,0.1,1e-08,brute,131002673817957,0.62628
"U(0.01,0.1), eps=1e-08",0.01,0.1,1e-08,brute,153388475660944,0.66496
"U(0.01,0.1), eps=1e-08",0.01,0.1,1e-08,brute,179599574420007,0.70304
"U(0.01,0.1), eps=1e-08",0.01,0.1,1e-08,brute,210289638728451,0.73998
"U(0.01,0.1), eps=1e-08",0.01,0.1,1e-08,brute,246224036439677,0.77732
"U(0.01,0.1), eps=1e-08",0.01,0.1,1e-08,brute,288298921845289,0.81454
"U(0.01,0.1), eps=1e-08",0.01,0.1,1e-08,brute,337563584526478,0.84686
"U(0.01,0.1), eps=1e-08",0.01,0.1,1e-08,brute,395246617188231,0.87748
"U(0.01,0.1), eps=1e-08",0.01,0.1,1e-08,brute,462786555066003,0.90514
"U(0.01,0.1), eps=1e-08",0.01,0.1,1e-08,brute,541867751009396,0.92998
"U(0.01,0.1), eps=1e-08",0.01,0.1,1e-08,brute,634462380917926,0.94978
"U(0.01,0.1), eps=1e-08",0.01,0.1,1e-08,brute,742879627086468,0.96534
"U(0.01,0.1), eps=1e-08",0.01,0.1,1e-08,brute,869823266025160,0.97804
"U(0.01,0.1), eps=1e-08",0.01,0.1,1e-08,brute,1018459096914520,0.98678
"U(0.01,0.1), eps=1e-08",0.01,0.1,1e-08,brute,1192493892268377,0.9932
"U(0.01,0.1), eps=1e-08",0.01,0.1,1e-08,brute,1396267839725268,0.99674
"U(0.01,0.1), eps=1e-08",0.01,0.1,1e-08,brute,1634862780338925,0.99848
"U(0.01,0.1), eps=1e-08",0.01,0.1,1e-08,brute,1914228942681529,0.99952
"U(0.01,0.1), eps=1e-08",0.01,0.1,1e-08,brute,2241333333333333,0.9999
"U(0.01,0.1), eps=1e-08",0.01,0.1,1e-08,ccre,8965333333333,0.27948
"U(0.01,0.1), eps=1e-08",0.01,0.1,1e-08,ccre,10497333937650,0.3
"U(0.01,0.1), eps=1e-08",0.01,0.1,1e-08,ccre,12291123564681,0.32286
"U(0.01,0.1), eps=1e-08",0.01,0.1,1e-08,ccre,14391436852400,0.34652
"U(0.01,0.1), eps=1e-08",0.01,0.1,1e-08,ccre,16850652715898,0.37226
"U(0.01,0.1), eps=1e-08",0.01,0.1,1e-08,ccre,19730100605239,0.39842
"U(0.01,0.1), eps=1e-08",0.01,0.1,1e-08,ccre,23101589977317,0.42488
"U(0.01,0.1), eps=1e-08",0.01,0.1,1e-08,ccre,27049201124619,0.45566
"U(0.01,0.1), eps=1e-08",0.01,0.1,1e-08,ccre,31671382021692,0.48678
"U(0.01,0.1), eps=1e-08",0.01,0.1,1e-08,ccre,37083403481776,0.51912
"U(0.01,0.1), eps=1e-08",0.01,0.1,1e-08,ccre,43420233851820,0.5436
"U(0.01,0.1), eps=1e-08",0.01,0.1,1e-08,ccre,50839904936807,0.5861
"U(0.01,0.1), eps=1e-08",0.01,0.1,1e-08,ccre,59527453094894,0.61782
"U(0.01,0.1), eps=1e-08",0.01,0.1,1e-08,ccre,69699533788849,0.64712
"U(0.01,0.1), eps=1e-08",0.01,0.1,1e-08,ccre,81609824674315,0.68092
"U(0.01,0.1), eps=1e-08",0.01,0.1,1e-08,ccre,95555351970490,0.70998
"U(0.01,0.1), eps=1e-08",0.01,0.1,1e-08,ccre,111883897884147,0.743
"U(0.01,0.1), eps=1e-08",0.01,0.1,1e-08,ccre,131002673817957,0.77626
"U(0.01,0.1), eps=1e-08",0.01,0.1,1e-08,ccre,153388475660944,0.81458
"U(0.01,0.1), eps=1e-08",0.01,0.1,1e-08,ccre,179599574420007,0.84344
"U(0.01,0.1), eps=1e-08",0.01,0.1,1e-08,ccre,210289638728451,0.87306
"U(0.01,0.1), eps=1e-08",0.01,0.1,1e-08,ccre,246224036439677,0.89392
"U(0.01,0.1), eps=1e-08",0.01,0.1,1e-08,ccre,288298921845289,0.91376
"U(0.01,0.1), eps=1e-08",0.01,0.1,1e-08,ccre,337563584526478,0.92946
"U(0.01,0.1), eps=1e-08",0.01,0.1,1e-08,ccre,395246617188231,0.94562
"U(0.01,0.1), eps=1e-08",0.01,0.1,1e-08,ccre,462786555066003,0.96086
"U(0.01,0.1), eps=1e-08",0.01,0.1,1e-08,ccre,541867751009396,0.97598
"U(0.01,0.1), eps=1e-08",0.01,0.1,1e-08,ccre,634462380917926,0.98156
"U(0.01,0.1), eps=1e-08",0.01,0.1,1e-08,ccre,742879627086468,0.98756
"U(0.01,0.1), eps=1e-08",0.01,0.1,1e-08,ccre,869823266025160,0.99356
"U(0.01,0.1), eps=1e-08",0.01,0.1,1e-08,ccre,1018459096914520,0.99688
"U(0.01,0.1), eps=1e-08",0.01,0.1,1e-08,ccre,1192493892268377,0.99812
"U(0.01,0.1), eps=1e-08",0.01,0.1,1e-08,ccre,1396267839725268,0.9989
"U(0.01,0.1), eps=1e-08",0.01,0.1,1e-08,ccre,1634862780338925,0.99834
"U(0.01,0.1), eps=1e-08",0.01,0.1,1e-08,ccre,1914228942681529,0.99714
"U(0.01,0.1), eps=1e-08",0.01,0.1,1e-08,ccre,2241333333333333,0.99726
"U(0.001,0.01), eps=1e-04",0.001,0.01,0.0001,brute,8565,0.1749
"U(0.001,0.01), eps=1e-04",0.001,0.01,0.0001,brute,10029,0.19222
"U(0.001,0.01), eps=1e-04",0.001,0.01,0.0001,brute,11743,0.208
"U(0.001,0.01), eps=1e-04",0.001,0.01,0.0001,brute,13749,0.22394
"U(0.001,0.01), eps=1e-04",0.001,0.01,0.0001,brute,16099,0.2427
"U(0.001,0.01), eps=1e-04",0.001,0.01,0.0001,brute,18850,0.26388
"U(0.001,0.01), eps=1e-04",0.001,0.01,0.0001,brute,22071,0.28578
"U(0.001,0.01), eps=1e-04",0.001,0.01,0.0001,brute,25843,0.30982
"U(0.001,0.01), eps=1e-04",0.001,0.01,0.0001,brute,30259,0.33688
"U(0.001,0.01), eps=1e-04",0.001,0.01,0.0001,brute,35430,0.36092
"U(0.001,0.01), eps=1e-04",0.001,0.01,0.0001,brute,41484,0.3866
"U(0.001,0.01), eps=1e-04",0.001,0.01,0.0001,brute,48573,0.41608
"U(0.001,0.01), eps=1e-04",0.001,0.01,0.0001,brute,56873,0.44694
"U(0.001,0.01), eps=1e-04",0.001,0.01,0.0001,brute,66591,0.47722
"U(0.001,0.01), eps=1e-04",0.001,0.01,0.0001,brute,77971,0.51052
"U(0.001,0.01), eps=1e-04",0.001,0.01,0.0001,brute,91294,0.5479
"U(0.001,0.01), eps=1e-04",0.001,0.01,0.0001,brute,106895,0.58458
"U(0.001,0.01), eps=1e-04",0.001,0.01,0.0001,brute,125161,0.62204
"U(0.001,0.01), eps=1e-04",0.001,0.01,0.0001,brute,146549,0.66036
"U(0.001,0.01), eps=1e-04",0.001,0.01,0.0001,brute,171591,0.69892
"U(0.001,0.01), eps=1e-04",0.001,0.01,0.0001,brute,200913,0.73632
"U(0.001,0.01), eps=1e-04",0.001,0.01,0.0001,brute,235245,0.77396
"U(0.001,0.01), eps=1e-04",0.001,0.01,0.0001,brute,275444,0.80856
"U(0.001,0.01), eps=1e-04",0.001,0.01,0.0001,brute,322512,0.84144
"U(0.001,0.01), eps=1e-04",0.001,0.01,0.0001,brute,377624,0.87304
"U(0.001,0.01), eps=1e-04",0.001,0.01,0.0001,brute,442152,0.90104
"U(0.001,0.01), eps=1e-04",0.001,0.01,0.0001,brute,517708,0.92682
"U(0.001,0.01), eps=1e-04",0.001,0.01,0.0001,brute,606174,0.94708
"U(0.001,0.01), eps=1e-04",0.001,0.01,0.0001,brute,709757,0.96406
"U(0.001,0.01), eps=1e-04",0.001,0.01,0.0001,brute,831041,0.9769
"U(0.001,0.01), eps=1e-04",0.001,0.01,0.0001,brute,973050,0.98614
"U(0.001,0.01), eps=1e-04",0.001,0.01,0.0001,brute,1139325,0.99212
"U(0.001,0.01), eps=1e-04",0.001,0.01,0.0001,brute,1334013,0.99562
"U(0.001,0.01), eps=1e-04",0.001,0.01,0.0001,brute,1561970,0.9978
"U(0.001,0.01), eps=1e-04",0.001,0.01,0.0001,brute,1828881,0.99924
"U(0.001,0.01), eps=1e-04",0.001,0.01,0.0001,brute,2141401,0.99974
"U(0.001,0.01), eps=1e-04",0.001,0.01,0.0001,ccre,8565,0.18452
"U(0.001,0.01), eps=1e-04",0.001,0.01,0.0001,ccre,10029,0.2071
"U(0.001,0.01), eps=1e-04",0.001,0.01,0.0001,ccre,11743,0.22832
"U(0.001,0.01), eps=1e-04",0.001,0.01,0.0001,ccre,13749,0.25024
"U(0.001,0.01), eps=1e-04",0.001,0.01,0.0001,ccre,16099,0.27338
"U(0.001,0.01), eps=1e-04",0.001,0.01,0.0001,ccre,18850,0.29718
"U(0.001,0.01), eps=1e-04",0.001,0.01,0.0001,ccre,22071,0.31614
"U(0.001,0.01), eps=1e-04",0.001,0.01,0.0001,ccre,25843,0.34938
"U(0.001,0.01), eps=1e-04",0.001,0.01,0.0001,ccre,30259,0.382
"U(0.001,0.01), eps=1e-04",0.001,0.01,0.0001,ccre,35430,0.41002
"U(0.001,0.01), eps=1e-04",0.001,0.01,0.0001,ccre,41484,0.44518
"U(0.001,0.01), eps=1e-04",0.001,0.01,0.0001,ccre,48573,0.48318
"U(0.001,0.01), eps=1e-04",0.001,0.01,0.0001,ccre,56873,0.52152
"U(0.001,0.01), eps=1e-04",0.001,0.01,0.0001,ccre,66591,0.54778
"U(0.001,0.01), eps=1e-04",0.001,0.01,0.0001,ccre,77971,0.60168
"U(0.001,0.01), eps=1e-04",0.001,0.01,0.0001,ccre,91294,0.6407
"U(0.001,0.01), eps=1e-04",0.001,0.01,0.0001,ccre,106895,0.67806
"U(0.001,0.01), eps=1e-04",0.001,0.01,0.0001,ccre,125161,0.71612
"U(0.001,0.01), eps=1e-04",0.001,0.01,0.0001,ccre,146549,0.75274
"U(0.001,0.01), eps=1e-04",0.001,0.01,0.0001,ccre,171591,0.78948
"U(0.001,0.01), eps=1e-04",0.001,0.01,0.0001,ccre,200913,0.82584
"U(0.001,0.01), eps=1e-04",0.001,0.01,0.0001,ccre,235245,0.85762
"U(0.001,0.01), eps=1e-04",0.001,0.01,0.0001,ccre,275444,0.88298
"U(0.001,0.01), eps=1e-04",0.001,0.01,0.0001,ccre,322512,0.90758
"U(0.001,0.01), eps=1e-04",0.001,0.01,0.0001,ccre,377624,0.92758
"U(0.001,0.01), eps=1e-04",0.001,0.01,0.0001,ccre,442152,0.94542
"U(0.001,0.01), eps=1e-04",0.001,0.01,0.0001,ccre,517708,0.96026
"U(0.001,0.01), eps=1e-04",0.001,0.01,0.0001,ccre,606174,0.97286
"U(0.001,0.01), eps=1e-04",0.001,0.01,0.0001,ccre,709757,0.98162
"U(0.001,0.01), eps=1e-04",0.001,0.01,0.0001,ccre,831041,0.98622
"U(0.001,0.01), eps=1e-04",0.001,0.01,0.0001,ccre,973050,0.99024
"U(0.001,0.01), eps=1e-04",0.001,0.01,0.0001,ccre,1139325,0.99284
"U(0.001,0.01), eps=1e-04",0.001,0.01,0.0001,ccre,1334013,0.9955
"U(0.001,0.01), eps=1e-04",0.001,0.01,0.0001,ccre,1561970,0.99676
"U(0.001,0.01), eps=1e-04",0.001,0.01,0.0001,ccre,1828881,0.9977
"U(0.001,0.01), eps=1e-04",0.001,0.01,0.0001,ccre,2141401,0.99794
