setting,scenario_id,eps,budget,point_tag,rule,rule_label,params,tune_block_rates,tune_mean,rate,rate_se,delta_vs_cumulative_pp,delta_se_pp,false_alarm_rate,miss_rate,fired_rate,guess_ratio_median,guess_within_10pct,guess_mean_abs_rel_err,star_ratio_median,star_overshoot,exploration_share_median,n_probes_median,fa_short_median,fa_short_p90,fa_short_p95,fa_within_10pct,R,seed_test,seed_tune_blocks,objective
"U(0.01,0.1), eps=1e-03",narrow_e3,0.001,10000,fixed-budget headline,cumulative,cumulative mean (Algorithm 4),"{""inc"": 1, ""l"": 4, ""m_exploration"": 2, ""safeguard"": 2}","[0.58162, 0.57927]",0.58044,0.579966,0.000755,0.0,0.0,0.77732,0.14202,0.99202,0.88,0.38288,0.242755,0.769231,0.06468,0.044,11.0,5.0,64.0,90.0,0.271986,50000,2024,"42,43","exact P(|phi_hat - phi| < eps) at the chosen (N*, m), averaged over trials"
"U(0.01,0.1), eps=1e-03",narrow_e3,0.001,10000,fixed-budget headline,window,moving-window mean,"{""inc"": 1, ""l"": 6, ""m_exploration"": 1, ""safeguard"": 0, ""w"": 3}","[0.64767, 0.64691]",0.64729,0.646795,0.000625,6.6828,0.0911,0.93908,0.02192,1.0,0.785714,0.18266,0.233929,0.785714,0.02192,0.0301,14.0,7.0,28.0,38.0,0.140265,50000,2024,"42,43","exact P(|phi_hat - phi| < eps) at the chosen (N*, m), averaged over trials"
"U(0.01,0.1), eps=1e-03",narrow_e3,0.001,10000,fixed-budget headline,prepost,"pre/post windows, noise threshold","{""inc"": 3, ""m_exploration"": 2, ""safeguard"": 0, ""w"": 8, ""z"": 1.0}","[0.62339, 0.62293]",0.62316,0.622838,0.000584,4.2872,0.0906,0.76454,0.01856,0.9996,0.789474,0.22346,0.255139,0.789474,0.01856,0.057,10.0,8.0,40.0,59.0,0.055851,50000,2024,"42,43","exact P(|phi_hat - phi| < eps) at the chosen (N*, m), averaged over trials"
"U(0.01,0.1), eps=1e-03",narrow_e3,0.001,10000,fixed-budget headline,threshold,Eq. (3.6) at lag $w$,"{""alpha"": 0.5, ""inc"": 1, ""l"": 4, ""lag"": 2, ""m_exploration"": 1, ""safeguard"": 0}","[0.64678, 0.6458]",0.64629,0.644986,0.000645,6.502,0.0932,0.90074,0.028,1.0,0.734694,0.1833,0.264858,0.734694,0.028,0.0195,10.0,9.0,37.0,50.0,0.097564,50000,2024,"42,43","exact P(|phi_hat - phi| < eps) at the chosen (N*, m), averaged over trials"
"U(0.01,0.1), eps=1e-03",narrow_e3,0.001,10000,fixed-budget headline,pooled,Eq. (3.6) vs. pooled reference,"{""alpha"": 0.5, ""inc"": 5, ""l"": 4, ""m_exploration"": 3, ""safeguard"": 3}","[0.61577, 0.61105]",0.61341,0.61307,0.000752,3.3104,0.1004,0.42814,0.13312,0.99684,0.882353,0.38664,0.174069,0.75,0.0438,0.0495,6.0,8.0,20.0,43.0,0.088896,50000,2024,"42,43","exact P(|phi_hat - phi| < eps) at the chosen (N*, m), averaged over trials"
"U(0.01,0.1), eps=1e-03",narrow_e3,0.001,10000,fixed-budget headline,cusum,CUSUM on the pooled reference,"{""h"": 2.0, ""inc"": 8, ""k_drift"": 0.5, ""m_exploration"": 5, ""safeguard"": 4}","[0.60063, 0.59927]",0.59995,0.597735,0.000845,1.7769,0.1075,0.19926,0.25628,0.9878,0.92,0.43098,0.163183,0.744681,0.08096,0.054,4.0,14.0,49.0,71.0,0.020677,50000,2024,"42,43","exact P(|phi_hat - phi| < eps) at the chosen (N*, m), averaged over trials"
"U(0.01,0.1), eps=1e-03",narrow_e3,0.001,10000,fixed-budget headline,published,"cumulative mean, configuration frozen by the production sweep","{""inc"": 1, ""l"": 4, ""m_exploration"": 2, ""safeguard"": 1}",,,0.574949,0.000878,-0.5017,0.0748,0.77732,0.14202,0.99202,0.88,0.38288,0.242755,0.823529,0.09598,0.044,11.0,5.0,64.0,90.0,0.271986,50000,2024,"42,43","not tuned here: the configuration results/consolidated/winners.csv froze, replayed for reference"
"U(0.01,0.1), eps=1e-03",narrow_e3,0.001,41326,"90% crossing, eps=1e-3",cumulative,cumulative mean (Algorithm 4),"{""inc"": 3, ""l"": 3, ""m_exploration"": 18, ""safeguard"": 2}","[0.89863, 0.89669]",0.89766,0.895041,0.000491,0.0,0.0,0.42656,0.12808,0.9733,0.923077,0.5433,0.188295,0.8125,0.03068,0.058801,6.0,10.0,59.0,79.0,0.083365,50000,2024,"42,43","exact P(|phi_hat - phi| < eps) at the chosen (N*, m), averaged over trials"
"U(0.01,0.1), eps=1e-03",narrow_e3,0.001,41326,"90% crossing, eps=1e-3",window,moving-window mean,"{""inc"": 1, ""l"": 4, ""m_exploration"": 1, ""safeguard"": 0, ""w"": 2}","[0.92685, 0.9258]",0.92633,0.926478,0.000333,3.1436,0.058,0.96484,0.00526,1.0,0.714286,0.12662,0.283853,0.714286,0.00526,0.004138,9.0,9.0,36.0,49.0,0.096348,50000,2024,"42,43","exact P(|phi_hat - phi| < eps) at the chosen (N*, m), averaged over trials"
"U(0.01,0.1), eps=1e-03",narrow_e3,0.001,41326,"90% crossing, eps=1e-3",prepost,"pre/post windows, noise threshold","{""inc"": 2, ""m_exploration"": 5, ""safeguard"": 0, ""w"": 8, ""z"": 1.5}","[0.92982, 0.9291]",0.92946,0.929074,0.000241,3.4033,0.0529,0.8685,0.0049,0.99946,0.833333,0.24982,0.213302,0.833333,0.0049,0.033272,11.0,5.0,32.0,56.0,0.136327,50000,2024,"42,43","exact P(|phi_hat - phi| < eps) at the chosen (N*, m), averaged over trials"
"U(0.01,0.1), eps=1e-03",narrow_e3,0.001,41326,"90% crossing, eps=1e-3",threshold,Eq. (3.6) at lag $w$,"{""alpha"": 0.5, ""inc"": 2, ""l"": 4, ""lag"": 4, ""m_exploration"": 5, ""safeguard"": 6}","[0.92897, 0.92851]",0.92874,0.928358,0.000287,3.3317,0.0553,0.35846,0.49642,1.0,1.0,0.41316,0.178886,0.806287,0.00376,0.033272,11.0,11.0,60.0,76.0,0.268928,50000,2024,"42,43","exact P(|phi_hat - phi| < eps) at the chosen (N*, m), averaged over trials"
"U(0.01,0.1), eps=1e-03",narrow_e3,0.001,41326,"90% crossing, eps=1e-3",pooled,Eq. (3.6) vs. pooled reference,"{""alpha"": 0.5, ""inc"": 3, ""l"": 6, ""m_exploration"": 8, ""safeguard"": 2}","[0.92313, 0.9227]",0.92291,0.923284,0.000382,2.8243,0.059,0.44982,0.11416,0.99486,0.9375,0.65122,0.096729,0.863636,0.01996,0.055171,10.0,5.0,9.0,12.0,0.34974,50000,2024,"42,43","exact P(|phi_hat - phi| < eps) at the chosen (N*, m), averaged over trials"
"U(0.01,0.1), eps=1e-03",narrow_e3,0.001,41326,"90% crossing, eps=1e-3",cusum,CUSUM on the pooled reference,"{""h"": 3.0, ""inc"": 3, ""k_drift"": 0.25, ""m_exploration"": 12, ""safeguard"": 2}","[0.91515, 0.91197]",0.91356,0.912665,0.000429,1.7624,0.0619,0.43848,0.14354,0.98844,0.931034,0.57012,0.153766,0.842105,0.025,0.048783,7.0,7.0,43.0,66.0,0.139892,50000,2024,"42,43","exact P(|phi_hat - phi| < eps) at the chosen (N*, m), averaged over trials"
"U(0.01,0.1), eps=1e-03",narrow_e3,0.001,41326,"90% crossing, eps=1e-3",published,"cumulative mean, configuration frozen by the production sweep","{""inc"": 2, ""l"": 3, ""m_exploration"": 15, ""safeguard"": 2}",,,0.896924,0.000462,0.1883,0.0634,0.52146,0.12594,0.97504,0.928571,0.54648,0.204074,0.826087,0.02178,0.053356,7.0,11.0,59.0,82.0,0.17359,50000,2024,"42,43","not tuned here: the configuration results/consolidated/winners.csv froze, replayed for reference"
"U(0.01,0.1), eps=1e-04",narrow_e4,0.0001,2917365,"90% crossing, eps=1e-4",cumulative,cumulative mean (Algorithm 4),"{""inc"": 1, ""l"": 8, ""m_exploration"": 168, ""safeguard"": 1}","[0.90307, 0.90246]",0.90277,0.90244,0.000365,0.0,0.0,0.30358,0.10858,0.99624,1.0,0.9011,0.043733,0.958333,0.00724,0.030233,21.0,1.0,23.0,46.0,0.674221,50000,2024,"42,43","exact P(|phi_hat - phi| < eps) at the chosen (N*, m), averaged over trials"
"U(0.01,0.1), eps=1e-04",narrow_e4,0.0001,2917365,"90% crossing, eps=1e-4",window,moving-window mean,"{""inc"": 1, ""l"": 6, ""m_exploration"": 168, ""safeguard"": 2, ""w"": 4}","[0.89182, 0.88879]",0.89031,0.889188,0.000454,-1.3252,0.0438,0.36958,0.23032,0.9983,1.0,0.85458,0.071815,0.914286,0.0108,0.024359,18.0,2.0,38.0,60.0,0.608583,50000,2024,"42,43","exact P(|phi_hat - phi| < eps) at the chosen (N*, m), averaged over trials"
"U(0.01,0.1), eps=1e-04",narrow_e4,0.0001,2917365,"90% crossing, eps=1e-4",prepost,"pre/post windows, noise threshold","{""inc"": 1, ""m_exploration"": 168, ""safeguard"": 0, ""w"": 8, ""z"": 3.0}","[0.89763, 0.89621]",0.89692,0.896347,0.000374,-0.6092,0.0249,0.96574,0.00486,0.9963,0.884615,0.44892,0.11273,0.884615,0.00486,0.024359,18.0,3.0,4.0,5.0,0.42937,50000,2024,"42,43","exact P(|phi_hat - phi| < eps) at the chosen (N*, m), averaged over trials"
"U(0.01,0.1), eps=1e-04",narrow_e4,0.0001,2917365,"90% crossing, eps=1e-4",threshold,Eq. (3.6) at lag $w$,"{""alpha"": 0.2, ""inc"": 1, ""l"": 4, ""lag"": 4, ""m_exploration"": 168, ""safeguard"": 3}","[0.8998, 0.89976]",0.89978,0.899549,0.000308,-0.2891,0.0301,0.18512,0.51134,0.99938,1.011236,0.81432,0.075082,0.909091,0.00144,0.022516,17.0,6.0,61.0,81.0,0.467264,50000,2024,"42,43","exact P(|phi_hat - phi| < eps) at the chosen (N*, m), averaged over trials"
"U(0.01,0.1), eps=1e-04",narrow_e4,0.0001,2917365,"90% crossing, eps=1e-4",pooled,Eq. (3.6) vs. pooled reference,"{""alpha"": 0.5, ""inc"": 1, ""l"": 8, ""m_exploration"": 46, ""safeguard"": 1}","[0.91048, 0.90915]",0.90982,0.909547,0.000355,0.7107,0.0253,0.46816,0.07566,0.99672,1.0,0.94358,0.034509,0.954545,0.0037,0.008278,21.0,1.0,3.0,12.0,0.879785,50000,2024,"42,43","exact P(|phi_hat - phi| < eps) at the chosen (N*, m), averaged over trials"
"U(0.01,0.1), eps=1e-04",narrow_e4,0.0001,2917365,"90% crossing, eps=1e-4",cusum,CUSUM on the pooled reference,"{""h"": 4.0, ""inc"": 1, ""k_drift"": 0.5, ""m_exploration"": 168, ""safeguard"": 1}","[0.90345, 0.90186]",0.90265,0.901558,0.000376,-0.0882,0.0303,0.26156,0.27246,0.99746,1.0,0.87348,0.052333,0.96,0.02006,0.020731,16.0,3.0,27.0,52.0,0.516287,50000,2024,"42,43","exact P(|phi_hat - phi| < eps) at the chosen (N*, m), averaged over trials"
"U(0.01,0.1), eps=1e-04",narrow_e4,0.0001,2917365,"90% crossing, eps=1e-4",published,"cumulative mean, configuration frozen by the production sweep","{""inc"": 1, ""l"": 8, ""m_exploration"": 176, ""safeguard"": 1}",,,0.902671,0.000355,0.0231,0.0272,0.30246,0.10938,0.9964,1.0,0.90354,0.042978,0.958333,0.00604,0.031672,21.0,1.0,22.0,45.0,0.681082,50000,2024,"42,43","not tuned here: the configuration results/consolidated/winners.csv froze, replayed for reference"
"U(0.01,0.1), eps=1e-05",narrow_e5,1e-05,291736555,"90% crossing, eps=1e-5",cumulative,cumulative mean (Algorithm 4),"{""inc"": 1, ""l"": 8, ""m_exploration"": 484, ""safeguard"": 1}","[0.90758, 0.90701]",0.90729,0.907265,0.000378,0.0,0.0,0.32996,0.07528,0.99624,1.0,0.88612,0.04824,0.954545,0.00342,0.000871,21.0,2.0,23.0,47.0,0.654867,50000,2024,"42,43","exact P(|phi_hat - phi| < eps) at the chosen (N*, m), averaged over trials"
"U(0.01,0.1), eps=1e-05",narrow_e5,1e-05,291736555,"90% crossing, eps=1e-5",window,moving-window mean,"{""inc"": 1, ""l"": 6, ""m_exploration"": 2835, ""safeguard"": 1, ""w"": 2}","[0.91024, 0.90853]",0.90939,0.909241,0.000359,0.1975,0.0256,0.40726,0.0767,0.99738,1.0,0.91434,0.037384,0.952381,0.00256,0.004431,19.0,1.0,4.0,16.0,0.789668,50000,2024,"42,43","exact P(|phi_hat - phi| < eps) at the chosen (N*, m), averaged over trials"
"U(0.01,0.1), eps=1e-05",narrow_e5,1e-05,291736555,"90% crossing, eps=1e-5",prepost,"pre/post windows, noise threshold","{""inc"": 1, ""m_exploration"": 16591, ""safeguard"": 1, ""w"": 1, ""z"": 3.0}","[0.91427, 0.91261]",0.91344,0.913352,0.000304,0.6086,0.0299,0.03162,0.21132,0.99968,1.0,0.97244,0.017678,0.966667,0.00136,0.018767,15.0,21.0,74.0,92.0,0.1284,50000,2024,"42,43","exact P(|phi_hat - phi| < eps) at the chosen (N*, m), averaged over trials"
"U(0.01,0.1), eps=1e-05",narrow_e5,1e-05,291736555,"90% crossing, eps=1e-5",threshold,Eq. (3.6) at lag $w$,"{""alpha"": 0.05, ""inc"": 1, ""l"": 3, ""lag"": 2, ""m_exploration"": 6859, ""safeguard"": 1}","[0.91597, 0.91465]",0.91531,0.914921,0.00033,0.7656,0.0276,0.08286,0.1962,0.99842,1.0,0.99418,0.011092,0.966667,0.00226,0.009193,17.0,1.0,2.0,7.0,0.929761,50000,2024,"42,43","exact P(|phi_hat - phi| < eps) at the chosen (N*, m), averaged over trials"
"U(0.01,0.1), eps=1e-05",narrow_e5,1e-05,291736555,"90% crossing, eps=1e-5",pooled,Eq. (3.6) vs. pooled reference,"{""alpha"": 0.05, ""inc"": 1, ""l"": 3, ""m_exploration"": 5565, ""safeguard"": 1}","[0.91693, 0.91592]",0.91643,0.915991,0.000321,0.8725,0.0249,0.02844,0.2347,0.99812,1.0,0.99746,0.008381,0.96875,0.00178,0.007458,17.0,1.0,2.0,19.0,0.910689,50000,2024,"42,43","exact P(|phi_hat - phi| < eps) at the chosen (N*, m), averaged over trials"
"U(0.01,0.1), eps=1e-05",narrow_e5,1e-05,291736555,"90% crossing, eps=1e-5",cusum,CUSUM on the pooled reference,"{""h"": 4.0, ""inc"": 1, ""k_drift"": 1.0, ""m_exploration"": 2835, ""safeguard"": 1}","[0.91671, 0.91513]",0.91592,0.915873,0.000312,0.8608,0.0259,0.12164,0.2063,0.9986,1.0,0.98208,0.013255,0.965517,0.00098,0.003207,15.0,1.0,3.0,4.0,0.85268,50000,2024,"42,43","exact P(|phi_hat - phi| < eps) at the chosen (N*, m), averaged over trials"
"U(0.01,0.1), eps=1e-05",narrow_e5,1e-05,291736555,"90% crossing, eps=1e-5",published,"cumulative mean, configuration frozen by the production sweep","{""inc"": 1, ""l"": 12, ""m_exploration"": 5565, ""safeguard"": 1}",,,0.904269,0.000442,-0.2997,0.0289,0.3974,0.03088,0.9931,1.0,0.90672,0.032627,0.952381,0.00638,0.012876,25.0,1.0,4.0,6.0,0.765274,50000,2024,"42,43","not tuned here: the configuration results/consolidated/winners.csv froze, replayed for reference"
"U(0.001,0.01), eps=1e-04",small_e4,0.0001,394843,"deep prior, U(0.001,0.01)",cumulative,cumulative mean (Algorithm 4),"{""inc"": 1, ""l"": 12, ""m_exploration"": 1, ""safeguard"": 12}","[0.90871, 0.90961]",0.90916,0.908393,0.000322,0.0,0.0,0.94206,0.04642,0.9997,0.899606,0.49826,0.219724,0.849348,0.01418,0.026707,57.0,28.0,665.0,923.0,0.468654,50000,2024,"42,43","exact P(|phi_hat - phi| < eps) at the chosen (N*, m), averaged over trials"
"U(0.001,0.01), eps=1e-04",small_e4,0.0001,394843,"deep prior, U(0.001,0.01)",window,moving-window mean,"{""inc"": 2, ""l"": 12, ""m_exploration"": 1, ""safeguard"": 3, ""w"": 6}","[0.93148, 0.9309]",0.93119,0.930813,0.000273,2.242,0.0384,0.98056,0.0037,0.99986,0.80198,0.17652,0.196757,0.792871,0.00212,0.024164,47.0,61.0,227.0,312.0,0.161357,50000,2024,"42,43","exact P(|phi_hat - phi| < eps) at the chosen (N*, m), averaged over trials"
"U(0.001,0.01), eps=1e-04",small_e4,0.0001,394843,"deep prior, U(0.001,0.01)",prepost,"pre/post windows, noise threshold","{""inc"": 8, ""m_exploration"": 3, ""safeguard"": 3, ""w"": 12, ""z"": 1.5}","[0.91867, 0.9175]",0.91809,0.918943,0.000278,1.055,0.0396,0.9207,0.00826,0.99956,0.826613,0.26586,0.25121,0.814815,0.00576,0.028546,17.0,55.0,462.0,696.0,0.203041,50000,2024,"42,43","exact P(|phi_hat - phi| < eps) at the chosen (N*, m), averaged over trials"
"U(0.001,0.01), eps=1e-04",small_e4,0.0001,394843,"deep prior, U(0.001,0.01)",threshold,Eq. (3.6) at lag $w$,"{""alpha"": 0.5, ""inc"": 2, ""l"": 8, ""lag"": 2, ""m_exploration"": 1, ""safeguard"": 1}","[0.92706, 0.92743]",0.92725,0.927156,0.000281,1.8763,0.04,0.9707,0.01526,1.0,0.734375,0.13746,0.25349,0.73141,0.00826,0.014682,31.0,83.0,305.0,415.0,0.112166,50000,2024,"42,43","exact P(|phi_hat - phi| < eps) at the chosen (N*, m), averaged over trials"
"U(0.001,0.01), eps=1e-04",small_e4,0.0001,394843,"deep prior, U(0.001,0.01)",pooled,Eq. (3.6) vs. pooled reference,"{""alpha"": 0.5, ""inc"": 3, ""l"": 8, ""m_exploration"": 2, ""safeguard"": 8}","[0.9172, 0.91462]",0.91591,0.915392,0.000431,0.6999,0.0489,0.94678,0.02252,0.99832,0.898718,0.48756,0.187451,0.86875,0.0088,0.029232,29.0,33.0,511.2,882.0,0.465008,50000,2024,"42,43","exact P(|phi_hat - phi| < eps) at the chosen (N*, m), averaged over trials"
"U(0.001,0.01), eps=1e-04",small_e4,0.0001,394843,"deep prior, U(0.001,0.01)",cusum,CUSUM on the pooled reference,"{""h"": 6.0, ""inc"": 5, ""k_drift"": 0.25, ""m_exploration"": 2, ""safeguard"": 24}","[0.90864, 0.90689]",0.90777,0.907745,0.000468,-0.0648,0.0548,0.66528,0.2628,0.98514,0.934783,0.5778,0.156058,0.83871,0.03382,0.033345,29.0,42.0,311.0,483.0,0.382365,50000,2024,"42,43","exact P(|phi_hat - phi| < eps) at the chosen (N*, m), averaged over trials"
"U(0.001,0.01), eps=1e-04",small_e4,0.0001,394843,"deep prior, U(0.001,0.01)",published,"cumulative mean, configuration frozen by the production sweep","{""inc"": 1, ""l"": 12, ""m_exploration"": 1, ""safeguard"": 12}",,,0.908393,0.000322,0.0,0.0,0.94206,0.04642,0.9997,0.899606,0.49826,0.219724,0.849348,0.01418,0.026707,57.0,28.0,665.0,923.0,0.468654,50000,2024,"42,43","not tuned here: the configuration results/consolidated/winners.csv froze, replayed for reference"
"U(0.01,pi/4), eps=1e-03",broad_pi4_e3,0.001,312031,"broad prior, U(0.01,pi/4)",cumulative,cumulative mean (Algorithm 4),"{""inc"": 1, ""l"": 2, ""m_exploration"": 596, ""safeguard"": 0}","[0.90945, 0.90655]",0.908,0.907899,0.000492,0.0,0.0,0.40234,0.01736,0.98828,1.0,0.57882,0.228531,1.0,0.01736,0.017191,3.0,3.0,26.0,45.0,0.009892,50000,2024,"42,43","exact P(|phi_hat - phi| < eps) at the chosen (N*, m), averaged over trials"
"U(0.01,pi/4), eps=1e-03",broad_pi4_e3,0.001,312031,"broad prior, U(0.01,pi/4)",window,moving-window mean,"{""inc"": 1, ""l"": 2, ""m_exploration"": 596, ""safeguard"": 0, ""w"": 1}","[0.91798, 0.91859]",0.91829,0.917722,0.000447,0.9823,0.0431,0.43546,0.01196,0.99972,1.0,0.55942,0.22399,1.0,0.01196,0.026741,4.0,3.0,29.0,51.0,0.014605,50000,2024,"42,43","exact P(|phi_hat - phi| < eps) at the chosen (N*, m), averaged over trials"
"U(0.01,pi/4), eps=1e-03",broad_pi4_e3,0.001,312031,"broad prior, U(0.01,pi/4)",prepost,"pre/post windows, noise threshold","{""inc"": 1, ""m_exploration"": 153, ""safeguard"": 0, ""w"": 2, ""z"": 1.5}","[0.93187, 0.93164]",0.93175,0.931477,0.000261,2.3578,0.0514,0.48336,0.00242,0.9996,1.0,0.54152,0.176604,1.0,0.00242,0.006865,4.0,1.0,20.0,40.0,0.052259,50000,2024,"42,43","exact P(|phi_hat - phi| < eps) at the chosen (N*, m), averaged over trials"
"U(0.01,pi/4), eps=1e-03",broad_pi4_e3,0.001,312031,"broad prior, U(0.01,pi/4)",threshold,Eq. (3.6) at lag $w$,"{""alpha"": 0.2, ""inc"": 1, ""l"": 2, ""lag"": 2, ""m_exploration"": 43, ""safeguard"": 1}","[0.92788, 0.92662]",0.92725,0.926633,0.000252,1.8734,0.0513,0.24322,0.42564,1.0,1.0,0.35292,0.305103,0.833333,0.0012,0.001929,4.0,5.0,41.0,63.0,0.034125,50000,2024,"42,43","exact P(|phi_hat - phi| < eps) at the chosen (N*, m), averaged over trials"
"U(0.01,pi/4), eps=1e-03",broad_pi4_e3,0.001,312031,"broad prior, U(0.01,pi/4)",pooled,Eq. (3.6) vs. pooled reference,"{""alpha"": 0.5, ""inc"": 1, ""l"": 3, ""m_exploration"": 541, ""safeguard"": 0}","[0.91882, 0.91849]",0.91865,0.917944,0.000471,1.0045,0.0591,0.3758,0.01436,0.99372,1.0,0.61942,0.177405,1.0,0.01436,0.034676,5.0,2.0,27.0,47.0,0.035444,50000,2024,"42,43","exact P(|phi_hat - phi| < eps) at the chosen (N*, m), averaged over trials"
"U(0.01,pi/4), eps=1e-03",broad_pi4_e3,0.001,312031,"broad prior, U(0.01,pi/4)",cusum,CUSUM on the pooled reference,"{""h"": 2.0, ""inc"": 1, ""k_drift"": 0.25, ""m_exploration"": 596, ""safeguard"": 0}","[0.91924, 0.91653]",0.91788,0.917592,0.000492,0.9693,0.039,0.3588,0.01648,0.9872,1.0,0.62808,0.17433,1.0,0.01648,0.017191,3.0,2.0,24.0,44.0,0.033278,50000,2024,"42,43","exact P(|phi_hat - phi| < eps) at the chosen (N*, m), averaged over trials"
"U(0.01,pi/4), eps=1e-03",broad_pi4_e3,0.001,312031,"broad prior, U(0.01,pi/4)",published,"cumulative mean, configuration frozen by the production sweep","{""inc"": 1, ""l"": 4, ""m_exploration"": 596, ""safeguard"": 0}",,,0.905229,0.000571,-0.267,0.0319,0.31956,0.02526,0.96742,1.0,0.65208,0.159452,1.0,0.02526,0.051572,6.0,2.0,17.0,33.0,0.040431,50000,2024,"42,43","not tuned here: the configuration results/consolidated/winners.csv froze, replayed for reference"
"U(0.01,0.1), eps=1e-03",narrow_e3,0.001,14538,"crossing sweep, eps=1e-3",cumulative,cumulative mean (Algorithm 4),"{""inc"": 1, ""l"": 5, ""m_exploration"": 2, ""safeguard"": 3}","[0.67158, 0.66803]",0.66981,0.668384,0.000793,0.0,0.0,0.73184,0.18204,0.99078,0.9,0.4371,0.200156,0.75,0.06802,0.037557,13.0,4.0,57.0,88.0,0.321245,50000,2024,"42,43","exact P(|phi_hat - phi| < eps) at the chosen (N*, m), averaged over trials"
"U(0.01,0.1), eps=1e-03",narrow_e3,0.001,14538,"crossing sweep, eps=1e-3",window,moving-window mean,"{""inc"": 1, ""l"": 6, ""m_exploration"": 1, ""safeguard"": 0, ""w"": 3}","[0.73785, 0.73605]",0.73695,0.736544,0.00065,6.8159,0.0954,0.93928,0.02244,1.0,0.785714,0.18278,0.235253,0.785714,0.02244,0.020704,14.0,7.0,28.0,38.0,0.141151,50000,2024,"42,43","exact P(|phi_hat - phi| < eps) at the chosen (N*, m), averaged over trials"
"U(0.01,0.1), eps=1e-03",narrow_e3,0.001,14538,"crossing sweep, eps=1e-3",prepost,"pre/post windows, noise threshold","{""inc"": 3, ""m_exploration"": 4, ""safeguard"": 0, ""w"": 6, ""z"": 1.5}","[0.72035, 0.72105]",0.7207,0.721273,0.00055,5.2889,0.0902,0.69736,0.02232,0.99666,0.84507,0.32614,0.198628,0.84507,0.02232,0.066859,9.0,6.0,36.0,59.0,0.11099,50000,2024,"42,43","exact P(|phi_hat - phi| < eps) at the chosen (N*, m), averaged over trials"
"U(0.01,0.1), eps=1e-03",narrow_e3,0.001,14538,"crossing sweep, eps=1e-3",threshold,Eq. (3.6) at lag $w$,"{""alpha"": 0.5, ""inc"": 1, ""l"": 4, ""lag"": 2, ""m_exploration"": 1, ""safeguard"": 0}","[0.73426, 0.73223]",0.73325,0.732566,0.000636,6.4182,0.0955,0.90052,0.0285,1.0,0.733333,0.18118,0.265558,0.733333,0.0285,0.013413,10.0,9.0,37.0,50.0,0.095456,50000,2024,"42,43","exact P(|phi_hat - phi| < eps) at the chosen (N*, m), averaged over trials"
"U(0.01,0.1), eps=1e-03",narrow_e3,0.001,14538,"crossing sweep, eps=1e-3",pooled,Eq. (3.6) vs. pooled reference,"{""alpha"": 0.5, ""inc"": 5, ""l"": 4, ""m_exploration"": 4, ""safeguard"": 3}","[0.7112, 0.70882]",0.71001,0.709897,0.000688,4.1513,0.0976,0.38316,0.14294,0.99694,0.892857,0.43702,0.150805,0.775,0.03344,0.05778,7.0,8.0,20.0,43.0,0.111233,50000,2024,"42,43","exact P(|phi_hat - phi| < eps) at the chosen (N*, m), averaged over trials"
"U(0.01,0.1), eps=1e-03",narrow_e3,0.001,14538,"crossing sweep, eps=1e-3",cusum,CUSUM on the pooled reference,"{""h"": 3.0, ""inc"": 3, ""k_drift"": 0.25, ""m_exploration"": 4, ""safeguard"": 3}","[0.69737, 0.69169]",0.69453,0.69334,0.000682,2.4956,0.0989,0.52734,0.1664,0.9868,0.882353,0.43966,0.17911,0.75,0.04274,0.046224,7.0,7.0,36.0,58.0,0.105359,50000,2024,"42,43","exact P(|phi_hat - phi| < eps) at the chosen (N*, m), averaged over trials"
"U(0.01,0.1), eps=1e-03",narrow_e3,0.001,14538,"crossing sweep, eps=1e-3",published,"cumulative mean, configuration frozen by the production sweep","{""inc"": 1, ""l"": 3, ""m_exploration"": 4, ""safeguard"": 2}",,,0.667184,0.000539,-0.12,0.0928,0.81588,0.09308,0.99144,0.833333,0.36792,0.281473,0.742857,0.02646,0.040721,8.0,6.0,64.0,92.0,0.252635,50000,2024,"42,43","not tuned here: the configuration results/consolidated/winners.csv froze, replayed for reference"
"U(0.01,0.1), eps=1e-03",narrow_e3,0.001,20594,"crossing sweep, eps=1e-3",cumulative,cumulative mean (Algorithm 4),"{""inc"": 1, ""l"": 5, ""m_exploration"": 3, ""safeguard"": 3}","[0.75965, 0.75487]",0.75726,0.75399,0.000757,0.0,0.0,0.71066,0.17892,0.98362,0.923077,0.5215,0.17064,0.787879,0.06022,0.039769,13.0,3.0,39.0,84.0,0.395857,50000,2024,"42,43","exact P(|phi_hat - phi| < eps) at the chosen (N*, m), averaged over trials"
"U(0.01,0.1), eps=1e-03",narrow_e3,0.001,20594,"crossing sweep, eps=1e-3",window,moving-window mean,"{""inc"": 1, ""l"": 6, ""m_exploration"": 1, ""safeguard"": 0, ""w"": 3}","[0.81224, 0.81]",0.81112,0.810683,0.000641,5.6693,0.0937,0.93928,0.02244,1.0,0.785714,0.18278,0.235253,0.785714,0.02244,0.014616,14.0,7.0,28.0,38.0,0.141151,50000,2024,"42,43","exact P(|phi_hat - phi| < eps) at the chosen (N*, m), averaged over trials"
"U(0.01,0.1), eps=1e-03",narrow_e3,0.001,20594,"crossing sweep, eps=1e-3",prepost,"pre/post windows, noise threshold","{""inc"": 3, ""m_exploration"": 3, ""safeguard"": 0, ""w"": 8, ""z"": 1.5}","[0.80487, 0.80272]",0.80379,0.804606,0.000496,5.0616,0.0858,0.74954,0.01692,0.99702,0.833333,0.2682,0.208539,0.833333,0.01692,0.041517,10.0,7.0,25.0,45.0,0.097473,50000,2024,"42,43","exact P(|phi_hat - phi| < eps) at the chosen (N*, m), averaged over trials"
"U(0.01,0.1), eps=1e-03",narrow_e3,0.001,20594,"crossing sweep, eps=1e-3",threshold,Eq. (3.6) at lag $w$,"{""alpha"": 0.5, ""inc"": 2, ""l"": 4, ""lag"": 4, ""m_exploration"": 3, ""safeguard"": 6}","[0.81013, 0.81118]",0.81065,0.810216,0.00048,5.6226,0.0844,0.39218,0.49382,1.0,1.0,0.35196,0.192531,0.794118,0.0095,0.04006,11.0,11.0,55.0,69.0,0.229027,50000,2024,"42,43","exact P(|phi_hat - phi| < eps) at the chosen (N*, m), averaged over trials"
"U(0.01,0.1), eps=1e-03",narrow_e3,0.001,20594,"crossing sweep, eps=1e-3",pooled,Eq. (3.6) vs. pooled reference,"{""alpha"": 0.5, ""inc"": 3, ""l"": 4, ""m_exploration"": 6, ""safeguard"": 2}","[0.7931, 0.79309]",0.79309,0.792169,0.000568,3.818,0.0884,0.5035,0.10576,0.99182,0.914634,0.55242,0.137946,0.833333,0.01892,0.059435,8.0,5.0,32.0,53.0,0.227567,50000,2024,"42,43","exact P(|phi_hat - phi| < eps) at the chosen (N*, m), averaged over trials"
"U(0.01,0.1), eps=1e-03",narrow_e3,0.001,20594,"crossing sweep, eps=1e-3",cusum,CUSUM on the pooled reference,"{""h"": 2.0, ""inc"": 5, ""k_drift"": 0.5, ""m_exploration"": 9, ""safeguard"": 3}","[0.77867, 0.77773]",0.7782,0.777377,0.000665,2.3387,0.0964,0.26482,0.23694,0.98582,0.9375,0.54452,0.144266,0.809524,0.05572,0.054628,5.0,10.0,53.0,76.0,0.055207,50000,2024,"42,43","exact P(|phi_hat - phi| < eps) at the chosen (N*, m), averaged over trials"
"U(0.01,0.1), eps=1e-03",narrow_e3,0.001,20594,"crossing sweep, eps=1e-3",published,"cumulative mean, configuration frozen by the production sweep","{""inc"": 1, ""l"": 6, ""m_exploration"": 3, ""safeguard"": 3}",,,0.750906,0.000841,-0.3084,0.0402,0.67868,0.19954,0.97298,0.9375,0.56324,0.140062,0.8,0.07128,0.048072,15.0,3.0,20.0,69.0,0.441268,50000,2024,"42,43","not tuned here: the configuration results/consolidated/winners.csv froze, replayed for reference"
"U(0.01,0.1), eps=1e-03",narrow_e3,0.001,29173,"crossing sweep, eps=1e-3",cumulative,cumulative mean (Algorithm 4),"{""inc"": 3, ""l"": 4, ""m_exploration"": 9, ""safeguard"": 3}","[0.83412, 0.83243]",0.83328,0.832455,0.000694,0.0,0.0,0.3887,0.19994,0.97608,0.9375,0.5963,0.139722,0.807692,0.06068,0.062935,8.0,5.0,40.0,60.0,0.157242,50000,2024,"42,43","exact P(|phi_hat - phi| < eps) at the chosen (N*, m), averaged over trials"
"U(0.01,0.1), eps=1e-03",narrow_e3,0.001,29173,"crossing sweep, eps=1e-3",window,moving-window mean,"{""inc"": 1, ""l"": 4, ""m_exploration"": 1, ""safeguard"": 0, ""w"": 2}","[0.8754, 0.87404]",0.87472,0.874965,0.000387,4.251,0.0758,0.96484,0.00526,1.0,0.714286,0.12662,0.283853,0.714286,0.00526,0.005862,9.0,9.0,36.0,49.0,0.096348,50000,2024,"42,43","exact P(|phi_hat - phi| < eps) at the chosen (N*, m), averaged over trials"
"U(0.01,0.1), eps=1e-03",narrow_e3,0.001,29173,"crossing sweep, eps=1e-3",prepost,"pre/post windows, noise threshold","{""inc"": 2, ""m_exploration"": 4, ""safeguard"": 0, ""w"": 8, ""z"": 1.5}","[0.8758, 0.87389]",0.87485,0.874015,0.000369,4.1559,0.0743,0.84422,0.01036,0.99926,0.835173,0.27502,0.212878,0.835173,0.01036,0.037706,11.0,6.0,34.0,57.0,0.141551,50000,2024,"42,43","exact P(|phi_hat - phi| < eps) at the chosen (N*, m), averaged over trials"
"U(0.01,0.1), eps=1e-03",narrow_e3,0.001,29173,"crossing sweep, eps=1e-3",threshold,Eq. (3.6) at lag $w$,"{""alpha"": 0.5, ""inc"": 2, ""l"": 4, ""lag"": 4, ""m_exploration"": 3, ""safeguard"": 6}","[0.87721, 0.87892]",0.87806,0.87787,0.000445,4.5414,0.0779,0.39218,0.49382,1.0,1.0,0.35196,0.192531,0.794118,0.0095,0.02828,11.0,11.0,55.0,69.0,0.229027,50000,2024,"42,43","exact P(|phi_hat - phi| < eps) at the chosen (N*, m), averaged over trials"
"U(0.01,0.1), eps=1e-03",narrow_e3,0.001,29173,"crossing sweep, eps=1e-3",pooled,Eq. (3.6) vs. pooled reference,"{""alpha"": 0.5, ""inc"": 3, ""l"": 4, ""m_exploration"": 7, ""safeguard"": 2}","[0.86812, 0.86748]",0.8678,0.867024,0.000447,3.4569,0.0774,0.50096,0.10132,0.99786,0.918367,0.56798,0.136975,0.842105,0.01514,0.048949,8.0,5.0,34.0,53.65,0.248203,50000,2024,"42,43","exact P(|phi_hat - phi| < eps) at the chosen (N*, m), averaged over trials"
"U(0.01,0.1), eps=1e-03",narrow_e3,0.001,29173,"crossing sweep, eps=1e-3",cusum,CUSUM on the pooled reference,"{""h"": 3.0, ""inc"": 3, ""k_drift"": 0.25, ""m_exploration"": 7, ""safeguard"": 3}","[0.85497, 0.85257]",0.85377,0.853114,0.000463,2.0658,0.0796,0.47854,0.15574,0.994,0.913043,0.51768,0.162861,0.782609,0.02292,0.040311,7.0,7.0,39.0,64.0,0.130062,50000,2024,"42,43","exact P(|phi_hat - phi| < eps) at the chosen (N*, m), averaged over trials"
"U(0.01,0.1), eps=1e-03",narrow_e3,0.001,29173,"crossing sweep, eps=1e-3",published,"cumulative mean, configuration frozen by the production sweep","{""inc"": 3, ""l"": 4, ""m_exploration"": 9, ""safeguard"": 3}",,,0.832455,0.000694,0.0,0.0,0.3887,0.19994,0.97608,0.9375,0.5963,0.139722,0.807692,0.06068,0.062935,8.0,5.0,40.0,60.0,0.157242,50000,2024,"42,43","not tuned here: the configuration results/consolidated/winners.csv froze, replayed for reference"
"U(0.01,0.1), eps=1e-03",narrow_e3,0.001,58543,"crossing sweep, eps=1e-3",cumulative,cumulative mean (Algorithm 4),"{""inc"": 2, ""l"": 2, ""m_exploration"": 30, ""safeguard"": 1}","[0.94515, 0.9461]",0.94562,0.945034,0.00027,0.0,0.0,0.65394,0.05738,0.99358,0.771429,0.37596,0.306489,0.734694,0.0095,0.048682,5.0,16.0,71.0,93.0,0.055693,50000,2024,"42,43","exact P(|phi_hat - phi| < eps) at the chosen (N*, m), averaged over trials"
"U(0.01,0.1), eps=1e-03",narrow_e3,0.001,58543,"crossing sweep, eps=1e-3",window,moving-window mean,"{""inc"": 1, ""l"": 3, ""m_exploration"": 1, ""safeguard"": 0, ""w"": 1}","[0.96225, 0.96144]",0.96184,0.96185,0.000168,1.6817,0.0312,0.97416,0.00114,1.0,0.666667,0.10122,0.328988,0.666667,0.00114,0.002152,7.0,10.0,42.0,58.0,0.078036,50000,2024,"42,43","exact P(|phi_hat - phi| < eps) at the chosen (N*, m), averaged over trials"
"U(0.01,0.1), eps=1e-03",narrow_e3,0.001,58543,"crossing sweep, eps=1e-3",prepost,"pre/post windows, noise threshold","{""inc"": 2, ""m_exploration"": 5, ""safeguard"": 0, ""w"": 8, ""z"": 1.5}","[0.96621, 0.96542]",0.96582,0.965389,0.00019,2.0356,0.0321,0.8685,0.0049,0.99946,0.833333,0.24982,0.213302,0.833333,0.0049,0.023487,11.0,5.0,32.0,56.0,0.136327,50000,2024,"42,43","exact P(|phi_hat - phi| < eps) at the chosen (N*, m), averaged over trials"
"U(0.01,0.1), eps=1e-03",narrow_e3,0.001,58543,"crossing sweep, eps=1e-3",threshold,Eq. (3.6) at lag $w$,"{""alpha"": 0.5, ""inc"": 2, ""l"": 4, ""lag"": 4, ""m_exploration"": 5, ""safeguard"": 6}","[0.96464, 0.96439]",0.96451,0.964217,0.000243,1.9183,0.0357,0.35846,0.49642,1.0,1.0,0.41316,0.178886,0.806287,0.00376,0.023487,11.0,11.0,60.0,76.0,0.268928,50000,2024,"42,43","exact P(|phi_hat - phi| < eps) at the chosen (N*, m), averaged over trials"
"U(0.01,0.1), eps=1e-03",narrow_e3,0.001,58543,"crossing sweep, eps=1e-3",pooled,Eq. (3.6) vs. pooled reference,"{""alpha"": 0.5, ""inc"": 2, ""l"": 6, ""m_exploration"": 8, ""safeguard"": 2}","[0.96381, 0.96265]",0.96323,0.962543,0.000298,1.7509,0.0392,0.5699,0.09868,0.99678,0.939394,0.70232,0.087638,0.870968,0.01108,0.042635,12.0,3.0,7.0,12.0,0.495561,50000,2024,"42,43","exact P(|phi_hat - phi| < eps) at the chosen (N*, m), averaged over trials"
"U(0.01,0.1), eps=1e-03",narrow_e3,0.001,58543,"crossing sweep, eps=1e-3",cusum,CUSUM on the pooled reference,"{""h"": 4.0, ""inc"": 3, ""k_drift"": 0.25, ""m_exploration"": 13, ""safeguard"": 3}","[0.95605, 0.95539]",0.95572,0.955466,0.000221,1.0433,0.0335,0.41802,0.15426,0.99372,0.9375,0.60096,0.134374,0.807692,0.01414,0.037306,7.0,7.0,26.0,43.0,0.166643,50000,2024,"42,43","exact P(|phi_hat - phi| < eps) at the chosen (N*, m), averaged over trials"
"U(0.01,0.1), eps=1e-03",narrow_e3,0.001,58543,"crossing sweep, eps=1e-3",published,"cumulative mean, configuration frozen by the production sweep","{""inc"": 3, ""l"": 2, ""m_exploration"": 30, ""safeguard"": 1}",,,0.943063,0.000374,-0.1971,0.0456,0.54982,0.06846,0.99074,0.833333,0.40688,0.277983,0.777778,0.01944,0.039971,4.0,18.0,72.0,94.0,0.020625,50000,2024,"42,43","not tuned here: the configuration results/consolidated/winners.csv froze, replayed for reference"
"U(0.01,0.1), eps=1e-04",narrow_e4,0.0001,1453804,"crossing sweep, eps=1e-4",cumulative,cumulative mean (Algorithm 4),"{""inc"": 1, ""l"": 8, ""m_exploration"": 67, ""safeguard"": 1}","[0.77432, 0.77284]",0.77358,0.773179,0.000568,0.0,0.0,0.34424,0.14432,0.99558,1.0,0.92552,0.040439,0.956522,0.02052,0.024195,21.0,1.0,14.0,35.0,0.783697,50000,2024,"42,43","exact P(|phi_hat - phi| < eps) at the chosen (N*, m), averaged over trials"
"U(0.01,0.1), eps=1e-04",narrow_e4,0.0001,1453804,"crossing sweep, eps=1e-4",window,moving-window mean,"{""inc"": 1, ""l"": 6, ""m_exploration"": 67, ""safeguard"": 2, ""w"": 4}","[0.75731, 0.75442]",0.75587,0.756817,0.000646,-1.6361,0.0679,0.37676,0.28508,0.9991,1.0,0.86282,0.072399,0.923077,0.02074,0.019494,18.0,2.0,35.0,59.0,0.662119,50000,2024,"42,43","exact P(|phi_hat - phi| < eps) at the chosen (N*, m), averaged over trials"
"U(0.01,0.1), eps=1e-04",narrow_e4,0.0001,1453804,"crossing sweep, eps=1e-4",prepost,"pre/post windows, noise threshold","{""inc"": 1, ""m_exploration"": 37, ""safeguard"": 0, ""w"": 12, ""z"": 3.0}","[0.76929, 0.76731]",0.7683,0.768555,0.00057,-0.4624,0.047,0.9645,0.00796,0.99426,0.875,0.3673,0.130402,0.875,0.00796,0.013361,21.0,4.0,6.0,6.0,0.344012,50000,2024,"42,43","exact P(|phi_hat - phi| < eps) at the chosen (N*, m), averaged over trials"
"U(0.01,0.1), eps=1e-04",narrow_e4,0.0001,1453804,"crossing sweep, eps=1e-4",threshold,Eq. (3.6) at lag $w$,"{""alpha"": 0.2, ""inc"": 2, ""l"": 4, ""lag"": 3, ""m_exploration"": 67, ""safeguard"": 4}","[0.77254, 0.76977]",0.77115,0.770479,0.000581,-0.27,0.0561,0.12428,0.53312,0.99746,1.017699,0.80538,0.062165,0.885714,0.0084,0.012674,11.0,3.0,21.0,45.0,0.670583,50000,2024,"42,43","exact P(|phi_hat - phi| < eps) at the chosen (N*, m), averaged over trials"
"U(0.01,0.1), eps=1e-04",narrow_e4,0.0001,1453804,"crossing sweep, eps=1e-4",pooled,Eq. (3.6) vs. pooled reference,"{""alpha"": 0.5, ""inc"": 1, ""l"": 8, ""m_exploration"": 37, ""safeguard"": 1}","[0.78913, 0.78757]",0.78835,0.788304,0.000514,1.5125,0.0451,0.51196,0.07688,0.9969,0.991071,0.94414,0.035794,0.952381,0.00374,0.013361,21.0,1.0,3.0,5.0,0.891202,50000,2024,"42,43","exact P(|phi_hat - phi| < eps) at the chosen (N*, m), averaged over trials"
"U(0.01,0.1), eps=1e-04",narrow_e4,0.0001,1453804,"crossing sweep, eps=1e-4",cusum,CUSUM on the pooled reference,"{""h"": 6.0, ""inc"": 1, ""k_drift"": 0.5, ""m_exploration"": 68, ""safeguard"": 2}","[0.776, 0.77286]",0.77443,0.774921,0.000542,0.1743,0.0451,0.23442,0.37196,0.9948,1.0,0.91422,0.03688,0.935484,0.01272,0.019785,18.0,2.0,7.0,9.0,0.635441,50000,2024,"42,43","exact P(|phi_hat - phi| < eps) at the chosen (N*, m), averaged over trials"
"U(0.01,0.1), eps=1e-04",narrow_e4,0.0001,1453804,"crossing sweep, eps=1e-4",published,"cumulative mean, configuration frozen by the production sweep","{""inc"": 1, ""l"": 12, ""m_exploration"": 67, ""safeguard"": 2}",,,0.771323,0.000567,-0.1856,0.041,0.32748,0.14902,0.9919,1.0,0.95946,0.023889,0.925,0.01022,0.032951,26.0,1.0,3.0,4.0,0.876634,50000,2024,"42,43","not tuned here: the configuration results/consolidated/winners.csv froze, replayed for reference"
"U(0.01,0.1), eps=1e-04",narrow_e4,0.0001,2059436,"crossing sweep, eps=1e-4",cumulative,cumulative mean (Algorithm 4),"{""inc"": 1, ""l"": 8, ""m_exploration"": 113, ""safeguard"": 1}","[0.84497, 0.84394]",0.84445,0.8438,0.000463,0.0,0.0,0.3194,0.12122,0.99566,1.0,0.91004,0.042374,0.958333,0.01192,0.028806,21.0,1.0,19.0,41.0,0.718347,50000,2024,"42,43","exact P(|phi_hat - phi| < eps) at the chosen (N*, m), averaged over trials"
"U(0.01,0.1), eps=1e-04",narrow_e4,0.0001,2059436,"crossing sweep, eps=1e-4",window,moving-window mean,"{""inc"": 1, ""l"": 6, ""m_exploration"": 113, ""safeguard"": 2, ""w"": 4}","[0.828, 0.8279]",0.82795,0.828811,0.000543,-1.4989,0.0536,0.36816,0.25772,0.99884,1.0,0.8595,0.071884,0.918919,0.01374,0.02321,18.0,2.0,37.0,59.0,0.626521,50000,2024,"42,43","exact P(|phi_hat - phi| < eps) at the chosen (N*, m), averaged over trials"
"U(0.01,0.1), eps=1e-04",narrow_e4,0.0001,2059436,"crossing sweep, eps=1e-4",prepost,"pre/post windows, noise threshold","{""inc"": 1, ""m_exploration"": 113, ""safeguard"": 0, ""w"": 8, ""z"": 3.0}","[0.83936, 0.83801]",0.83868,0.839056,0.000465,-0.4744,0.0336,0.95204,0.00932,0.99606,0.896552,0.4949,0.103365,0.896552,0.00932,0.02321,18.0,3.0,4.0,5.0,0.469455,50000,2024,"42,43","exact P(|phi_hat - phi| < eps) at the chosen (N*, m), averaged over trials"
"U(0.01,0.1), eps=1e-04",narrow_e4,0.0001,2059436,"crossing sweep, eps=1e-4",threshold,Eq. (3.6) at lag $w$,"{""alpha"": 0.2, ""inc"": 1, ""l"": 4, ""lag"": 4, ""m_exploration"": 113, ""safeguard"": 3}","[0.842, 0.84177]",0.84188,0.841735,0.000399,-0.2065,0.0376,0.18958,0.54622,0.99982,1.019608,0.81036,0.078292,0.913043,0.00168,0.021454,17.0,7.0,60.0,81.0,0.480008,50000,2024,"42,43","exact P(|phi_hat - phi| < eps) at the chosen (N*, m), averaged over trials"
"U(0.01,0.1), eps=1e-04",narrow_e4,0.0001,2059436,"crossing sweep, eps=1e-4",pooled,Eq. (3.6) vs. pooled reference,"{""alpha"": 0.5, ""inc"": 1, ""l"": 8, ""m_exploration"": 41, ""safeguard"": 1}","[0.85672, 0.8549]",0.85581,0.854702,0.000446,1.0902,0.034,0.49316,0.07706,0.99664,1.0,0.94516,0.035192,0.952381,0.00392,0.010452,21.0,1.0,3.0,6.0,0.889245,50000,2024,"42,43","exact P(|phi_hat - phi| < eps) at the chosen (N*, m), averaged over trials"
"U(0.01,0.1), eps=1e-04",narrow_e4,0.0001,2059436,"crossing sweep, eps=1e-4",cusum,CUSUM on the pooled reference,"{""h"": 6.0, ""inc"": 1, ""k_drift"": 0.5, ""m_exploration"": 78, ""safeguard"": 2}","[0.84537, 0.84272]",0.84404,0.844249,0.000476,0.0449,0.0325,0.23266,0.35892,0.99488,1.0,0.90994,0.036843,0.933333,0.01024,0.014809,17.0,2.0,7.0,10.0,0.614029,50000,2024,"42,43","exact P(|phi_hat - phi| < eps) at the chosen (N*, m), averaged over trials"
"U(0.01,0.1), eps=1e-04",narrow_e4,0.0001,2059436,"crossing sweep, eps=1e-4",published,"cumulative mean, configuration frozen by the production sweep","{""inc"": 1, ""l"": 8, ""m_exploration"": 113, ""safeguard"": 1}",,,0.8438,0.000463,0.0,0.0,0.3194,0.12122,0.99566,1.0,0.91004,0.042374,0.958333,0.01192,0.028806,21.0,1.0,19.0,41.0,0.718347,50000,2024,"42,43","not tuned here: the configuration results/consolidated/winners.csv froze, replayed for reference"
"U(0.01,0.1), eps=1e-04",narrow_e4,0.0001,4132694,"crossing sweep, eps=1e-4",cumulative,cumulative mean (Algorithm 4),"{""inc"": 1, ""l"": 8, ""m_exploration"": 195, ""safeguard"": 1}","[0.94591, 0.94553]",0.94572,0.946126,0.0003,0.0,0.0,0.30482,0.10428,0.9964,1.0,0.89908,0.043921,0.958333,0.00564,0.024772,21.0,1.0,23.0,45.0,0.668919,50000,2024,"42,43","exact P(|phi_hat - phi| < eps) at the chosen (N*, m), averaged over trials"
"U(0.01,0.1), eps=1e-04",narrow_e4,0.0001,4132694,"crossing sweep, eps=1e-4",window,moving-window mean,"{""inc"": 1, ""l"": 6, ""m_exploration"": 231, ""safeguard"": 2, ""w"": 4}","[0.93647, 0.93739]",0.93693,0.9362,0.000368,-0.9926,0.0383,0.37826,0.20594,0.9982,1.0,0.85394,0.070307,0.913043,0.00794,0.023644,18.0,2.0,35.0,60.0,0.614392,50000,2024,"42,43","exact P(|phi_hat - phi| < eps) at the chosen (N*, m), averaged over trials"
"U(0.01,0.1), eps=1e-04",narrow_e4,0.0001,4132694,"crossing sweep, eps=1e-4",prepost,"pre/post windows, noise threshold","{""inc"": 1, ""m_exploration"": 231, ""safeguard"": 0, ""w"": 6, ""z"": 3.0}","[0.94262, 0.94088]",0.94175,0.941463,0.000361,-0.4663,0.034,0.92962,0.01238,0.99696,0.925926,0.63468,0.084407,0.925926,0.01238,0.021855,17.0,2.0,3.0,4.0,0.607022,50000,2024,"42,43","exact P(|phi_hat - phi| < eps) at the chosen (N*, m), averaged over trials"
"U(0.01,0.1), eps=1e-04",narrow_e4,0.0001,4132694,"crossing sweep, eps=1e-4",threshold,Eq. (3.6) at lag $w$,"{""alpha"": 0.2, ""inc"": 1, ""l"": 4, ""lag"": 3, ""m_exploration"": 195, ""safeguard"": 2}","[0.94483, 0.94388]",0.94435,0.94361,0.000389,-0.2516,0.0436,0.16308,0.45926,0.999,1.0,0.9373,0.04054,0.947368,0.00848,0.019959,18.0,1.0,31.0,53.0,0.756561,50000,2024,"42,43","exact P(|phi_hat - phi| < eps) at the chosen (N*, m), averaged over trials"
"U(0.01,0.1), eps=1e-04",narrow_e4,0.0001,4132694,"crossing sweep, eps=1e-4",pooled,Eq. (3.6) vs. pooled reference,"{""alpha"": 0.5, ""inc"": 1, ""l"": 8, ""m_exploration"": 100, ""safeguard"": 1}","[0.95007, 0.94951]",0.94979,0.949439,0.000278,0.3313,0.0229,0.35674,0.07546,0.99658,1.0,0.93384,0.032724,0.958333,0.003,0.012704,21.0,1.0,4.0,25.0,0.814543,50000,2024,"42,43","exact P(|phi_hat - phi| < eps) at the chosen (N*, m), averaged over trials"
"U(0.01,0.1), eps=1e-04",narrow_e4,0.0001,4132694,"crossing sweep, eps=1e-4",cusum,CUSUM on the pooled reference,"{""h"": 4.0, ""inc"": 1, ""k_drift"": 0.5, ""m_exploration"": 231, ""safeguard"": 1}","[0.94674, 0.94656]",0.94665,0.946599,0.000271,0.0472,0.0277,0.27148,0.2429,0.99756,1.0,0.87238,0.051495,0.96,0.01192,0.020122,16.0,2.0,24.0,49.0,0.52991,50000,2024,"42,43","exact P(|phi_hat - phi| < eps) at the chosen (N*, m), averaged over trials"
"U(0.01,0.1), eps=1e-04",narrow_e4,0.0001,4132694,"crossing sweep, eps=1e-4",published,"cumulative mean, configuration frozen by the production sweep","{""inc"": 1, ""l"": 8, ""m_exploration"": 231, ""safeguard"": 1}",,,0.945189,0.000307,-0.0937,0.0227,0.31006,0.09588,0.9958,1.0,0.89726,0.044405,0.956522,0.00582,0.029345,21.0,1.0,23.0,45.0,0.668645,50000,2024,"42,43","not tuned here: the configuration results/consolidated/winners.csv froze, replayed for reference"
