setting,scenario_id,eps,budget,m_exploration,inc,lookback_window,p_fall_safe,p_tie_safe,safe_comparisons_mean,premature_stop_measured,premature_stop_indep_q,premature_stop_coin_flip,premature_stop_window4,R,seed
"U(0.01,0.1), eps=1e-03",narrow_e3,0.001,10000,2,1,1,0.38529,0.03467,22.902,0.9522,0.99999,1.0,0.9566,10000,90210
"U(0.01,0.1), eps=1e-03",narrow_e3,0.001,10000,2,1,2,0.38529,0.03467,22.902,0.9,0.97039,0.99817,0.929,10000,90210
"U(0.01,0.1), eps=1e-03",narrow_e3,0.001,10000,2,1,3,0.38529,0.03467,22.902,0.8366,0.70801,0.93865,0.894,10000,90210
"U(0.01,0.1), eps=1e-03",narrow_e3,0.001,10000,2,1,4,0.38529,0.03467,22.902,0.7818,0.3582,0.7232,0.8908,10000,90210
"U(0.01,0.1), eps=1e-03",narrow_e3,0.001,10000,2,1,5,0.38529,0.03467,22.902,0.7347,0.14885,0.45125,0.8642,10000,90210
"U(0.01,0.1), eps=1e-03",narrow_e3,0.001,10000,2,1,6,0.38529,0.03467,22.902,0.7045,0.05697,0.24567,0.8362,10000,90210
"U(0.01,0.1), eps=1e-03",narrow_e3,0.001,10000,2,1,7,0.38529,0.03467,22.902,0.6804,0.02109,0.12416,0.8085,10000,90210
"U(0.01,0.1), eps=1e-03",narrow_e3,0.001,10000,2,1,8,0.38529,0.03467,22.902,0.6638,0.00769,0.06034,0.7846,10000,90210
"U(0.01,0.1), eps=1e-03",narrow_e3,0.001,10000,2,1,9,0.38529,0.03467,22.902,0.6534,0.00278,0.02871,0.7592,10000,90210
"U(0.01,0.1), eps=1e-03",narrow_e3,0.001,10000,2,1,10,0.38529,0.03467,22.902,0.646,0.001,0.01349,0.7289,10000,90210
"U(0.01,0.1), eps=1e-03",narrow_e3,0.001,10000,2,1,11,0.38529,0.03467,22.902,0.6406,0.00036,0.00628,0.6913,10000,90210
"U(0.01,0.1), eps=1e-03",narrow_e3,0.001,10000,2,1,12,0.38529,0.03467,22.902,0.6361,0.00013,0.0029,0.6507,10000,90210
"U(0.01,0.1), eps=1e-03",narrow_e3,0.001,41326,15,2,1,0.40436,0.00322,11.292,0.8108,0.99712,0.9996,0.8075,10000,90210
"U(0.01,0.1), eps=1e-03",narrow_e3,0.001,41326,15,2,2,0.40436,0.00322,11.292,0.6522,0.84077,0.94822,0.6805,10000,90210
"U(0.01,0.1), eps=1e-03",narrow_e3,0.001,41326,15,2,3,0.40436,0.00322,11.292,0.5182,0.47036,0.71083,0.5414,10000,90210
"U(0.01,0.1), eps=1e-03",narrow_e3,0.001,41326,15,2,4,0.40436,0.00322,11.292,0.4389,0.20123,0.41441,0.4917,10000,90210
"U(0.01,0.1), eps=1e-03",narrow_e3,0.001,41326,15,2,5,0.40436,0.00322,11.292,0.3929,0.07619,0.20666,0.3671,10000,90210
"U(0.01,0.1), eps=1e-03",narrow_e3,0.001,41326,15,2,6,0.40436,0.00322,11.292,0.3719,0.02719,0.09433,0.3044,10000,90210
"U(0.01,0.1), eps=1e-03",narrow_e3,0.001,41326,15,2,7,0.40436,0.00322,11.292,0.3625,0.00932,0.04066,0.2803,10000,90210
"U(0.01,0.1), eps=1e-03",narrow_e3,0.001,41326,15,2,8,0.40436,0.00322,11.292,0.3552,0.00306,0.01666,0.2703,10000,90210
"U(0.01,0.1), eps=1e-03",narrow_e3,0.001,41326,15,2,9,0.40436,0.00322,11.292,0.3509,0.00095,0.00641,0.2629,10000,90210
"U(0.01,0.1), eps=1e-03",narrow_e3,0.001,41326,15,2,10,0.40436,0.00322,11.292,0.3482,0.00027,0.00224,0.2585,10000,90210
"U(0.01,0.1), eps=1e-03",narrow_e3,0.001,41326,15,2,11,0.40436,0.00322,11.292,0.3462,6e-05,0.00063,0.2534,10000,90210
"U(0.01,0.1), eps=1e-03",narrow_e3,0.001,41326,15,2,12,0.40436,0.00322,11.292,0.3435,1e-05,7e-05,0.2392,10000,90210
"U(0.01,0.1), eps=1e-04",narrow_e4,0.0001,2917365,176,1,1,0.46993,0.0,24.37,0.9045,1.0,1.0,0.9019,10000,90210
"U(0.01,0.1), eps=1e-04",narrow_e4,0.0001,2917365,176,1,2,0.46993,0.0,24.37,0.7948,0.99707,0.9988,0.8044,10000,90210
"U(0.01,0.1), eps=1e-04",narrow_e4,0.0001,2917365,176,1,3,0.46993,0.0,24.37,0.6568,0.91379,0.94956,0.6825,10000,90210
"U(0.01,0.1), eps=1e-04",narrow_e4,0.0001,2917365,176,1,4,0.46993,0.0,24.37,0.5375,0.65646,0.74821,0.6327,10000,90210
"U(0.01,0.1), eps=1e-04",narrow_e4,0.0001,2917365,176,1,5,0.46993,0.0,24.37,0.4405,0.37642,0.47623,0.4698,10000,90210
"U(0.01,0.1), eps=1e-04",narrow_e4,0.0001,2917365,176,1,6,0.46993,0.0,24.37,0.3741,0.18921,0.26291,0.3645,10000,90210
"U(0.01,0.1), eps=1e-04",narrow_e4,0.0001,2917365,176,1,7,0.46993,0.0,24.37,0.3327,0.089,0.13418,0.324,10000,90210
"U(0.01,0.1), eps=1e-04",narrow_e4,0.0001,2917365,176,1,8,0.46993,0.0,24.37,0.3116,0.04052,0.06572,0.3101,10000,90210
"U(0.01,0.1), eps=1e-04",narrow_e4,0.0001,2917365,176,1,9,0.46993,0.0,24.37,0.2991,0.01814,0.0315,0.3023,10000,90210
"U(0.01,0.1), eps=1e-04",narrow_e4,0.0001,2917365,176,1,10,0.46993,0.0,24.37,0.2918,0.00804,0.0149,0.3004,10000,90210
"U(0.01,0.1), eps=1e-04",narrow_e4,0.0001,2917365,176,1,11,0.46993,0.0,24.37,0.2893,0.00354,0.00699,0.2981,10000,90210
"U(0.01,0.1), eps=1e-04",narrow_e4,0.0001,2917365,176,1,12,0.46993,0.0,24.37,0.2872,0.00155,0.00326,0.2962,10000,90210
"U(0.01,0.1), eps=1e-05",narrow_e5,1e-05,291736555,5565,1,1,0.49309,0.0,24.37,0.9164,1.0,1.0,0.9133,10000,90210
"U(0.01,0.1), eps=1e-05",narrow_e5,1e-05,291736555,5565,1,2,0.49309,0.0,24.37,0.8261,0.99851,0.9988,0.836,10000,90210
"U(0.01,0.1), eps=1e-05",narrow_e5,1e-05,291736555,5565,1,3,0.49309,0.0,24.37,0.7278,0.94254,0.94956,0.7402,10000,90210
"U(0.01,0.1), eps=1e-05",narrow_e5,1e-05,291736555,5565,1,4,0.49309,0.0,24.37,0.6218,0.72806,0.74821,0.6959,10000,90210
"U(0.01,0.1), eps=1e-05",narrow_e5,1e-05,291736555,5565,1,5,0.49309,0.0,24.37,0.5401,0.45261,0.47623,0.5603,10000,90210
"U(0.01,0.1), eps=1e-05",narrow_e5,1e-05,291736555,5565,1,6,0.49309,0.0,24.37,0.4861,0.24454,0.26291,0.4743,10000,90210
"U(0.01,0.1), eps=1e-05",narrow_e5,1e-05,291736555,5565,1,7,0.49309,0.0,24.37,0.4511,0.12248,0.13418,0.4317,10000,90210
"U(0.01,0.1), eps=1e-05",narrow_e5,1e-05,291736555,5565,1,8,0.49309,0.0,24.37,0.4257,0.059,0.06572,0.417,10000,90210
"U(0.01,0.1), eps=1e-05",narrow_e5,1e-05,291736555,5565,1,9,0.49309,0.0,24.37,0.4128,0.02784,0.0315,0.4096,10000,90210
"U(0.01,0.1), eps=1e-05",narrow_e5,1e-05,291736555,5565,1,10,0.49309,0.0,24.37,0.4043,0.01298,0.0149,0.4074,10000,90210
"U(0.01,0.1), eps=1e-05",narrow_e5,1e-05,291736555,5565,1,11,0.49309,0.0,24.37,0.3992,0.006,0.00699,0.4066,10000,90210
"U(0.01,0.1), eps=1e-05",narrow_e5,1e-05,291736555,5565,1,12,0.49309,0.0,24.37,0.3957,0.00276,0.00326,0.4064,10000,90210
"U(0.001,0.01), eps=1e-04",small_e4,0.0001,394843,1,1,1,0.42594,0.01116,219.574,0.9919,1.0,1.0,0.9931,10000,90210
"U(0.001,0.01), eps=1e-04",small_e4,0.0001,394843,1,1,2,0.42594,0.01116,219.574,0.9895,1.0,1.0,0.9931,10000,90210
"U(0.001,0.01), eps=1e-04",small_e4,0.0001,394843,1,1,3,0.42594,0.01116,219.574,0.9867,1.0,1.0,0.9931,10000,90210
"U(0.001,0.01), eps=1e-04",small_e4,0.0001,394843,1,1,4,0.42594,0.01116,219.574,0.9841,0.99929,1.0,0.9931,10000,90210
"U(0.001,0.01), eps=1e-04",small_e4,0.0001,394843,1,1,5,0.42594,0.01116,219.574,0.982,0.95235,0.99893,0.9931,10000,90210
"U(0.001,0.01), eps=1e-04",small_e4,0.0001,394843,1,1,6,0.42594,0.01116,219.574,0.9799,0.72342,0.96592,0.9928,10000,90210
"U(0.001,0.01), eps=1e-04",small_e4,0.0001,394843,1,1,7,0.42594,0.01116,219.574,0.9758,0.41956,0.81271,0.9907,10000,90210
"U(0.001,0.01), eps=1e-04",small_e4,0.0001,394843,1,1,8,0.42594,0.01116,219.574,0.9704,0.20582,0.56482,0.988,10000,90210
"U(0.001,0.01), eps=1e-04",small_e4,0.0001,394843,1,1,9,0.42594,0.01116,219.574,0.9647,0.09305,0.33876,0.9846,10000,90210
"U(0.001,0.01), eps=1e-04",small_e4,0.0001,394843,1,1,10,0.42594,0.01116,219.574,0.9585,0.04055,0.18595,0.9796,10000,90210
"U(0.001,0.01), eps=1e-04",small_e4,0.0001,394843,1,1,11,0.42594,0.01116,219.574,0.9518,0.0174,0.09729,0.9756,10000,90210
"U(0.001,0.01), eps=1e-04",small_e4,0.0001,394843,1,1,12,0.42594,0.01116,219.574,0.9429,0.00741,0.04965,0.971,10000,90210
"U(0.01,pi/4), eps=1e-03",broad_pi4_e3,0.001,312031,596,1,1,0.45554,0.00069,4.638,0.4988,0.94039,0.95985,0.5069,10000,90210
"U(0.01,pi/4), eps=1e-03",broad_pi4_e3,0.001,312031,596,1,2,0.45554,0.00069,4.638,0.4013,0.57097,0.64892,0.4318,10000,90210
"U(0.01,pi/4), eps=1e-03",broad_pi4_e3,0.001,312031,596,1,3,0.45554,0.00069,4.638,0.3467,0.23049,0.29695,0.3763,10000,90210
"U(0.01,pi/4), eps=1e-03",broad_pi4_e3,0.001,312031,596,1,4,0.45554,0.00069,4.638,0.3186,0.06958,0.10035,0.3557,10000,90210
"U(0.01,pi/4), eps=1e-03",broad_pi4_e3,0.001,312031,596,1,5,0.45554,0.00069,4.638,0.3021,0.01257,0.02007,0.3066,10000,90210
"U(0.01,pi/4), eps=1e-03",broad_pi4_e3,0.001,312031,596,1,6,0.45554,0.00069,4.638,0.2929,0.0,0.0,0.2814,10000,90210
"U(0.01,pi/4), eps=1e-03",broad_pi4_e3,0.001,312031,596,1,7,0.45554,0.00069,4.638,0.2874,0.0,0.0,0.2527,10000,90210
"U(0.01,pi/4), eps=1e-03",broad_pi4_e3,0.001,312031,596,1,8,0.45554,0.00069,4.638,0.2824,0.0,0.0,0.1991,10000,90210
"U(0.01,pi/4), eps=1e-03",broad_pi4_e3,0.001,312031,596,1,9,0.45554,0.00069,4.638,0.2795,0.0,0.0,0.1569,10000,90210
"U(0.01,pi/4), eps=1e-03",broad_pi4_e3,0.001,312031,596,1,10,0.45554,0.00069,4.638,0.2765,0.0,0.0,0.1229,10000,90210
"U(0.01,pi/4), eps=1e-03",broad_pi4_e3,0.001,312031,596,1,11,0.45554,0.00069,4.638,0.2732,0.0,0.0,0.1022,10000,90210
"U(0.01,pi/4), eps=1e-03",broad_pi4_e3,0.001,312031,596,1,12,0.45554,0.00069,4.638,0.2711,0.0,0.0,0.083,10000,90210
"U(0.01,0.1), eps=1e-03",narrow_e3,0.001,14538,4,1,1,0.3851,0.01545,21.82,0.9463,0.99998,1.0,0.9387,10000,90210
"U(0.01,0.1), eps=1e-03",narrow_e3,0.001,14538,4,1,2,0.3851,0.01545,21.82,0.8951,0.96464,0.9975,0.9002,10000,90210
"U(0.01,0.1), eps=1e-03",narrow_e3,0.001,14538,4,1,3,0.3851,0.01545,21.82,0.82,0.68826,0.92911,0.8283,10000,90210
"U(0.01,0.1), eps=1e-03",narrow_e3,0.001,14538,4,1,4,0.3851,0.01545,21.82,0.7468,0.342,0.70318,0.8136,10000,90210
"U(0.01,0.1), eps=1e-03",narrow_e3,0.001,14538,4,1,5,0.3851,0.01545,21.82,0.6892,0.14065,0.43208,0.7478,10000,90210
"U(0.01,0.1), eps=1e-03",narrow_e3,0.001,14538,4,1,6,0.3851,0.01545,21.82,0.6564,0.05347,0.23271,0.6855,10000,90210
"U(0.01,0.1), eps=1e-03",narrow_e3,0.001,14538,4,1,7,0.3851,0.01545,21.82,0.6374,0.01969,0.11669,0.6465,10000,90210
"U(0.01,0.1), eps=1e-03",narrow_e3,0.001,14538,4,1,8,0.3851,0.01545,21.82,0.6272,0.00715,0.05635,0.6168,10000,90210
"U(0.01,0.1), eps=1e-03",narrow_e3,0.001,14538,4,1,9,0.3851,0.01545,21.82,0.6212,0.00257,0.02666,0.5857,10000,90210
"U(0.01,0.1), eps=1e-03",narrow_e3,0.001,14538,4,1,10,0.3851,0.01545,21.82,0.6175,0.00092,0.01245,0.5548,10000,90210
"U(0.01,0.1), eps=1e-03",narrow_e3,0.001,14538,4,1,11,0.3851,0.01545,21.82,0.6155,0.00033,0.00576,0.5181,10000,90210
"U(0.01,0.1), eps=1e-03",narrow_e3,0.001,14538,4,1,12,0.3851,0.01545,21.82,0.6135,0.00012,0.00264,0.4806,10000,90210
"U(0.01,0.1), eps=1e-03",narrow_e3,0.001,20594,3,1,1,0.36614,0.02114,23.712,0.9523,0.99998,1.0,0.9453,10000,90210
"U(0.01,0.1), eps=1e-03",narrow_e3,0.001,20594,3,1,2,0.36614,0.02114,23.712,0.8941,0.96196,0.99855,0.9057,10000,90210
"U(0.01,0.1), eps=1e-03",narrow_e3,0.001,20594,3,1,3,0.36614,0.02114,23.712,0.8221,0.66471,0.94494,0.8538,10000,90210
"U(0.01,0.1), eps=1e-03",narrow_e3,0.001,20594,3,1,4,0.36614,0.02114,23.712,0.7492,0.31313,0.7373,0.8455,10000,90210
"U(0.01,0.1), eps=1e-03",narrow_e3,0.001,20594,3,1,5,0.36614,0.02114,23.712,0.7026,0.12202,0.46519,0.8084,10000,90210
"U(0.01,0.1), eps=1e-03",narrow_e3,0.001,20594,3,1,6,0.36614,0.02114,23.712,0.6685,0.04413,0.25524,0.7767,10000,90210
"U(0.01,0.1), eps=1e-03",narrow_e3,0.001,20594,3,1,7,0.36614,0.02114,23.712,0.65,0.01551,0.1297,0.7455,10000,90210
"U(0.01,0.1), eps=1e-03",narrow_e3,0.001,20594,3,1,8,0.36614,0.02114,23.712,0.6394,0.00538,0.06332,0.7223,10000,90210
"U(0.01,0.1), eps=1e-03",narrow_e3,0.001,20594,3,1,9,0.36614,0.02114,23.712,0.6331,0.00186,0.03025,0.6955,10000,90210
"U(0.01,0.1), eps=1e-03",narrow_e3,0.001,20594,3,1,10,0.36614,0.02114,23.712,0.6283,0.00064,0.01427,0.6661,10000,90210
"U(0.01,0.1), eps=1e-03",narrow_e3,0.001,20594,3,1,11,0.36614,0.02114,23.712,0.6256,0.00022,0.00667,0.633,10000,90210
"U(0.01,0.1), eps=1e-03",narrow_e3,0.001,20594,3,1,12,0.36614,0.02114,23.712,0.6238,7e-05,0.0031,0.5907,10000,90210
"U(0.01,0.1), eps=1e-03",narrow_e3,0.001,29173,9,3,1,0.37296,0.00914,7.749,0.7136,0.97313,0.99535,0.7141,10000,90210
"U(0.01,0.1), eps=1e-03",narrow_e3,0.001,29173,9,3,2,0.37296,0.00914,7.749,0.546,0.63609,0.85653,0.5763,10000,90210
"U(0.01,0.1), eps=1e-03",narrow_e3,0.001,29173,9,3,3,0.37296,0.00914,7.749,0.4382,0.26381,0.53591,0.4493,10000,90210
"U(0.01,0.1), eps=1e-03",narrow_e3,0.001,29173,9,3,4,0.37296,0.00914,7.749,0.3866,0.08861,0.26398,0.4126,10000,90210
"U(0.01,0.1), eps=1e-03",narrow_e3,0.001,29173,9,3,5,0.37296,0.00914,7.749,0.365,0.02679,0.11222,0.3297,10000,90210
"U(0.01,0.1), eps=1e-03",narrow_e3,0.001,29173,9,3,6,0.37296,0.00914,7.749,0.3549,0.00738,0.04237,0.2907,10000,90210
"U(0.01,0.1), eps=1e-03",narrow_e3,0.001,29173,9,3,7,0.37296,0.00914,7.749,0.35,0.00176,0.01362,0.2739,10000,90210
"U(0.01,0.1), eps=1e-03",narrow_e3,0.001,29173,9,3,8,0.37296,0.00914,7.749,0.3468,0.00028,0.00293,0.2651,10000,90210
"U(0.01,0.1), eps=1e-03",narrow_e3,0.001,29173,9,3,9,0.37296,0.00914,7.749,0.345,0.0,0.0,0.2554,10000,90210
"U(0.01,0.1), eps=1e-03",narrow_e3,0.001,29173,9,3,10,0.37296,0.00914,7.749,0.3441,0.0,0.0,0.2253,10000,90210
"U(0.01,0.1), eps=1e-03",narrow_e3,0.001,29173,9,3,11,0.37296,0.00914,7.749,0.3427,0.0,0.0,0.18,10000,90210
"U(0.01,0.1), eps=1e-03",narrow_e3,0.001,29173,9,3,12,0.37296,0.00914,7.749,0.3416,0.0,0.0,0.1435,10000,90210
"U(0.01,0.1), eps=1e-03",narrow_e3,0.001,58543,30,3,1,0.43326,0.00076,7.405,0.7138,0.98508,0.9941,0.7138,10000,90210
"U(0.01,0.1), eps=1e-03",narrow_e3,0.001,58543,30,3,2,0.43326,0.00076,7.405,0.5474,0.73598,0.84161,0.5746,10000,90210
"U(0.01,0.1), eps=1e-03",narrow_e3,0.001,58543,30,3,3,0.43326,0.00076,7.405,0.4224,0.3678,0.51412,0.4543,10000,90210
"U(0.01,0.1), eps=1e-03",narrow_e3,0.001,58543,30,3,4,0.43326,0.00076,7.405,0.3548,0.14618,0.24747,0.4173,10000,90210
"U(0.01,0.1), eps=1e-03",narrow_e3,0.001,58543,30,3,5,0.43326,0.00076,7.405,0.319,0.05104,0.10248,0.3279,10000,90210
"U(0.01,0.1), eps=1e-03",narrow_e3,0.001,58543,30,3,6,0.43326,0.00076,7.405,0.2979,0.01584,0.03717,0.2827,10000,90210
"U(0.01,0.1), eps=1e-03",narrow_e3,0.001,58543,30,3,7,0.43326,0.00076,7.405,0.2855,0.00403,0.01096,0.2657,10000,90210
"U(0.01,0.1), eps=1e-03",narrow_e3,0.001,58543,30,3,8,0.43326,0.00076,7.405,0.2778,0.0005,0.00159,0.2588,10000,90210
"U(0.01,0.1), eps=1e-03",narrow_e3,0.001,58543,30,3,9,0.43326,0.00076,7.405,0.272,0.0,0.0,0.2534,10000,90210
"U(0.01,0.1), eps=1e-03",narrow_e3,0.001,58543,30,3,10,0.43326,0.00076,7.405,0.2677,0.0,0.0,0.2223,10000,90210
"U(0.01,0.1), eps=1e-03",narrow_e3,0.001,58543,30,3,11,0.43326,0.00076,7.405,0.265,0.0,0.0,0.1852,10000,90210
"U(0.01,0.1), eps=1e-03",narrow_e3,0.001,58543,30,3,12,0.43326,0.00076,7.405,0.2623,0.0,0.0,0.1558,10000,90210
"U(0.01,0.1), eps=1e-04",narrow_e4,0.0001,1453804,67,1,1,0.45006,2e-05,24.37,0.909,1.0,1.0,0.9052,10000,90210
"U(0.01,0.1), eps=1e-04",narrow_e4,0.0001,1453804,67,1,2,0.45006,2e-05,24.37,0.7975,0.99496,0.9988,0.8072,10000,90210
"U(0.01,0.1), eps=1e-04",narrow_e4,0.0001,1453804,67,1,3,0.45006,2e-05,24.37,0.6571,0.88214,0.94956,0.6764,10000,90210
"U(0.01,0.1), eps=1e-04",narrow_e4,0.0001,1453804,67,1,4,0.45006,2e-05,24.37,0.5368,0.5915,0.74821,0.6206,10000,90210
"U(0.01,0.1), eps=1e-04",narrow_e4,0.0001,1453804,67,1,5,0.45006,2e-05,24.37,0.443,0.3159,0.47623,0.4656,10000,90210
"U(0.01,0.1), eps=1e-04",narrow_e4,0.0001,1453804,67,1,6,0.45006,2e-05,24.37,0.392,0.14926,0.26291,0.3738,10000,90210
"U(0.01,0.1), eps=1e-04",narrow_e4,0.0001,1453804,67,1,7,0.45006,2e-05,24.37,0.3614,0.06652,0.13418,0.3362,10000,90210
"U(0.01,0.1), eps=1e-04",narrow_e4,0.0001,1453804,67,1,8,0.45006,2e-05,24.37,0.3453,0.02884,0.06572,0.3196,10000,90210
"U(0.01,0.1), eps=1e-04",narrow_e4,0.0001,1453804,67,1,9,0.45006,2e-05,24.37,0.3363,0.01233,0.0315,0.3093,10000,90210
"U(0.01,0.1), eps=1e-04",narrow_e4,0.0001,1453804,67,1,10,0.45006,2e-05,24.37,0.3324,0.00523,0.0149,0.3043,10000,90210
"U(0.01,0.1), eps=1e-04",narrow_e4,0.0001,1453804,67,1,11,0.45006,2e-05,24.37,0.3305,0.0022,0.00699,0.2982,10000,90210
"U(0.01,0.1), eps=1e-04",narrow_e4,0.0001,1453804,67,1,12,0.45006,2e-05,24.37,0.3296,0.00092,0.00326,0.2921,10000,90210
"U(0.01,0.1), eps=1e-04",narrow_e4,0.0001,2059436,113,1,1,0.46166,0.0,24.37,0.9084,1.0,1.0,0.9043,10000,90210
"U(0.01,0.1), eps=1e-04",narrow_e4,0.0001,2059436,113,1,2,0.46166,0.0,24.37,0.796,0.99631,0.9988,0.8084,10000,90210
"U(0.01,0.1), eps=1e-04",narrow_e4,0.0001,2059436,113,1,3,0.46166,0.0,24.37,0.6605,0.90142,0.94956,0.6826,10000,90210
"U(0.01,0.1), eps=1e-04",narrow_e4,0.0001,2059436,113,1,4,0.46166,0.0,24.37,0.5393,0.62969,0.74821,0.6254,10000,90210
"U(0.01,0.1), eps=1e-04",narrow_e4,0.0001,2059436,113,1,5,0.46166,0.0,24.37,0.4393,0.35059,0.47623,0.4665,10000,90210
"U(0.01,0.1), eps=1e-04",narrow_e4,0.0001,2059436,113,1,6,0.46166,0.0,24.37,0.3784,0.17174,0.26291,0.3673,10000,90210
"U(0.01,0.1), eps=1e-04",narrow_e4,0.0001,2059436,113,1,7,0.46166,0.0,24.37,0.3402,0.07899,0.13418,0.3258,10000,90210
"U(0.01,0.1), eps=1e-04",narrow_e4,0.0001,2059436,113,1,8,0.46166,0.0,24.37,0.3229,0.03524,0.06572,0.3111,10000,90210
"U(0.01,0.1), eps=1e-04",narrow_e4,0.0001,2059436,113,1,9,0.46166,0.0,24.37,0.3124,0.01548,0.0315,0.3028,10000,90210
"U(0.01,0.1), eps=1e-04",narrow_e4,0.0001,2059436,113,1,10,0.46166,0.0,24.37,0.3075,0.00674,0.0149,0.2993,10000,90210
"U(0.01,0.1), eps=1e-04",narrow_e4,0.0001,2059436,113,1,11,0.46166,0.0,24.37,0.3045,0.00291,0.00699,0.2953,10000,90210
"U(0.01,0.1), eps=1e-04",narrow_e4,0.0001,2059436,113,1,12,0.46166,0.0,24.37,0.3025,0.00125,0.00326,0.2929,10000,90210
"U(0.01,0.1), eps=1e-04",narrow_e4,0.0001,4132694,231,1,1,0.47126,0.0,24.37,0.9105,1.0,1.0,0.9077,10000,90210
"U(0.01,0.1), eps=1e-04",narrow_e4,0.0001,4132694,231,1,2,0.47126,0.0,24.37,0.7996,0.99717,0.9988,0.8138,10000,90210
"U(0.01,0.1), eps=1e-04",narrow_e4,0.0001,4132694,231,1,3,0.47126,0.0,24.37,0.6633,0.91567,0.94956,0.6962,10000,90210
"U(0.01,0.1), eps=1e-04",narrow_e4,0.0001,4132694,231,1,4,0.47126,0.0,24.37,0.5386,0.6607,0.74821,0.6376,10000,90210
"U(0.01,0.1), eps=1e-04",narrow_e4,0.0001,4132694,231,1,5,0.47126,0.0,24.37,0.4384,0.38063,0.47623,0.4835,10000,90210
"U(0.01,0.1), eps=1e-04",narrow_e4,0.0001,4132694,231,1,6,0.47126,0.0,24.37,0.3706,0.19212,0.26291,0.3811,10000,90210
"U(0.01,0.1), eps=1e-04",narrow_e4,0.0001,4132694,231,1,7,0.47126,0.0,24.37,0.3315,0.09069,0.13418,0.3358,10000,90210
"U(0.01,0.1), eps=1e-04",narrow_e4,0.0001,4132694,231,1,8,0.47126,0.0,24.37,0.3109,0.04142,0.06572,0.3207,10000,90210
"U(0.01,0.1), eps=1e-04",narrow_e4,0.0001,4132694,231,1,9,0.47126,0.0,24.37,0.2965,0.0186,0.0315,0.313,10000,90210
"U(0.01,0.1), eps=1e-04",narrow_e4,0.0001,4132694,231,1,10,0.47126,0.0,24.37,0.2891,0.00827,0.0149,0.3099,10000,90210
"U(0.01,0.1), eps=1e-04",narrow_e4,0.0001,4132694,231,1,11,0.47126,0.0,24.37,0.2859,0.00365,0.00699,0.3091,10000,90210
"U(0.01,0.1), eps=1e-04",narrow_e4,0.0001,4132694,231,1,12,0.47126,0.0,24.37,0.2833,0.0016,0.00326,0.3081,10000,90210
