setting,scenario_id,eps,budget,point_tag,rule,rule_label,m_exploration,inc,params,tune_mean,rate,rate_se,delta_vs_cumulative_pp,delta_se_pp,false_alarm_rate,miss_rate,guess_ratio_median,guess_within_10pct,star_ratio_median,star_overshoot,exploration_share_median,R
"U(0.01,0.1), eps=1e-03",narrow_e3,0.001,10000,fixed-budget headline,cumulative,cumulative mean (Algorithm 4),2,1,"{""inc"": 1, ""l"": 4, ""m_exploration"": 2, ""safeguard"": 2}",0.58044,0.579966,0.000755,0.0,0.0,0.77732,0.14202,0.88,0.3829,0.7692,0.06468,0.044,50000
"U(0.01,0.1), eps=1e-03",narrow_e3,0.001,10000,fixed-budget headline,window,moving-window mean,2,1,"{""inc"": 1, ""l"": 4, ""m_exploration"": 2, ""safeguard"": 0, ""w"": 1}",0.62571,0.624873,0.000447,4.4907,0.0815,0.96342,0.00852,0.75,0.1344,0.75,0.00852,0.039,50000
"U(0.01,0.1), eps=1e-03",narrow_e3,0.001,10000,fixed-budget headline,prepost,"pre/post windows, noise threshold",2,1,"{""inc"": 1, ""m_exploration"": 2, ""safeguard"": 0, ""w"": 12, ""z"": 1.5}",0.60385,0.601309,0.000574,2.1343,0.0855,0.92678,0.01576,0.8261,0.2711,0.8261,0.01576,0.0782,50000
"U(0.01,0.1), eps=1e-03",narrow_e3,0.001,10000,fixed-budget headline,threshold,Eq. (3.6) at lag $w$,2,1,"{""alpha"": 0.5, ""inc"": 1, ""l"": 4, ""lag"": 2, ""m_exploration"": 2, ""safeguard"": 0}",0.62739,0.626732,0.000642,4.6766,0.0914,0.88556,0.03456,0.7692,0.2258,0.7692,0.03456,0.039,50000
"U(0.01,0.1), eps=1e-03",narrow_e3,0.001,10000,fixed-budget headline,pooled,Eq. (3.6) vs. pooled reference,2,1,"{""alpha"": 0.5, ""inc"": 1, ""l"": 4, ""m_exploration"": 2, ""safeguard"": 1}",0.6021,0.601191,0.000622,2.1224,0.0786,0.8634,0.06202,0.8621,0.3675,0.8235,0.03004,0.039,50000
"U(0.01,0.1), eps=1e-03",narrow_e3,0.001,10000,fixed-budget headline,cusum,CUSUM on the pooled reference,2,1,"{""h"": 3.0, ""inc"": 1, ""k_drift"": 0.0, ""m_exploration"": 2, ""safeguard"": 0}",0.58985,0.591074,0.000561,1.1108,0.0822,0.92372,0.03038,0.7143,0.1929,0.7143,0.03038,0.0296,50000
"U(0.01,0.1), eps=1e-03",narrow_e3,0.001,41326,"90% crossing, eps=1e-3",cumulative,cumulative mean (Algorithm 4),15,2,"{""inc"": 2, ""l"": 3, ""m_exploration"": 15, ""safeguard"": 2}",0.89693,0.896924,0.000462,0.0,0.0,0.52146,0.12594,0.9286,0.5465,0.8261,0.02178,0.053356,50000
"U(0.01,0.1), eps=1e-03",narrow_e3,0.001,41326,"90% crossing, eps=1e-3",window,moving-window mean,15,2,"{""inc"": 2, ""l"": 3, ""m_exploration"": 15, ""safeguard"": 2, ""w"": 2}",0.90044,0.90041,0.000526,0.3486,0.0659,0.54798,0.15942,0.9259,0.5239,0.8261,0.01996,0.053356,50000
"U(0.01,0.1), eps=1e-03",narrow_e3,0.001,41326,"90% crossing, eps=1e-3",prepost,"pre/post windows, noise threshold",15,2,"{""inc"": 2, ""m_exploration"": 15, ""safeguard"": 0, ""w"": 4, ""z"": 1.5}",0.9176,0.91718,0.00038,2.0256,0.0545,0.72022,0.01988,0.8857,0.452,0.8857,0.01988,0.063882,50000
"U(0.01,0.1), eps=1e-03",narrow_e3,0.001,41326,"90% crossing, eps=1e-3",threshold,Eq. (3.6) at lag $w$,15,2,"{""alpha"": 0.2, ""inc"": 2, ""l"": 2, ""lag"": 3, ""m_exploration"": 15, ""safeguard"": 4}",0.91862,0.918924,0.000279,2.2,0.05,0.38848,0.4392,1.0,0.4466,0.8333,0.00504,0.053356,50000
"U(0.01,0.1), eps=1e-03",narrow_e3,0.001,41326,"90% crossing, eps=1e-3",pooled,Eq. (3.6) vs. pooled reference,15,2,"{""alpha"": 0.5, ""inc"": 2, ""l"": 3, ""m_exploration"": 15, ""safeguard"": 1}",0.91245,0.912136,0.00038,1.5212,0.0494,0.59592,0.07014,0.913,0.5257,0.8718,0.01126,0.053356,50000
"U(0.01,0.1), eps=1e-03",narrow_e3,0.001,41326,"90% crossing, eps=1e-3",cusum,CUSUM on the pooled reference,15,2,"{""h"": 2.0, ""inc"": 2, ""k_drift"": 0.25, ""m_exploration"": 15, ""safeguard"": 2}",0.90705,0.906742,0.000311,0.9819,0.0456,0.58162,0.10918,0.8947,0.4877,0.8125,0.00672,0.053356,50000
"U(0.01,0.1), eps=1e-04",narrow_e4,0.0001,2917365,"90% crossing, eps=1e-4",cumulative,cumulative mean (Algorithm 4),176,1,"{""inc"": 1, ""l"": 8, ""m_exploration"": 176, ""safeguard"": 1}",0.90208,0.902671,0.000355,0.0,0.0,0.30246,0.10938,1.0,0.9035,0.9583,0.00604,0.031672,50000
"U(0.01,0.1), eps=1e-04",narrow_e4,0.0001,2917365,"90% crossing, eps=1e-4",window,moving-window mean,176,1,"{""inc"": 1, ""l"": 6, ""m_exploration"": 176, ""safeguard"": 2, ""w"": 4}",0.8898,0.889847,0.000443,-1.2824,0.0421,0.36366,0.23138,1.0,0.8586,0.9167,0.01014,0.025519,50000
"U(0.01,0.1), eps=1e-04",narrow_e4,0.0001,2917365,"90% crossing, eps=1e-4",prepost,"pre/post windows, noise threshold",176,1,"{""inc"": 1, ""m_exploration"": 176, ""safeguard"": 0, ""w"": 8, ""z"": 3.0}",0.89628,0.896035,0.000371,-0.6636,0.0251,0.96636,0.00462,0.8824,0.4447,0.8824,0.00462,0.025519,50000
"U(0.01,0.1), eps=1e-04",narrow_e4,0.0001,2917365,"90% crossing, eps=1e-4",threshold,Eq. (3.6) at lag $w$,176,1,"{""alpha"": 0.2, ""inc"": 1, ""l"": 4, ""lag"": 4, ""m_exploration"": 176, ""safeguard"": 3}",0.89933,0.899596,0.000302,-0.3075,0.0277,0.18188,0.51604,1.0125,0.8155,0.9091,0.00112,0.023588,50000
"U(0.01,0.1), eps=1e-04",narrow_e4,0.0001,2917365,"90% crossing, eps=1e-4",pooled,Eq. (3.6) vs. pooled reference,176,1,"{""alpha"": 0.5, ""inc"": 1, ""l"": 8, ""m_exploration"": 176, ""safeguard"": 1}",0.90432,0.904968,0.000341,0.2297,0.0178,0.32338,0.06782,1.0,0.9248,0.9583,0.003,0.031672,50000
"U(0.01,0.1), eps=1e-04",narrow_e4,0.0001,2917365,"90% crossing, eps=1e-4",cusum,CUSUM on the pooled reference,176,1,"{""h"": 6.0, ""inc"": 1, ""k_drift"": 0.5, ""m_exploration"": 176, ""safeguard"": 1}",0.90264,0.902123,0.000398,-0.0548,0.0294,0.23578,0.28772,1.0,0.9081,0.963,0.0221,0.023588,50000
"U(0.01,0.1), eps=1e-05",narrow_e5,1e-05,291736555,"90% crossing, eps=1e-5",cumulative,cumulative mean (Algorithm 4),5565,1,"{""inc"": 1, ""l"": 8, ""m_exploration"": 5565, ""safeguard"": 1}",0.90526,0.905349,0.000368,0.0,0.0,0.4257,0.02692,1.0,0.8632,0.9487,0.0028,0.009347,50000
"U(0.01,0.1), eps=1e-05",narrow_e5,1e-05,291736555,"90% crossing, eps=1e-5",window,moving-window mean,5565,1,"{""inc"": 1, ""l"": 6, ""m_exploration"": 5565, ""safeguard"": 1, ""w"": 2}",0.90873,0.908437,0.000357,0.3088,0.023,0.42854,0.05786,1.0,0.9085,0.95,0.00234,0.008698,50000
"U(0.01,0.1), eps=1e-05",narrow_e5,1e-05,291736555,"90% crossing, eps=1e-5",prepost,"pre/post windows, noise threshold",5565,1,"{""inc"": 1, ""m_exploration"": 5565, ""safeguard"": 0, ""w"": 3, ""z"": 3.0}",0.91187,0.91206,0.000323,0.6711,0.0269,0.9201,0.00168,0.9524,0.8821,0.9524,0.00168,0.006295,50000
"U(0.01,0.1), eps=1e-05",narrow_e5,1e-05,291736555,"90% crossing, eps=1e-5",threshold,Eq. (3.6) at lag $w$,5565,1,"{""alpha"": 0.2, ""inc"": 1, ""l"": 4, ""lag"": 2, ""m_exploration"": 5565, ""safeguard"": 1}",0.91421,0.913742,0.000328,0.8393,0.0247,0.20196,0.14228,1.0,0.9778,0.963,0.00172,0.008069,50000
"U(0.01,0.1), eps=1e-05",narrow_e5,1e-05,291736555,"90% crossing, eps=1e-5",pooled,Eq. (3.6) vs. pooled reference,5565,1,"{""alpha"": 0.05, ""inc"": 1, ""l"": 3, ""m_exploration"": 5565, ""safeguard"": 1}",0.91643,0.915991,0.000321,1.0642,0.0232,0.02844,0.2347,1.0,0.9975,0.9688,0.00178,0.007458,50000
"U(0.01,0.1), eps=1e-05",narrow_e5,1e-05,291736555,"90% crossing, eps=1e-5",cusum,CUSUM on the pooled reference,5565,1,"{""h"": 4.0, ""inc"": 1, ""k_drift"": 1.0, ""m_exploration"": 5565, ""safeguard"": 1}",0.91568,0.915537,0.000301,1.0188,0.0248,0.13544,0.1501,1.0,0.9806,0.9643,0.00052,0.006295,50000
"U(0.001,0.01), eps=1e-04",small_e4,0.0001,394843,"deep prior, U(0.001,0.01)",cumulative,cumulative mean (Algorithm 4),1,1,"{""inc"": 1, ""l"": 12, ""m_exploration"": 1, ""safeguard"": 12}",0.90916,0.908393,0.000322,0.0,0.0,0.94206,0.04642,0.8996,0.4983,0.8493,0.01418,0.026707,50000
"U(0.001,0.01), eps=1e-04",small_e4,0.0001,394843,"deep prior, U(0.001,0.01)",window,moving-window mean,1,1,"{""inc"": 1, ""l"": 6, ""m_exploration"": 1, ""safeguard"": 0, ""w"": 2}",0.9151,0.91541,0.000231,0.7017,0.0381,0.99252,4e-05,0.6514,0.1186,0.6514,4e-05,0.011625,50000
"U(0.001,0.01), eps=1e-04",small_e4,0.0001,394843,"deep prior, U(0.001,0.01)",prepost,"pre/post windows, noise threshold",1,1,"{""inc"": 1, ""m_exploration"": 1, ""safeguard"": 0, ""w"": 12, ""z"": 0.0}",0.88549,0.885703,0.00015,-2.269,0.0348,0.99244,0.00048,0.5623,0.1181,0.5623,0.00048,0.005367,50000
"U(0.001,0.01), eps=1e-04",small_e4,0.0001,394843,"deep prior, U(0.001,0.01)",threshold,Eq. (3.6) at lag $w$,1,1,"{""alpha"": 0.5, ""inc"": 1, ""l"": 6, ""lag"": 2, ""m_exploration"": 1, ""safeguard"": 0}",0.91658,0.916491,0.000229,0.8098,0.038,0.98518,0.00708,0.6531,0.1242,0.6531,0.00708,0.011625,50000
"U(0.001,0.01), eps=1e-04",small_e4,0.0001,394843,"deep prior, U(0.001,0.01)",pooled,Eq. (3.6) vs. pooled reference,1,1,"{""alpha"": 0.5, ""inc"": 1, ""l"": 8, ""m_exploration"": 1, ""safeguard"": 4}",0.90973,0.909503,0.000263,0.111,0.0332,0.98164,0.00958,0.875,0.381,0.8592,0.00416,0.015424,50000
"U(0.001,0.01), eps=1e-04",small_e4,0.0001,394843,"deep prior, U(0.001,0.01)",cusum,CUSUM on the pooled reference,1,1,"{""h"": 8.0, ""inc"": 1, ""k_drift"": 0.0, ""m_exploration"": 1, ""safeguard"": 3}",0.89769,0.897701,0.000241,-1.0692,0.0368,0.9862,0.00572,0.655,0.1668,0.6444,0.00342,0.019385,50000
"U(0.01,pi/4), eps=1e-03",broad_pi4_e3,0.001,312031,"broad prior, U(0.01,pi/4)",cumulative,cumulative mean (Algorithm 4),596,1,"{""inc"": 1, ""l"": 2, ""m_exploration"": 596, ""safeguard"": 0}",0.908,0.907899,0.000492,0.0,0.0,0.40234,0.01736,1.0,0.5788,1.0,0.01736,0.017191,50000
"U(0.01,pi/4), eps=1e-03",broad_pi4_e3,0.001,312031,"broad prior, U(0.01,pi/4)",window,moving-window mean,596,1,"{""inc"": 1, ""l"": 2, ""m_exploration"": 596, ""safeguard"": 0, ""w"": 1}",0.91829,0.917722,0.000447,0.9823,0.0431,0.43546,0.01196,1.0,0.5594,1.0,0.01196,0.026741,50000
"U(0.01,pi/4), eps=1e-03",broad_pi4_e3,0.001,312031,"broad prior, U(0.01,pi/4)",prepost,"pre/post windows, noise threshold",596,1,"{""inc"": 1, ""m_exploration"": 596, ""safeguard"": 0, ""w"": 2, ""z"": 2.0}",0.92764,0.927021,0.000249,1.9122,0.0504,0.4875,0.00118,0.9375,0.5421,0.9375,0.00118,0.026741,50000
"U(0.01,pi/4), eps=1e-03",broad_pi4_e3,0.001,312031,"broad prior, U(0.01,pi/4)",threshold,Eq. (3.6) at lag $w$,596,1,"{""alpha"": 0.01, ""inc"": 1, ""l"": 1, ""lag"": 2, ""m_exploration"": 596, ""safeguard"": 1}",0.92171,0.92134,0.00022,1.3441,0.0491,0.22028,0.38424,1.0,0.405,0.8,4e-05,0.017191,50000
"U(0.01,pi/4), eps=1e-03",broad_pi4_e3,0.001,312031,"broad prior, U(0.01,pi/4)",pooled,Eq. (3.6) vs. pooled reference,596,1,"{""alpha"": 0.5, ""inc"": 1, ""l"": 3, ""m_exploration"": 596, ""safeguard"": 0}",0.91821,0.918802,0.000453,1.0903,0.0374,0.37744,0.0131,1.0,0.6181,1.0,0.0131,0.038201,50000
"U(0.01,pi/4), eps=1e-03",broad_pi4_e3,0.001,312031,"broad prior, U(0.01,pi/4)",cusum,CUSUM on the pooled reference,596,1,"{""h"": 2.0, ""inc"": 1, ""k_drift"": 0.25, ""m_exploration"": 596, ""safeguard"": 0}",0.91788,0.917592,0.000492,0.9693,0.039,0.3588,0.01648,1.0,0.6281,1.0,0.01648,0.017191,50000
"U(0.01,0.1), eps=1e-03",narrow_e3,0.001,14538,"crossing sweep, eps=1e-3",cumulative,cumulative mean (Algorithm 4),4,1,"{""inc"": 1, ""l"": 3, ""m_exploration"": 4, ""safeguard"": 2}",0.66724,0.667184,0.000539,0.0,0.0,0.81588,0.09308,0.8333,0.3679,0.7429,0.02646,0.040721,50000
"U(0.01,0.1), eps=1e-03",narrow_e3,0.001,14538,"crossing sweep, eps=1e-3",window,moving-window mean,4,1,"{""inc"": 1, ""l"": 4, ""m_exploration"": 4, ""safeguard"": 0, ""w"": 2}",0.70112,0.700529,0.000585,3.3345,0.0731,0.90872,0.02624,0.8261,0.2779,0.8261,0.02624,0.060531,50000
"U(0.01,0.1), eps=1e-03",narrow_e3,0.001,14538,"crossing sweep, eps=1e-3",prepost,"pre/post windows, noise threshold",4,1,"{""inc"": 1, ""m_exploration"": 4, ""safeguard"": 0, ""w"": 8, ""z"": 1.5}",0.68934,0.69021,0.000531,2.3026,0.0685,0.90256,0.02034,0.8421,0.344,0.8421,0.02034,0.082817,50000
"U(0.01,0.1), eps=1e-03",narrow_e3,0.001,14538,"crossing sweep, eps=1e-3",threshold,Eq. (3.6) at lag $w$,4,1,"{""alpha"": 0.5, ""inc"": 1, ""l"": 4, ""lag"": 4, ""m_exploration"": 4, ""safeguard"": 3}",0.70366,0.702974,0.000374,3.579,0.0602,0.64886,0.24928,0.9048,0.3904,0.7917,0.00602,0.075113,50000
"U(0.01,0.1), eps=1e-03",narrow_e3,0.001,14538,"crossing sweep, eps=1e-3",pooled,Eq. (3.6) vs. pooled reference,4,1,"{""alpha"": 0.5, ""inc"": 1, ""l"": 3, ""m_exploration"": 4, ""safeguard"": 1}",0.68327,0.684199,0.000439,1.7015,0.0552,0.87856,0.04004,0.8333,0.3458,0.7778,0.0111,0.040721,50000
"U(0.01,0.1), eps=1e-03",narrow_e3,0.001,14538,"crossing sweep, eps=1e-3",cusum,CUSUM on the pooled reference,4,1,"{""h"": 3.0, ""inc"": 1, ""k_drift"": 0.0, ""m_exploration"": 4, ""safeguard"": 0}",0.67475,0.676202,0.000562,0.9018,0.0696,0.90922,0.0284,0.75,0.236,0.75,0.0284,0.047049,50000
"U(0.01,0.1), eps=1e-03",narrow_e3,0.001,20594,"crossing sweep, eps=1e-3",cumulative,cumulative mean (Algorithm 4),3,1,"{""inc"": 1, ""l"": 5, ""m_exploration"": 3, ""safeguard"": 3}",0.75726,0.75399,0.000757,0.0,0.0,0.71066,0.17892,0.9231,0.5215,0.7879,0.06022,0.039769,50000
"U(0.01,0.1), eps=1e-03",narrow_e3,0.001,20594,"crossing sweep, eps=1e-3",window,moving-window mean,3,1,"{""inc"": 1, ""l"": 4, ""m_exploration"": 3, ""safeguard"": 0, ""w"": 1}",0.7996,0.79881,0.000507,4.482,0.0846,0.95532,0.01272,0.7895,0.1671,0.7895,0.01272,0.028406,50000
"U(0.01,0.1), eps=1e-03",narrow_e3,0.001,20594,"crossing sweep, eps=1e-3",prepost,"pre/post windows, noise threshold",3,1,"{""inc"": 1, ""m_exploration"": 3, ""safeguard"": 0, ""w"": 12, ""z"": 1.5}",0.79096,0.79081,0.000416,3.682,0.0794,0.95526,0.0045,0.8333,0.2503,0.8333,0.0045,0.056958,50000
"U(0.01,0.1), eps=1e-03",narrow_e3,0.001,20594,"crossing sweep, eps=1e-3",threshold,Eq. (3.6) at lag $w$,3,1,"{""alpha"": 0.5, ""inc"": 1, ""l"": 4, ""lag"": 8, ""m_exploration"": 3, ""safeguard"": 6}",0.80447,0.803238,0.000584,4.9249,0.0894,0.38888,0.55818,1.0455,0.3121,0.8352,0.02952,0.06162,50000
"U(0.01,0.1), eps=1e-03",narrow_e3,0.001,20594,"crossing sweep, eps=1e-3",pooled,Eq. (3.6) vs. pooled reference,3,1,"{""alpha"": 0.5, ""inc"": 1, ""l"": 4, ""m_exploration"": 3, ""safeguard"": 1}",0.7839,0.783087,0.000567,2.9097,0.0809,0.85922,0.05664,0.8824,0.4281,0.8333,0.02168,0.032048,50000
"U(0.01,0.1), eps=1e-03",narrow_e3,0.001,20594,"crossing sweep, eps=1e-3",cusum,CUSUM on the pooled reference,3,1,"{""h"": 3.0, ""inc"": 1, ""k_drift"": 0.25, ""m_exploration"": 3, ""safeguard"": 2}",0.76938,0.768417,0.000587,1.4427,0.0867,0.74346,0.13442,0.8438,0.3899,0.7774,0.02784,0.035836,50000
"U(0.01,0.1), eps=1e-03",narrow_e3,0.001,29173,"crossing sweep, eps=1e-3",cumulative,cumulative mean (Algorithm 4),9,3,"{""inc"": 3, ""l"": 4, ""m_exploration"": 9, ""safeguard"": 3}",0.83328,0.832455,0.000694,0.0,0.0,0.3887,0.19994,0.9375,0.5963,0.8077,0.06068,0.062935,50000
"U(0.01,0.1), eps=1e-03",narrow_e3,0.001,29173,"crossing sweep, eps=1e-3",window,moving-window mean,9,3,"{""inc"": 3, ""l"": 3, ""m_exploration"": 9, ""safeguard"": 3, ""w"": 2}",0.84434,0.844344,0.000573,1.1888,0.084,0.47762,0.17794,0.913,0.4848,0.7895,0.02088,0.051829,50000
"U(0.01,0.1), eps=1e-03",narrow_e3,0.001,29173,"crossing sweep, eps=1e-3",prepost,"pre/post windows, noise threshold",9,3,"{""inc"": 3, ""m_exploration"": 9, ""safeguard"": 1, ""w"": 4, ""z"": 1.5}",0.86708,0.866565,0.000364,3.411,0.071,0.62576,0.02594,0.875,0.4029,0.8235,0.01204,0.051829,50000
"U(0.01,0.1), eps=1e-03",narrow_e3,0.001,29173,"crossing sweep, eps=1e-3",threshold,Eq. (3.6) at lag $w$,9,3,"{""alpha"": 0.2, ""inc"": 3, ""l"": 2, ""lag"": 3, ""m_exploration"": 9, ""safeguard"": 6}",0.86503,0.864755,0.000372,3.23,0.0721,0.29738,0.52402,1.0312,0.3969,0.8077,0.00814,0.051829,50000
"U(0.01,0.1), eps=1e-03",narrow_e3,0.001,29173,"crossing sweep, eps=1e-3",pooled,Eq. (3.6) vs. pooled reference,9,3,"{""alpha"": 0.5, ""inc"": 3, ""l"": 4, ""m_exploration"": 9, ""safeguard"": 2}",0.86308,0.862398,0.000471,2.9942,0.0694,0.45606,0.10782,0.931,0.6086,0.8462,0.01312,0.062935,50000
"U(0.01,0.1), eps=1e-03",narrow_e3,0.001,29173,"crossing sweep, eps=1e-3",cusum,CUSUM on the pooled reference,9,3,"{""h"": 3.0, ""inc"": 3, ""k_drift"": 0.25, ""m_exploration"": 9, ""safeguard"": 2}",0.85166,0.851453,0.000542,1.8998,0.0732,0.46876,0.1467,0.9176,0.5346,0.8235,0.03366,0.051829,50000
"U(0.01,0.1), eps=1e-03",narrow_e3,0.001,58543,"crossing sweep, eps=1e-3",cumulative,cumulative mean (Algorithm 4),30,3,"{""inc"": 3, ""l"": 2, ""m_exploration"": 30, ""safeguard"": 1}",0.94397,0.943063,0.000374,0.0,0.0,0.54982,0.06846,0.8333,0.4069,0.7778,0.01944,0.039971,50000
"U(0.01,0.1), eps=1e-03",narrow_e3,0.001,58543,"crossing sweep, eps=1e-3",window,moving-window mean,30,3,"{""inc"": 3, ""l"": 2, ""m_exploration"": 30, ""safeguard"": 2, ""w"": 1}",0.94598,0.946546,0.000313,0.3483,0.0478,0.57658,0.0581,0.8442,0.3971,0.7619,0.00528,0.053807,50000
"U(0.01,0.1), eps=1e-03",narrow_e3,0.001,58543,"crossing sweep, eps=1e-3",prepost,"pre/post windows, noise threshold",30,3,"{""inc"": 3, ""m_exploration"": 30, ""safeguard"": 0, ""w"": 3, ""z"": 1.0}",0.95914,0.959043,0.000134,1.598,0.0383,0.75126,0.0007,0.8182,0.2453,0.8182,0.0007,0.053807,50000
"U(0.01,0.1), eps=1e-03",narrow_e3,0.001,58543,"crossing sweep, eps=1e-3",threshold,Eq. (3.6) at lag $w$,30,3,"{""alpha"": 0.2, ""inc"": 3, ""l"": 2, ""lag"": 2, ""m_exploration"": 30, ""safeguard"": 3}",0.95751,0.957382,0.000254,1.4319,0.0441,0.35954,0.31938,0.9661,0.5506,0.84,0.00666,0.06918,50000
"U(0.01,0.1), eps=1e-03",narrow_e3,0.001,58543,"crossing sweep, eps=1e-3",pooled,Eq. (3.6) vs. pooled reference,30,3,"{""alpha"": 0.5, ""inc"": 3, ""l"": 3, ""m_exploration"": 30, ""safeguard"": 1}",0.95186,0.951592,0.000304,0.8529,0.0343,0.4737,0.05836,0.9,0.5215,0.8696,0.00976,0.06918,50000
"U(0.01,0.1), eps=1e-03",narrow_e3,0.001,58543,"crossing sweep, eps=1e-3",cusum,CUSUM on the pooled reference,30,3,"{""h"": 1.0, ""inc"": 3, ""k_drift"": 0.5, ""m_exploration"": 30, ""safeguard"": 2}",0.95321,0.952895,0.000219,0.9832,0.0394,0.44178,0.12744,0.9231,0.5299,0.8125,0.00724,0.053807,50000
"U(0.01,0.1), eps=1e-04",narrow_e4,0.0001,1453804,"crossing sweep, eps=1e-4",cumulative,cumulative mean (Algorithm 4),67,1,"{""inc"": 1, ""l"": 8, ""m_exploration"": 67, ""safeguard"": 1}",0.77358,0.773179,0.000568,0.0,0.0,0.34424,0.14432,1.0,0.9255,0.9565,0.02052,0.024195,50000
"U(0.01,0.1), eps=1e-04",narrow_e4,0.0001,1453804,"crossing sweep, eps=1e-4",window,moving-window mean,67,1,"{""inc"": 1, ""l"": 6, ""m_exploration"": 67, ""safeguard"": 2, ""w"": 4}",0.75587,0.756817,0.000646,-1.6361,0.0679,0.37676,0.28508,1.0,0.8628,0.9231,0.02074,0.019494,50000
"U(0.01,0.1), eps=1e-04",narrow_e4,0.0001,1453804,"crossing sweep, eps=1e-4",prepost,"pre/post windows, noise threshold",67,1,"{""inc"": 1, ""m_exploration"": 67, ""safeguard"": 0, ""w"": 8, ""z"": 3.0}",0.76482,0.764742,0.000622,-0.8437,0.0564,0.92096,0.02638,0.9143,0.5769,0.9143,0.02638,0.021015,50000
"U(0.01,0.1), eps=1e-04",narrow_e4,0.0001,1453804,"crossing sweep, eps=1e-4",threshold,Eq. (3.6) at lag $w$,67,1,"{""alpha"": 0.5, ""inc"": 1, ""l"": 6, ""lag"": 4, ""m_exploration"": 67, ""safeguard"": 3}",0.76581,0.765119,0.000572,-0.8059,0.0593,0.3014,0.41556,1.0,0.8227,0.9048,0.01002,0.021015,50000
"U(0.01,0.1), eps=1e-04",narrow_e4,0.0001,1453804,"crossing sweep, eps=1e-4",pooled,Eq. (3.6) vs. pooled reference,67,1,"{""alpha"": 0.5, ""inc"": 1, ""l"": 8, ""m_exploration"": 67, ""safeguard"": 1}",0.7837,0.783837,0.000491,1.0658,0.0391,0.40986,0.07508,1.0,0.9426,0.9565,0.00332,0.024195,50000
"U(0.01,0.1), eps=1e-04",narrow_e4,0.0001,1453804,"crossing sweep, eps=1e-4",cusum,CUSUM on the pooled reference,67,1,"{""h"": 6.0, ""inc"": 1, ""k_drift"": 0.5, ""m_exploration"": 67, ""safeguard"": 2}",0.77441,0.774928,0.000542,0.175,0.0422,0.2376,0.37286,1.0,0.914,0.9355,0.01292,0.019494,50000
"U(0.01,0.1), eps=1e-04",narrow_e4,0.0001,2059436,"crossing sweep, eps=1e-4",cumulative,cumulative mean (Algorithm 4),113,1,"{""inc"": 1, ""l"": 8, ""m_exploration"": 113, ""safeguard"": 1}",0.84445,0.8438,0.000463,0.0,0.0,0.3194,0.12122,1.0,0.91,0.9583,0.01192,0.028806,50000
"U(0.01,0.1), eps=1e-04",narrow_e4,0.0001,2059436,"crossing sweep, eps=1e-4",window,moving-window mean,113,1,"{""inc"": 1, ""l"": 6, ""m_exploration"": 113, ""safeguard"": 2, ""w"": 4}",0.82795,0.828811,0.000543,-1.4989,0.0536,0.36816,0.25772,1.0,0.8595,0.9189,0.01374,0.02321,50000
"U(0.01,0.1), eps=1e-04",narrow_e4,0.0001,2059436,"crossing sweep, eps=1e-4",prepost,"pre/post windows, noise threshold",113,1,"{""inc"": 1, ""m_exploration"": 113, ""safeguard"": 0, ""w"": 8, ""z"": 3.0}",0.83868,0.839056,0.000465,-0.4744,0.0336,0.95204,0.00932,0.8966,0.4949,0.8966,0.00932,0.02321,50000
"U(0.01,0.1), eps=1e-04",narrow_e4,0.0001,2059436,"crossing sweep, eps=1e-4",threshold,Eq. (3.6) at lag $w$,113,1,"{""alpha"": 0.2, ""inc"": 1, ""l"": 4, ""lag"": 4, ""m_exploration"": 113, ""safeguard"": 3}",0.84188,0.841735,0.000399,-0.2065,0.0376,0.18958,0.54622,1.0196,0.8104,0.913,0.00168,0.021454,50000
"U(0.01,0.1), eps=1e-04",narrow_e4,0.0001,2059436,"crossing sweep, eps=1e-4",pooled,Eq. (3.6) vs. pooled reference,113,1,"{""alpha"": 0.5, ""inc"": 1, ""l"": 8, ""m_exploration"": 113, ""safeguard"": 1}",0.84986,0.849195,0.000423,0.5395,0.026,0.35516,0.06862,1.0,0.9302,0.9583,0.0032,0.028806,50000
"U(0.01,0.1), eps=1e-04",narrow_e4,0.0001,2059436,"crossing sweep, eps=1e-4",cusum,CUSUM on the pooled reference,113,1,"{""h"": 6.0, ""inc"": 1, ""k_drift"": 0.5, ""m_exploration"": 113, ""safeguard"": 2}",0.84262,0.843224,0.000449,-0.0576,0.0297,0.23082,0.32894,1.0,0.9109,0.9333,0.0052,0.021454,50000
"U(0.01,0.1), eps=1e-04",narrow_e4,0.0001,4132694,"crossing sweep, eps=1e-4",cumulative,cumulative mean (Algorithm 4),231,1,"{""inc"": 1, ""l"": 8, ""m_exploration"": 231, ""safeguard"": 1}",0.94546,0.945189,0.000307,0.0,0.0,0.31006,0.09588,1.0,0.8973,0.9565,0.00582,0.029345,50000
"U(0.01,0.1), eps=1e-04",narrow_e4,0.0001,4132694,"crossing sweep, eps=1e-4",window,moving-window mean,231,1,"{""inc"": 1, ""l"": 6, ""m_exploration"": 231, ""safeguard"": 2, ""w"": 4}",0.93693,0.9362,0.000368,-0.8989,0.0375,0.37826,0.20594,1.0,0.8539,0.913,0.00794,0.023644,50000
"U(0.01,0.1), eps=1e-04",narrow_e4,0.0001,4132694,"crossing sweep, eps=1e-4",prepost,"pre/post windows, noise threshold",231,1,"{""inc"": 1, ""m_exploration"": 231, ""safeguard"": 0, ""w"": 6, ""z"": 3.0}",0.94175,0.941463,0.000361,-0.3726,0.0328,0.92962,0.01238,0.9259,0.6347,0.9259,0.01238,0.021855,50000
"U(0.01,0.1), eps=1e-04",narrow_e4,0.0001,4132694,"crossing sweep, eps=1e-4",threshold,Eq. (3.6) at lag $w$,231,1,"{""alpha"": 0.2, ""inc"": 1, ""l"": 4, ""lag"": 3, ""m_exploration"": 231, ""safeguard"": 2}",0.94432,0.944283,0.000358,-0.0907,0.0411,0.1597,0.45024,1.0,0.937,0.9444,0.00726,0.023644,50000
"U(0.01,0.1), eps=1e-04",narrow_e4,0.0001,4132694,"crossing sweep, eps=1e-4",pooled,Eq. (3.6) vs. pooled reference,231,1,"{""alpha"": 0.5, ""inc"": 1, ""l"": 8, ""m_exploration"": 231, ""safeguard"": 1}",0.94668,0.946889,0.000289,0.17,0.014,0.31896,0.06172,1.0,0.9209,0.9583,0.0034,0.029345,50000
"U(0.01,0.1), eps=1e-04",narrow_e4,0.0001,4132694,"crossing sweep, eps=1e-4",cusum,CUSUM on the pooled reference,231,1,"{""h"": 4.0, ""inc"": 1, ""k_drift"": 0.5, ""m_exploration"": 231, ""safeguard"": 1}",0.94665,0.946599,0.000271,0.1409,0.025,0.27148,0.2429,1.0,0.8724,0.96,0.01192,0.020122,50000
