m_exploration,alpha,rho,false_alarm_max,false_alarm_at_r090,r_power90,rel_bias_at_r90
50,0.5,exact,0.6331,0.3469,1.005,0.01
50,0.5,1.5,0.4914,0.4222,1.064,0.1202
50,0.5,3,0.4776,0.4419,1.1057,0.1912
50,0.5,6,0.5174,0.4514,1.2117,0.3495
50,0.05,exact,0.0672,0.0339,1.0741,0.1379
50,0.05,1.5,0.1803,0.1734,1.1003,0.1824
50,0.05,3,0.2784,0.2319,1.1433,0.2506
50,0.05,6,0.4257,0.3177,1.2433,0.3913
200,0.5,exact,0.6322,0.5428,1.005,0.01
200,0.5,1.5,0.4962,0.4853,1.0341,0.0659
200,0.5,3,0.5006,0.4635,1.0506,0.0964
200,0.5,6,0.4788,0.4729,1.0951,0.1737
200,0.05,exact,0.0563,0.0265,1.0391,0.0752
200,0.05,1.5,0.1808,0.1661,1.052,0.0988
200,0.05,3,0.2925,0.2801,1.0696,0.1301
200,0.05,6,0.3748,0.3602,1.1139,0.2046
800,0.5,exact,0.5652,0.4925,1.005,0.01
800,0.5,1.5,0.5012,0.4939,1.0171,0.0335
800,0.5,3,0.4954,0.4863,1.0257,0.05
800,0.5,6,0.4893,0.4873,1.0458,0.0877
800,0.05,exact,0.0536,0.0405,1.0192,0.0377
800,0.05,1.5,0.1792,0.175,1.0265,0.0517
800,0.05,3,0.2961,0.2951,1.0344,0.0665
800,0.05,6,0.3835,0.3777,1.0548,0.104
