setting,scenario_id,phi_min,phi_max,eps,algorithm,implementation_variant,budget,params,R,seed_test,error_variance,error_bias,error_mse,n_finite
"U(0.01,0.1), eps=1e-03",narrow_e3,0.01,0.1,0.001,brute,qmetrology.algorithms.find_phi_fixed_budget_brute_force,896,{},50000,2024,2.1746355128031963e-05,0.00013493889744861106,2.1764128706974048e-05,50000
"U(0.01,0.1), eps=1e-03",narrow_e3,0.01,0.1,0.001,linear,qmetrology.algorithms.find_phi_fixed_budget_linear_search,896,"{""inc"": 2, ""lookback_window"": 1, ""m_exploration"": 1, ""safeguard"": 1}",50000,2024,3.7475046480542135e-05,-0.0006455658775122862,3.7891050538935084e-05,49884
"U(0.01,0.1), eps=1e-03",narrow_e3,0.01,0.1,0.001,binary_deep,qmetrology.algorithms.find_phi_fixed_budget_binary_search_deep,896,"{""conf"": 0.5, ""m_exploration"": 10}",50000,2024,2.7099818201507793e-05,0.0002462628472610255,2.715992159508487e-05,50000
"U(0.01,0.1), eps=1e-03",narrow_e3,0.01,0.1,0.001,reverse_eng_risk,qmetrology.algorithms.find_phi_fixed_budget_reverse_engineering_risk,896,"{""m_exploration"": 10}",50000,2024,2.3349958877146266e-05,0.0004513566211751552,2.355320889054577e-05,49388
"U(0.01,0.1), eps=1e-03",narrow_e3,0.01,0.1,0.001,brute,qmetrology.algorithms.find_phi_fixed_budget_brute_force,1270,{},50000,2024,1.4865996609999856e-05,0.0001071651616732177,1.4877183661944102e-05,50000
"U(0.01,0.1), eps=1e-03",narrow_e3,0.01,0.1,0.001,linear,qmetrology.algorithms.find_phi_fixed_budget_linear_search,1270,"{""inc"": 2, ""lookback_window"": 1, ""m_exploration"": 1, ""safeguard"": 1}",50000,2024,3.0893837965568276e-05,-0.0006958544128438009,3.137743319306588e-05,49979
"U(0.01,0.1), eps=1e-03",narrow_e3,0.01,0.1,0.001,binary_deep,qmetrology.algorithms.find_phi_fixed_budget_binary_search_deep,1270,"{""conf"": 0.5, ""m_exploration"": 16}",50000,2024,1.7144244528679366e-05,0.00026011458669725814,1.721156124200148e-05,50000
"U(0.01,0.1), eps=1e-03",narrow_e3,0.01,0.1,0.001,reverse_eng_risk,qmetrology.algorithms.find_phi_fixed_budget_reverse_engineering_risk,1270,"{""m_exploration"": 10}",50000,2024,1.6057547509549456e-05,0.0002555198281304071,1.612251552261032e-05,49811
"U(0.01,0.1), eps=1e-03",narrow_e3,0.01,0.1,0.001,brute,qmetrology.algorithms.find_phi_fixed_budget_brute_force,1799,{},50000,2024,1.0193397564502167e-05,7.374561146301326e-05,1.019863211176093e-05,50000
"U(0.01,0.1), eps=1e-03",narrow_e3,0.01,0.1,0.001,linear,qmetrology.algorithms.find_phi_fixed_budget_linear_search,1799,"{""inc"": 2, ""lookback_window"": 1, ""m_exploration"": 1, ""safeguard"": 1}",50000,2024,2.6809141040663778e-05,-0.0007426861833978822,2.736018762485308e-05,50000
"U(0.01,0.1), eps=1e-03",narrow_e3,0.01,0.1,0.001,binary_deep,qmetrology.algorithms.find_phi_fixed_budget_binary_search_deep,1799,"{""conf"": 0.5, ""m_exploration"": 22}",50000,2024,1.13024416348838e-05,0.00022936404889649172,1.1354823452977296e-05,50000
"U(0.01,0.1), eps=1e-03",narrow_e3,0.01,0.1,0.001,reverse_eng_risk,qmetrology.algorithms.find_phi_fixed_budget_reverse_engineering_risk,1799,"{""m_exploration"": 10}",50000,2024,1.0870024862100112e-05,0.0001206690943271202,1.0884368156615448e-05,49923
"U(0.01,0.1), eps=1e-03",narrow_e3,0.01,0.1,0.001,brute,qmetrology.algorithms.find_phi_fixed_budget_brute_force,2548,{},50000,2024,6.926988815327089e-06,5.1462989952155206e-05,6.929498714885598e-06,50000
"U(0.01,0.1), eps=1e-03",narrow_e3,0.01,0.1,0.001,linear,qmetrology.algorithms.find_phi_fixed_budget_linear_search,2548,"{""inc"": 2, ""lookback_window"": 1, ""m_exploration"": 1, ""safeguard"": 0}",50000,2024,3.2745621978117216e-05,-0.0010064185420530802,3.37578453474659e-05,50000
"U(0.01,0.1), eps=1e-03",narrow_e3,0.01,0.1,0.001,binary_deep,qmetrology.algorithms.find_phi_fixed_budget_binary_search_deep,2548,"{""conf"": 0.5, ""m_exploration"": 26}",50000,2024,7.4440510577723105e-06,0.00014632971434904563,7.465314562052628e-06,50000
"U(0.01,0.1), eps=1e-03",narrow_e3,0.01,0.1,0.001,reverse_eng_risk,qmetrology.algorithms.find_phi_fixed_budget_reverse_engineering_risk,2548,"{""m_exploration"": 21}",50000,2024,7.0300167166325885e-06,0.000140142036766509,7.049515864574563e-06,49985
"U(0.01,0.1), eps=1e-03",narrow_e3,0.01,0.1,0.001,brute,qmetrology.algorithms.find_phi_fixed_budget_brute_force,3610,{},50000,2024,4.825672644048322e-06,4.9075113786867766e-05,4.827984497388636e-06,50000
"U(0.01,0.1), eps=1e-03",narrow_e3,0.01,0.1,0.001,linear,qmetrology.algorithms.find_phi_fixed_budget_linear_search,3610,"{""inc"": 2, ""lookback_window"": 1, ""m_exploration"": 2, ""safeguard"": 1}",50000,2024,7.754225579924613e-06,-0.00017997219322888664,7.786460467136256e-06,49994
"U(0.01,0.1), eps=1e-03",narrow_e3,0.01,0.1,0.001,binary_deep,qmetrology.algorithms.find_phi_fixed_budget_binary_search_deep,3610,"{""conf"": 0.5, ""m_exploration"": 37}",50000,2024,4.724563692301056e-06,0.0001314451184045154,4.741747020179587e-06,50000
"U(0.01,0.1), eps=1e-03",narrow_e3,0.01,0.1,0.001,reverse_eng_risk,qmetrology.algorithms.find_phi_fixed_budget_reverse_engineering_risk,3610,"{""m_exploration"": 24}",50000,2024,4.812786755050087e-06,7.797683478358813e-05,4.818770880302162e-06,49997
"U(0.01,0.1), eps=1e-03",narrow_e3,0.01,0.1,0.001,brute,qmetrology.algorithms.find_phi_fixed_budget_brute_force,5114,{},50000,2024,3.367750324671318e-06,3.815057693375276e-05,3.3691384361852026e-06,50000
"U(0.01,0.1), eps=1e-03",narrow_e3,0.01,0.1,0.001,linear,qmetrology.algorithms.find_phi_fixed_budget_linear_search,5114,"{""inc"": 3, ""lookback_window"": 1, ""m_exploration"": 4, ""safeguard"": 0}",50000,2024,8.909753291486418e-06,-0.00037660848776399197,9.051408903236598e-06,49959
"U(0.01,0.1), eps=1e-03",narrow_e3,0.01,0.1,0.001,binary_deep,qmetrology.algorithms.find_phi_fixed_budget_binary_search_deep,5114,"{""conf"": 0.5, ""m_exploration"": 51}",50000,2024,3.105029847072136e-06,0.00010033387956150383,3.115034633863057e-06,50000
"U(0.01,0.1), eps=1e-03",narrow_e3,0.01,0.1,0.001,reverse_eng_risk,qmetrology.algorithms.find_phi_fixed_budget_reverse_engineering_risk,5114,"{""m_exploration"": 28}",50000,2024,3.2913961971527506e-06,3.765493191892721e-05,3.2927482631266264e-06,50000
"U(0.01,0.1), eps=1e-03",narrow_e3,0.01,0.1,0.001,brute,qmetrology.algorithms.find_phi_fixed_budget_brute_force,7244,{},50000,2024,2.3323448685811317e-06,2.104356089502893e-05,2.3327410531389027e-06,50000
"U(0.01,0.1), eps=1e-03",narrow_e3,0.01,0.1,0.001,linear,qmetrology.algorithms.find_phi_fixed_budget_linear_search,7244,"{""inc"": 1, ""lookback_window"": 4, ""m_exploration"": 2, ""safeguard"": 2}",50000,2024,6.517590925051512e-06,-0.00019936850946884106,6.557208375800839e-06,50000
"U(0.01,0.1), eps=1e-03",narrow_e3,0.01,0.1,0.001,binary_deep,qmetrology.algorithms.find_phi_fixed_budget_binary_search_deep,7244,"{""conf"": 0.5, ""m_exploration"": 76}",50000,2024,2.024612537193985e-06,9.795332607680645e-05,2.0341668990327504e-06,50000
"U(0.01,0.1), eps=1e-03",narrow_e3,0.01,0.1,0.001,reverse_eng_risk,qmetrology.algorithms.find_phi_fixed_budget_reverse_engineering_risk,7244,"{""m_exploration"": 30}",50000,2024,2.307746442292643e-06,9.678653529427025e-06,2.30779396369794e-06,50000
"U(0.01,0.1), eps=1e-03",narrow_e3,0.01,0.1,0.001,brute,qmetrology.algorithms.find_phi_fixed_budget_brute_force,10000,{},50000,2024,1.6787605323377282e-06,8.591292041454689e-06,1.6788007674260231e-06,50000
"U(0.01,0.1), eps=1e-03",narrow_e3,0.01,0.1,0.001,linear,qmetrology.algorithms.find_phi_fixed_budget_linear_search,10000,"{""inc"": 1, ""lookback_window"": 4, ""m_exploration"": 2, ""safeguard"": 1}",50000,2024,8.8983721855559e-06,-0.00046221823519640415,9.111839915060267e-06,50000
"U(0.01,0.1), eps=1e-03",narrow_e3,0.01,0.1,0.001,binary_deep,qmetrology.algorithms.find_phi_fixed_budget_binary_search_deep,10000,"{""conf"": 0.5, ""m_exploration"": 114}",50000,2024,1.3998602508531965e-06,8.287489788117397e-05,1.4067005023469944e-06,50000
"U(0.01,0.1), eps=1e-03",narrow_e3,0.01,0.1,0.001,reverse_eng_risk,qmetrology.algorithms.find_phi_fixed_budget_reverse_engineering_risk,10000,"{""m_exploration"": 44}",50000,2024,1.502341438577465e-06,2.4965879683191344e-05,1.5029346868970493e-06,50000
"U(0.01,0.1), eps=1e-03",narrow_e3,0.01,0.1,0.001,brute,qmetrology.algorithms.find_phi_fixed_budget_brute_force,10262,{},50000,2024,1.6375877903734701e-06,9.494751173161597e-06,1.637645188917503e-06,50000
"U(0.01,0.1), eps=1e-03",narrow_e3,0.01,0.1,0.001,linear,qmetrology.algorithms.find_phi_fixed_budget_linear_search,10262,"{""inc"": 1, ""lookback_window"": 4, ""m_exploration"": 2, ""safeguard"": 2}",50000,2024,5.736138327963797e-06,-0.00024111841175858216,5.79416169368622e-06,50000
"U(0.01,0.1), eps=1e-03",narrow_e3,0.01,0.1,0.001,binary_deep,qmetrology.algorithms.find_phi_fixed_budget_binary_search_deep,10262,"{""conf"": 0.5, ""m_exploration"": 105}",50000,2024,1.3442375310627519e-06,7.5965891637004e-05,1.3499814630043355e-06,50000
"U(0.01,0.1), eps=1e-03",narrow_e3,0.01,0.1,0.001,reverse_eng_risk,qmetrology.algorithms.find_phi_fixed_budget_reverse_engineering_risk,10262,"{""m_exploration"": 37}",50000,2024,1.5390643556641308e-06,1.0608860465394458e-05,1.5391461222973918e-06,50000
"U(0.01,0.1), eps=1e-03",narrow_e3,0.01,0.1,0.001,brute,qmetrology.algorithms.find_phi_fixed_budget_brute_force,14538,{},50000,2024,1.1434778650943269e-06,7.916737263306324e-06,1.1435176702659212e-06,50000
"U(0.01,0.1), eps=1e-03",narrow_e3,0.01,0.1,0.001,linear,qmetrology.algorithms.find_phi_fixed_budget_linear_search,14538,"{""inc"": 1, ""lookback_window"": 3, ""m_exploration"": 4, ""safeguard"": 2}",50000,2024,1.5252286908232738e-06,-2.7116504223600684e-05,1.525933491050766e-06,50000
"U(0.01,0.1), eps=1e-03",narrow_e3,0.01,0.1,0.001,binary_deep,qmetrology.algorithms.find_phi_fixed_budget_binary_search_deep,14538,"{""conf"": 0.5, ""m_exploration"": 169}",50000,2024,9.106881794186619e-07,6.621684464460181e-05,9.150546361697609e-07,50000
"U(0.01,0.1), eps=1e-03",narrow_e3,0.01,0.1,0.001,reverse_eng_risk,qmetrology.algorithms.find_phi_fixed_budget_reverse_engineering_risk,14538,"{""m_exploration"": 55}",50000,2024,9.294427046473539e-07,1.9258249316906805e-05,9.29794995960013e-07,50000
"U(0.01,0.1), eps=1e-03",narrow_e3,0.01,0.1,0.001,brute,qmetrology.algorithms.find_phi_fixed_budget_brute_force,20594,{},50000,2024,8.078247786959237e-07,5.4611515640780765e-06,8.078384463767556e-07,50000
"U(0.01,0.1), eps=1e-03",narrow_e3,0.01,0.1,0.001,linear,qmetrology.algorithms.find_phi_fixed_budget_linear_search,20594,"{""inc"": 1, ""lookback_window"": 6, ""m_exploration"": 3, ""safeguard"": 3}",50000,2024,2.4897238266222095e-06,-0.00011090409348712011,2.5019737500978774e-06,50000
"U(0.01,0.1), eps=1e-03",narrow_e3,0.01,0.1,0.001,binary_deep,qmetrology.algorithms.find_phi_fixed_budget_binary_search_deep,20594,"{""conf"": 0.5, ""m_exploration"": 219}",50000,2024,6.118667484751091e-07,4.789745102062578e-05,6.141486769544129e-07,50000
"U(0.01,0.1), eps=1e-03",narrow_e3,0.01,0.1,0.001,reverse_eng_risk,qmetrology.algorithms.find_phi_fixed_budget_reverse_engineering_risk,20594,"{""m_exploration"": 67}",50000,2024,6.305433605943815e-07,1.5297650291772934e-05,6.30764767831619e-07,50000
"U(0.01,0.1), eps=1e-03",narrow_e3,0.01,0.1,0.001,brute,qmetrology.algorithms.find_phi_fixed_budget_brute_force,29173,{},50000,2024,5.693187509981567e-07,-7.172095580035001e-07,5.693078790126868e-07,50000
"U(0.01,0.1), eps=1e-03",narrow_e3,0.01,0.1,0.001,linear,qmetrology.algorithms.find_phi_fixed_budget_linear_search,29173,"{""inc"": 3, ""lookback_window"": 4, ""m_exploration"": 9, ""safeguard"": 3}",50000,2024,8.086389893542927e-07,-4.9233405172151555e-05,8.110467447593508e-07,50000
"U(0.01,0.1), eps=1e-03",narrow_e3,0.01,0.1,0.001,binary_deep,qmetrology.algorithms.find_phi_fixed_budget_binary_search_deep,29173,"{""conf"": 0.5, ""m_exploration"": 289}",50000,2024,4.155554381703844e-07,3.490898383100148e-05,4.1676576421373413e-07,50000
"U(0.01,0.1), eps=1e-03",narrow_e3,0.01,0.1,0.001,reverse_eng_risk,qmetrology.algorithms.find_phi_fixed_budget_reverse_engineering_risk,29173,"{""m_exploration"": 91}",50000,2024,4.1979139352940226e-07,1.1585382054754671e-05,4.199172187788863e-07,50000
"U(0.01,0.1), eps=1e-03",narrow_e3,0.01,0.1,0.001,brute,qmetrology.algorithms.find_phi_fixed_budget_brute_force,41326,{},50000,2024,4.055856297673171e-07,2.164115044760603e-06,4.055822014486487e-07,50000
"U(0.01,0.1), eps=1e-03",narrow_e3,0.01,0.1,0.001,linear,qmetrology.algorithms.find_phi_fixed_budget_linear_search,41326,"{""inc"": 2, ""lookback_window"": 3, ""m_exploration"": 15, ""safeguard"": 2}",50000,2024,4.631359799263665e-07,5.16940089207778e-06,4.6315343991235094e-07,50000
"U(0.01,0.1), eps=1e-03",narrow_e3,0.01,0.1,0.001,binary_deep,qmetrology.algorithms.find_phi_fixed_budget_binary_search_deep,41326,"{""conf"": 0.5, ""m_exploration"": 421}",50000,2024,2.876166676513717e-07,3.0395456923128565e-05,2.885347991195844e-07,50000
"U(0.01,0.1), eps=1e-03",narrow_e3,0.01,0.1,0.001,reverse_eng_risk,qmetrology.algorithms.find_phi_fixed_budget_reverse_engineering_risk,41326,"{""m_exploration"": 160}",50000,2024,2.6428520201468306e-07,1.521430534791389e-05,2.6451139139786233e-07,50000
"U(0.01,0.1), eps=1e-03",narrow_e3,0.01,0.1,0.001,brute,qmetrology.algorithms.find_phi_fixed_budget_brute_force,58543,{},50000,2024,2.8422796655953936e-07,2.4433640499551598e-06,2.842282520280888e-07,50000
"U(0.01,0.1), eps=1e-03",narrow_e3,0.01,0.1,0.001,linear,qmetrology.algorithms.find_phi_fixed_budget_linear_search,58543,"{""inc"": 3, ""lookback_window"": 2, ""m_exploration"": 30, ""safeguard"": 1}",50000,2024,3.381277620249379e-07,-1.1738321959823343e-05,3.382587876721299e-07,50000
"U(0.01,0.1), eps=1e-03",narrow_e3,0.01,0.1,0.001,binary_deep,qmetrology.algorithms.find_phi_fixed_budget_binary_search_deep,58543,"{""conf"": 0.5, ""m_exploration"": 21}",50000,2024,2.2245909487049805e-06,-0.0001050661592352054,2.235585354702444e-06,50000
"U(0.01,0.1), eps=1e-03",narrow_e3,0.01,0.1,0.001,reverse_eng_risk,qmetrology.algorithms.find_phi_fixed_budget_reverse_engineering_risk,58543,"{""m_exploration"": 136}",50000,2024,1.865597114626375e-07,6.337901892753637e-06,1.8659614926881043e-07,50000
"U(0.01,0.1), eps=1e-03",narrow_e3,0.01,0.1,0.001,brute,qmetrology.algorithms.find_phi_fixed_budget_brute_force,82931,{},50000,2024,2.0055881796884668e-07,3.0527105488889307e-06,2.005641258341826e-07,50000
"U(0.01,0.1), eps=1e-03",narrow_e3,0.01,0.1,0.001,linear,qmetrology.algorithms.find_phi_fixed_budget_linear_search,82931,"{""inc"": 2, ""lookback_window"": 2, ""m_exploration"": 34, ""safeguard"": 1}",50000,2024,1.9903942848846016e-07,7.555804760415993e-07,1.9903601860174618e-07,50000
"U(0.01,0.1), eps=1e-03",narrow_e3,0.01,0.1,0.001,binary_deep,qmetrology.algorithms.find_phi_fixed_budget_binary_search_deep,82931,"{""conf"": 0.5, ""m_exploration"": 896}",50000,2024,1.411742662963357e-07,1.6894591781110163e-05,1.4145687004246015e-07,50000
"U(0.01,0.1), eps=1e-03",narrow_e3,0.01,0.1,0.001,reverse_eng_risk,qmetrology.algorithms.find_phi_fixed_budget_reverse_engineering_risk,82931,"{""m_exploration"": 273}",50000,2024,1.2901817071644117e-07,6.865015883463301e-06,1.2906271879610703e-07,50000
"U(0.01,0.1), eps=1e-03",narrow_e3,0.01,0.1,0.001,brute,qmetrology.algorithms.find_phi_fixed_budget_brute_force,117479,{},50000,2024,1.413307295733321e-07,2.26004648940777e-06,1.413330107688749e-07,50000
"U(0.01,0.1), eps=1e-03",narrow_e3,0.01,0.1,0.001,linear,qmetrology.algorithms.find_phi_fixed_budget_linear_search,117479,"{""inc"": 2, ""lookback_window"": 1, ""m_exploration"": 30, ""safeguard"": 1}",50000,2024,1.4697584198646003e-07,-2.12610000030073e-06,1.469774227708316e-07,50000
"U(0.01,0.1), eps=1e-03",narrow_e3,0.01,0.1,0.001,binary_deep,qmetrology.algorithms.find_phi_fixed_budget_binary_search_deep,117479,"{""conf"": 0.5, ""m_exploration"": 1557}",50000,2024,1.028581959382915e-07,1.3123510837866112e-05,1.0302836531108433e-07,50000
"U(0.01,0.1), eps=1e-03",narrow_e3,0.01,0.1,0.001,reverse_eng_risk,qmetrology.algorithms.find_phi_fixed_budget_reverse_engineering_risk,117479,"{""m_exploration"": 244}",50000,2024,9.028042955449715e-08,3.9211772422524125e-06,9.02939995768712e-08,50000
"U(0.01,0.1), eps=1e-03",narrow_e3,0.01,0.1,0.001,brute,qmetrology.algorithms.find_phi_fixed_budget_brute_force,166419,{},50000,2024,9.994148798608765e-08,2.427077911233769e-06,9.994537986351512e-08,50000
"U(0.01,0.1), eps=1e-03",narrow_e3,0.01,0.1,0.001,linear,qmetrology.algorithms.find_phi_fixed_budget_linear_search,166419,"{""inc"": 1, ""lookback_window"": 1, ""m_exploration"": 39, ""safeguard"": 1}",50000,2024,1.0189042573067882e-07,-5.361314607978068e-07,1.0188867535910747e-07,50000
"U(0.01,0.1), eps=1e-03",narrow_e3,0.01,0.1,0.001,binary_deep,qmetrology.algorithms.find_phi_fixed_budget_binary_search_deep,166419,"{""conf"": 0.5, ""m_exploration"": 1703}",50000,2024,6.794853845356695e-08,6.937007040506833e-06,6.799530154947791e-08,50000
"U(0.01,0.1), eps=1e-03",narrow_e3,0.01,0.1,0.001,reverse_eng_risk,qmetrology.algorithms.find_phi_fixed_budget_reverse_engineering_risk,166419,"{""m_exploration"": 25}",50000,2024,7.775289718276906e-08,2.599020287788023e-06,7.775809703128174e-08,50000
"U(0.01,0.1), eps=1e-03",narrow_e3,0.01,0.1,0.001,brute,qmetrology.algorithms.find_phi_fixed_budget_brute_force,235746,{},50000,2024,7.040388223133255e-08,1.1573132299502475e-06,7.040381352760014e-08,50000
"U(0.01,0.1), eps=1e-03",narrow_e3,0.01,0.1,0.001,linear,qmetrology.algorithms.find_phi_fixed_budget_linear_search,235746,"{""inc"": 1, ""lookback_window"": 1, ""m_exploration"": 6, ""safeguard"": 2}",50000,2024,7.677253063712904e-08,-1.0062846425455614e-06,7.677200779529811e-08,50000
"U(0.01,0.1), eps=1e-03",narrow_e3,0.01,0.1,0.001,binary_deep,qmetrology.algorithms.find_phi_fixed_budget_binary_search_deep,235746,"{""conf"": 0.5, ""m_exploration"": 2508}",50000,2024,4.845892073802312e-08,4.960578096632054e-06,4.848255889466114e-08,50000
"U(0.01,0.1), eps=1e-03",narrow_e3,0.01,0.1,0.001,reverse_eng_risk,qmetrology.algorithms.find_phi_fixed_budget_reverse_engineering_risk,235746,"{""m_exploration"": 1}",50000,2024,7.08419851962397e-08,3.694729716735674e-07,7.084070486681256e-08,50000
"U(0.01,0.1), eps=1e-03",narrow_e3,0.01,0.1,0.001,brute,qmetrology.algorithms.find_phi_fixed_budget_brute_force,333954,{},50000,2024,4.990990445600545e-08,8.60432869980591e-07,4.990964660264008e-08,50000
"U(0.01,0.1), eps=1e-03",narrow_e3,0.01,0.1,0.001,linear,qmetrology.algorithms.find_phi_fixed_budget_linear_search,333954,"{""inc"": 1, ""lookback_window"": 1, ""m_exploration"": 2, ""safeguard"": 6}",50000,2024,7.297156691280062e-08,-2.0906995537797537e-06,7.297447850608654e-08,50000
"U(0.01,0.1), eps=1e-03",narrow_e3,0.01,0.1,0.001,binary_deep,qmetrology.algorithms.find_phi_fixed_budget_binary_search_deep,333954,"{""conf"": 0.5, ""m_exploration"": 32}",50000,2024,5.39483720724428e-08,-7.585155375857131e-07,5.3947868450822115e-08,50000
"U(0.01,0.1), eps=1e-03",narrow_e3,0.01,0.1,0.001,reverse_eng_risk,qmetrology.algorithms.find_phi_fixed_budget_reverse_engineering_risk,333954,"{""m_exploration"": 1}",50000,2024,5.007560963469345e-08,1.4594820103630157e-07,5.0074629423378143e-08,50000
"U(0.01,0.1), eps=1e-03",narrow_e3,0.01,0.1,0.001,brute,qmetrology.algorithms.find_phi_fixed_budget_brute_force,473075,{},50000,2024,3.5037082578576434e-08,6.949852463857223e-07,3.5036864841417557e-08,50000
"U(0.01,0.1), eps=1e-03",narrow_e3,0.01,0.1,0.001,linear,qmetrology.algorithms.find_phi_fixed_budget_linear_search,473075,"{""inc"": 1, ""lookback_window"": 1, ""m_exploration"": 2, ""safeguard"": 8}",50000,2024,6.44388733781088e-08,-2.0737436895827495e-06,6.444188501353132e-08,50000
"U(0.01,0.1), eps=1e-03",narrow_e3,0.01,0.1,0.001,binary_deep,qmetrology.algorithms.find_phi_fixed_budget_binary_search_deep,473075,"{""conf"": 0.5, ""m_exploration"": 17}",50000,2024,3.903877354715848e-08,-3.6598292641929785e-07,3.903812671518997e-08,50000
"U(0.01,0.1), eps=1e-03",narrow_e3,0.01,0.1,0.001,reverse_eng_risk,qmetrology.algorithms.find_phi_fixed_budget_reverse_engineering_risk,473075,"{""m_exploration"": 1}",50000,2024,3.53070313137432e-08,5.074973374369473e-08,3.53063277486524e-08,50000
"U(0.01,0.1), eps=1e-03",narrow_e3,0.01,0.1,0.001,brute,qmetrology.algorithms.find_phi_fixed_budget_brute_force,670151,{},50000,2024,2.4707233739277584e-08,8.408666321973669e-07,2.4707446651295942e-08,50000
"U(0.01,0.1), eps=1e-03",narrow_e3,0.01,0.1,0.001,linear,qmetrology.algorithms.find_phi_fixed_budget_linear_search,670151,"{""inc"": 1, ""lookback_window"": 1, ""m_exploration"": 2, ""safeguard"": 8}",50000,2024,4.5485675480859506e-08,-1.5255825431006944e-06,4.54870931694457e-08,50000
"U(0.01,0.1), eps=1e-03",narrow_e3,0.01,0.1,0.001,binary_deep,qmetrology.algorithms.find_phi_fixed_budget_binary_search_deep,670151,"{""conf"": 0.5, ""m_exploration"": 7}",50000,2024,2.360683996990224e-08,8.154052361629653e-07,2.3607032718802004e-08,50000
"U(0.01,0.1), eps=1e-03",narrow_e3,0.01,0.1,0.001,reverse_eng_risk,qmetrology.algorithms.find_phi_fixed_budget_reverse_engineering_risk,670151,"{""m_exploration"": 1}",50000,2024,2.4952015193584892e-08,-3.147378524281694e-07,2.495161521319677e-08,50000
"U(0.01,0.1), eps=1e-03",narrow_e3,0.01,0.1,0.001,brute,qmetrology.algorithms.find_phi_fixed_budget_brute_force,949325,{},50000,2024,1.7411307424279734e-08,6.38083641091351e-07,1.7411366348864277e-08,50000
"U(0.01,0.1), eps=1e-03",narrow_e3,0.01,0.1,0.001,linear,qmetrology.algorithms.find_phi_fixed_budget_linear_search,949325,"{""inc"": 1, ""lookback_window"": 1, ""m_exploration"": 2, ""safeguard"": 8}",50000,2024,3.213402421870908e-08,-1.209315156163466e-06,3.213484398137163e-08,50000
"U(0.01,0.1), eps=1e-03",narrow_e3,0.01,0.1,0.001,binary_deep,qmetrology.algorithms.find_phi_fixed_budget_binary_search_deep,949325,"{""conf"": 0.5, ""m_exploration"": 3}",50000,2024,2.2550132271833942e-08,-6.465140245272768e-09,2.254968131098654e-08,50000
"U(0.01,0.1), eps=1e-03",narrow_e3,0.01,0.1,0.001,reverse_eng_risk,qmetrology.algorithms.find_phi_fixed_budget_reverse_engineering_risk,949325,"{""m_exploration"": 1}",50000,2024,1.7648240326343008e-08,-3.260043197176007e-07,1.7647993640352956e-08,50000
"U(0.01,0.1), eps=1e-03",narrow_e3,0.01,0.1,0.001,brute,qmetrology.algorithms.find_phi_fixed_budget_brute_force,1344800,{},50000,2024,1.2314091890713501e-08,5.194970905208199e-07,1.2314115486102746e-08,50000
"U(0.01,0.1), eps=1e-03",narrow_e3,0.01,0.1,0.001,linear,qmetrology.algorithms.find_phi_fixed_budget_linear_search,1344800,"{""inc"": 1, ""lookback_window"": 1, ""m_exploration"": 1, ""safeguard"": 12}",50000,2024,4.5069503701569216e-08,-6.126682079005957e-07,4.506897767382816e-08,50000
"U(0.01,0.1), eps=1e-03",narrow_e3,0.01,0.1,0.001,binary_deep,qmetrology.algorithms.find_phi_fixed_budget_binary_search_deep,1344800,"{""conf"": 0.5, ""m_exploration"": 1}",50000,2024,1.2440758567751937e-08,9.425356808453769e-08,1.2440518636315678e-08,50000
"U(0.01,0.1), eps=1e-03",narrow_e3,0.01,0.1,0.001,reverse_eng_risk,qmetrology.algorithms.find_phi_fixed_budget_reverse_engineering_risk,1344800,"{""m_exploration"": 1}",50000,2024,1.4394861569759403e-08,-1.1823437228082222e-07,1.4394587651894797e-08,50000
"U(0.01,0.1), eps=1e-03",narrow_e3,0.01,0.1,0.001,separable,qmetrology.algorithms.find_phi_fixed_budget_separable,896,{},50000,2024,0.000352760478167855,-0.004632518501784026,0.00037421365062766294,50000
"U(0.01,0.1), eps=1e-03",narrow_e3,0.01,0.1,0.001,separable,qmetrology.algorithms.find_phi_fixed_budget_separable,1270,{},50000,2024,0.0002440401794693856,-0.003367247010544275,0.0002553736510958156,50000
"U(0.01,0.1), eps=1e-03",narrow_e3,0.01,0.1,0.001,separable,qmetrology.algorithms.find_phi_fixed_budget_separable,1799,{},50000,2024,0.00016981958323822126,-0.0024188051123145036,0.00017566680501791528,50000
"U(0.01,0.1), eps=1e-03",narrow_e3,0.01,0.1,0.001,separable,qmetrology.algorithms.find_phi_fixed_budget_separable,2548,{},50000,2024,0.00011717195275278536,-0.0017123570619287664,0.00012010177602126761,50000
"U(0.01,0.1), eps=1e-03",narrow_e3,0.01,0.1,0.001,separable,qmetrology.algorithms.find_phi_fixed_budget_separable,3610,{},50000,2024,8.095296424209839e-05,-0.0012074871298057557,8.240937035146009e-05,50000
"U(0.01,0.1), eps=1e-03",narrow_e3,0.01,0.1,0.001,separable,qmetrology.algorithms.find_phi_fixed_budget_separable,5114,{},50000,2024,5.573113369861653e-05,-0.000829051692771505,5.6417345785229855e-05,50000
"U(0.01,0.1), eps=1e-03",narrow_e3,0.01,0.1,0.001,separable,qmetrology.algorithms.find_phi_fixed_budget_separable,7244,{},50000,2024,3.814096170988238e-05,-0.0005717846718522675,3.846713660161339e-05,50000
"U(0.01,0.1), eps=1e-03",narrow_e3,0.01,0.1,0.001,separable,qmetrology.algorithms.find_phi_fixed_budget_separable,10000,{},50000,2024,2.6773785648587378e-05,-0.0003908546069766927,2.692601749666931e-05,50000
"U(0.01,0.1), eps=1e-03",narrow_e3,0.01,0.1,0.001,separable,qmetrology.algorithms.find_phi_fixed_budget_separable,10262,{},50000,2024,2.6009217109380168e-05,-0.00037573655870870056,2.6149874886588238e-05,50000
"U(0.01,0.1), eps=1e-03",narrow_e3,0.01,0.1,0.001,separable,qmetrology.algorithms.find_phi_fixed_budget_separable,14538,{},50000,2024,1.8047800157383336e-05,-0.0002504596233745517,1.811016922432111e-05,50000
"U(0.01,0.1), eps=1e-03",narrow_e3,0.01,0.1,0.001,separable,qmetrology.algorithms.find_phi_fixed_budget_separable,20594,{},50000,2024,1.2414144476283329e-05,-0.00015936938656851632,1.2439294794769029e-05,50000
"U(0.01,0.1), eps=1e-03",narrow_e3,0.01,0.1,0.001,separable,qmetrology.algorithms.find_phi_fixed_budget_separable,29173,{},50000,2024,8.68106171302723e-06,-0.00011738333307164275,8.694666938675978e-06,50000
"U(0.01,0.1), eps=1e-03",narrow_e3,0.01,0.1,0.001,separable,qmetrology.algorithms.find_phi_fixed_budget_separable,41326,{},50000,2024,6.051641277312082e-06,-8.868869686563849e-05,6.059385929438262e-06,50000
"U(0.01,0.1), eps=1e-03",narrow_e3,0.01,0.1,0.001,separable,qmetrology.algorithms.find_phi_fixed_budget_separable,58543,{},50000,2024,4.250127271789403e-06,-5.249364823120238e-05,4.252797852348588e-06,50000
"U(0.01,0.1), eps=1e-03",narrow_e3,0.01,0.1,0.001,separable,qmetrology.algorithms.find_phi_fixed_budget_separable,82931,{},50000,2024,2.99520420628945e-06,-4.355815630896639e-05,2.9970416151863605e-06,50000
"U(0.01,0.1), eps=1e-03",narrow_e3,0.01,0.1,0.001,separable,qmetrology.algorithms.find_phi_fixed_budget_separable,117479,{},50000,2024,2.109419377562514e-06,-3.286777097318997e-05,2.1104574795437087e-06,50000
"U(0.01,0.1), eps=1e-03",narrow_e3,0.01,0.1,0.001,separable,qmetrology.algorithms.find_phi_fixed_budget_separable,166419,{},50000,2024,1.4919937124844308e-06,-2.2415177855759886e-05,1.4924663128084865e-06,50000
"U(0.01,0.1), eps=1e-03",narrow_e3,0.01,0.1,0.001,separable,qmetrology.algorithms.find_phi_fixed_budget_separable,235746,{},50000,2024,1.0537180818820095e-06,-1.2745186337431905e-05,1.0538594472951477e-06,50000
"U(0.01,0.1), eps=1e-03",narrow_e3,0.01,0.1,0.001,separable,qmetrology.algorithms.find_phi_fixed_budget_separable,333954,{},50000,2024,7.446445454214937e-07,-9.528532089560218e-06,7.44720445454367e-07,50000
"U(0.01,0.1), eps=1e-03",narrow_e3,0.01,0.1,0.001,separable,qmetrology.algorithms.find_phi_fixed_budget_separable,473075,{},50000,2024,5.263410316320754e-07,-8.693688354950547e-06,5.264060850286558e-07,50000
"U(0.01,0.1), eps=1e-03",narrow_e3,0.01,0.1,0.001,separable,qmetrology.algorithms.find_phi_fixed_budget_separable,670151,{},50000,2024,3.7173588599481295e-07,-5.388817279216072e-06,3.7175749062876186e-07,50000
"U(0.01,0.1), eps=1e-03",narrow_e3,0.01,0.1,0.001,separable,qmetrology.algorithms.find_phi_fixed_budget_separable,949325,{},50000,2024,2.6282068577191326e-07,-2.67692666428345e-06,2.6282259529456376e-07,50000
"U(0.01,0.1), eps=1e-03",narrow_e3,0.01,0.1,0.001,separable,qmetrology.algorithms.find_phi_fixed_budget_separable,1344800,{},50000,2024,1.8511929831210276e-07,-1.8483886189914177e-06,1.8511901246662333e-07,50000
"U(0.01,0.1), eps=1e-03",narrow_e3,0.01,0.1,0.001,oracle_hl,qmetrology.oracle.oracle_rate (analytic QCRB rate at N_opt),896,{},,,1.0157446950668515e-05,0.0,1.0157446950668515e-05,
"U(0.01,0.1), eps=1e-03",narrow_e3,0.01,0.1,0.001,oracle_hl,qmetrology.oracle.oracle_rate (analytic QCRB rate at N_opt),1270,{},,,7.134000648241172e-06,0.0,7.134000648241172e-06,
"U(0.01,0.1), eps=1e-03",narrow_e3,0.01,0.1,0.001,oracle_hl,qmetrology.oracle.oracle_rate (analytic QCRB rate at N_opt),1799,{},,,5.022555727735092e-06,0.0,5.022555727735092e-06,
"U(0.01,0.1), eps=1e-03",narrow_e3,0.01,0.1,0.001,oracle_hl,qmetrology.oracle.oracle_rate (analytic QCRB rate at N_opt),2548,{},,,3.5314241360418e-06,0.0,3.5314241360418e-06,
"U(0.01,0.1), eps=1e-03",narrow_e3,0.01,0.1,0.001,oracle_hl,qmetrology.oracle.oracle_rate (analytic QCRB rate at N_opt),3610,{},,,2.4882509562746826e-06,0.0,2.4882509562746826e-06,
"U(0.01,0.1), eps=1e-03",narrow_e3,0.01,0.1,0.001,oracle_hl,qmetrology.oracle.oracle_rate (analytic QCRB rate at N_opt),5114,{},,,1.7546463610286776e-06,0.0,1.7546463610286776e-06,
"U(0.01,0.1), eps=1e-03",narrow_e3,0.01,0.1,0.001,oracle_hl,qmetrology.oracle.oracle_rate (analytic QCRB rate at N_opt),7244,{},,,1.237925321972798e-06,0.0,1.237925321972798e-06,
"U(0.01,0.1), eps=1e-03",narrow_e3,0.01,0.1,0.001,oracle_hl,qmetrology.oracle.oracle_rate (analytic QCRB rate at N_opt),10000,{},,,8.958535436839989e-07,0.0,8.958535436839989e-07,
"U(0.01,0.1), eps=1e-03",narrow_e3,0.01,0.1,0.001,oracle_hl,qmetrology.oracle.oracle_rate (analytic QCRB rate at N_opt),10262,{},,,8.729968745432221e-07,0.0,8.729968745432221e-07,
"U(0.01,0.1), eps=1e-03",narrow_e3,0.01,0.1,0.001,oracle_hl,qmetrology.oracle.oracle_rate (analytic QCRB rate at N_opt),14538,{},,,6.161083306252388e-07,0.0,6.161083306252388e-07,
"U(0.01,0.1), eps=1e-03",narrow_e3,0.01,0.1,0.001,oracle_hl,qmetrology.oracle.oracle_rate (analytic QCRB rate at N_opt),20594,{},,,4.3478943739927223e-07,0.0,4.3478943739927223e-07,
"U(0.01,0.1), eps=1e-03",narrow_e3,0.01,0.1,0.001,oracle_hl,qmetrology.oracle.oracle_rate (analytic QCRB rate at N_opt),29173,{},,,3.068797277789111e-07,0.0,3.068797277789111e-07,
"U(0.01,0.1), eps=1e-03",narrow_e3,0.01,0.1,0.001,oracle_hl,qmetrology.oracle.oracle_rate (analytic QCRB rate at N_opt),41326,{},,,2.1662622496704708e-07,0.0,2.1662622496704708e-07,
"U(0.01,0.1), eps=1e-03",narrow_e3,0.01,0.1,0.001,oracle_hl,qmetrology.oracle.oracle_rate (analytic QCRB rate at N_opt),58543,{},,,1.5289860197563074e-07,0.0,1.5289860197563074e-07,
"U(0.01,0.1), eps=1e-03",narrow_e3,0.01,0.1,0.001,oracle_hl,qmetrology.oracle.oracle_rate (analytic QCRB rate at N_opt),82931,{},,,1.079255693122794e-07,0.0,1.079255693122794e-07,
"U(0.01,0.1), eps=1e-03",narrow_e3,0.01,0.1,0.001,oracle_hl,qmetrology.oracle.oracle_rate (analytic QCRB rate at N_opt),117479,{},,,7.618431498938388e-08,0.0,7.618431498938388e-08,
"U(0.01,0.1), eps=1e-03",narrow_e3,0.01,0.1,0.001,oracle_hl,qmetrology.oracle.oracle_rate (analytic QCRB rate at N_opt),166419,{},,,5.377813722243376e-08,0.0,5.377813722243376e-08,
"U(0.01,0.1), eps=1e-03",narrow_e3,0.01,0.1,0.001,oracle_hl,qmetrology.oracle.oracle_rate (analytic QCRB rate at N_opt),235746,{},,,3.796211408580843e-08,0.0,3.796211408580843e-08,
"U(0.01,0.1), eps=1e-03",narrow_e3,0.01,0.1,0.001,oracle_hl,qmetrology.oracle.oracle_rate (analytic QCRB rate at N_opt),333954,{},,,2.6797965579445583e-08,0.0,2.6797965579445583e-08,
"U(0.01,0.1), eps=1e-03",narrow_e3,0.01,0.1,0.001,oracle_hl,qmetrology.oracle.oracle_rate (analytic QCRB rate at N_opt),473075,{},,,1.891709885539599e-08,0.0,1.891709885539599e-08,
"U(0.01,0.1), eps=1e-03",narrow_e3,0.01,0.1,0.001,oracle_hl,qmetrology.oracle.oracle_rate (analytic QCRB rate at N_opt),670151,{},,,1.3353848233877208e-08,0.0,1.3353848233877208e-08,
"U(0.01,0.1), eps=1e-03",narrow_e3,0.01,0.1,0.001,oracle_hl,qmetrology.oracle.oracle_rate (analytic QCRB rate at N_opt),949325,{},,,9.426731550970669e-09,0.0,9.426731550970669e-09,
"U(0.01,0.1), eps=1e-03",narrow_e3,0.01,0.1,0.001,oracle_hl,qmetrology.oracle.oracle_rate (analytic QCRB rate at N_opt),1344800,{},,,6.654519185159505e-09,0.0,6.654519185159505e-09,
