prior,eps,phi_max,orders,phi_min,budget,brute,linear,re,best_adaptive,best_margin,best_algo
uniform,0.001,0.1,0.5,0.031623,10000,55.9,56.4,59.2,59.2,3.4,reverse_eng
uniform,0.001,0.1,0.5,0.031623,100000,98.5,98.7,99.0,99.0,0.5,reverse_eng
uniform,0.001,0.1,0.5,0.031623,1000000,100.0,100.0,99.9,100.0,-0.0,linear
uniform,0.001,0.1,0.5,0.031623,10000000,100.0,100.0,99.9,100.0,-0.0,linear
uniform,0.001,0.1,1.0,0.01,10000,55.4,54.6,61.4,61.4,5.9,reverse_eng
uniform,0.001,0.1,1.0,0.01,100000,98.6,98.4,98.6,98.6,0.1,reverse_eng
uniform,0.001,0.1,1.0,0.01,1000000,100.0,100.0,100.0,100.0,-0.0,linear
uniform,0.001,0.1,1.0,0.01,10000000,100.0,100.0,100.0,100.0,-0.0,linear
uniform,0.001,0.1,2.0,0.001,10000,55.4,56.1,64.1,64.1,8.7,reverse_eng
uniform,0.001,0.1,2.0,0.001,100000,98.4,98.2,98.1,98.2,-0.1,linear
uniform,0.001,0.1,2.0,0.001,1000000,100.0,100.0,99.9,100.0,-0.0,linear
uniform,0.001,0.1,2.0,0.001,10000000,100.0,100.0,99.9,100.0,-0.0,linear
uniform,0.001,0.1,3.0,0.0001,10000,55.4,55.6,63.0,63.0,7.6,reverse_eng
uniform,0.001,0.1,3.0,0.0001,100000,98.4,98.4,97.7,98.4,0.0,linear
uniform,0.001,0.1,3.0,0.0001,1000000,100.0,100.0,99.9,100.0,-0.0,linear
uniform,0.001,0.1,3.0,0.0001,10000000,100.0,100.0,100.0,100.0,-0.0,linear
uniform,0.001,pi/2,0.5,0.496729,10000,15.9,16.5,14.1,16.5,0.6,linear
uniform,0.001,pi/2,0.5,0.496729,100000,47.0,47.6,15.4,47.6,0.6,linear
uniform,0.001,pi/2,0.5,0.496729,1000000,95.4,95.5,16.4,95.5,0.0,linear
uniform,0.001,pi/2,0.5,0.496729,10000000,100.0,100.0,16.4,100.0,-0.0,linear
uniform,0.001,pi/2,1.0,0.15708,10000,16.1,17.5,13.6,17.5,1.4,linear
uniform,0.001,pi/2,1.0,0.15708,100000,47.0,50.0,29.6,50.0,3.0,linear
uniform,0.001,pi/2,1.0,0.15708,1000000,95.4,96.0,36.5,96.0,0.6,linear
uniform,0.001,pi/2,1.0,0.15708,10000000,100.0,99.9,36.5,99.9,-0.1,linear
uniform,0.001,pi/2,2.0,0.015708,10000,16.1,18.9,15.9,18.9,2.8,linear
uniform,0.001,pi/2,2.0,0.015708,100000,46.7,53.0,35.0,53.0,6.3,linear
uniform,0.001,pi/2,2.0,0.015708,1000000,95.3,96.3,41.8,96.3,0.9,linear
uniform,0.001,pi/2,2.0,0.015708,10000000,100.0,99.8,41.8,99.8,-0.2,linear
uniform,0.001,pi/2,3.0,0.001571,10000,15.9,19.1,16.5,19.1,3.2,linear
uniform,0.001,pi/2,3.0,0.001571,100000,46.8,52.8,35.4,52.8,6.0,linear
uniform,0.001,pi/2,3.0,0.001571,1000000,95.4,96.1,42.3,96.1,0.8,linear
uniform,0.001,pi/2,3.0,0.001571,10000000,100.0,100.0,42.3,100.0,-0.0,linear
uniform,0.0001,0.1,0.5,0.031623,10000,6.1,6.2,5.9,6.2,0.1,linear
uniform,0.0001,0.1,0.5,0.031623,100000,19.5,19.8,21.5,21.5,2.0,reverse_eng
uniform,0.0001,0.1,0.5,0.031623,1000000,55.8,62.1,65.4,65.4,9.6,reverse_eng
uniform,0.0001,0.1,0.5,0.031623,10000000,98.5,98.2,99.4,99.4,0.9,reverse_eng
uniform,0.0001,0.1,1.0,0.01,10000,6.1,6.1,7.4,7.4,1.3,reverse_eng
uniform,0.0001,0.1,1.0,0.01,100000,19.7,20.3,23.6,23.6,3.9,reverse_eng
uniform,0.0001,0.1,1.0,0.01,1000000,55.8,66.5,70.5,70.5,14.8,reverse_eng
uniform,0.0001,0.1,1.0,0.01,10000000,98.5,99.4,99.4,99.4,0.9,linear
uniform,0.0001,0.1,2.0,0.001,10000,5.9,6.1,8.4,8.4,2.5,reverse_eng
uniform,0.0001,0.1,2.0,0.001,100000,19.6,22.0,28.1,28.1,8.5,reverse_eng
uniform,0.0001,0.1,2.0,0.001,1000000,55.7,65.5,70.6,70.6,14.9,reverse_eng
uniform,0.0001,0.1,2.0,0.001,10000000,98.5,98.6,99.0,99.0,0.4,reverse_eng
uniform,0.0001,0.1,3.0,0.0001,10000,6.0,5.5,8.2,8.2,2.2,reverse_eng
uniform,0.0001,0.1,3.0,0.0001,100000,19.5,22.0,27.6,27.6,8.1,reverse_eng
uniform,0.0001,0.1,3.0,0.0001,1000000,55.7,65.7,70.7,70.7,15.0,reverse_eng
uniform,0.0001,0.1,3.0,0.0001,10000000,98.5,98.9,98.4,98.9,0.3,linear
uniform,0.0001,pi/2,0.5,0.496729,10000,1.6,1.7,1.5,1.7,0.2,linear
uniform,0.0001,pi/2,0.5,0.496729,100000,5.2,5.2,1.6,5.2,0.1,linear
uniform,0.0001,pi/2,0.5,0.496729,1000000,16.2,16.3,2.0,16.3,0.2,linear
uniform,0.0001,pi/2,0.5,0.496729,10000000,46.9,48.8,3.0,48.8,1.9,linear
uniform,0.0001,pi/2,1.0,0.15708,10000,1.6,1.6,1.3,1.6,0.1,linear
uniform,0.0001,pi/2,1.0,0.15708,100000,5.2,5.8,3.0,5.8,0.7,linear
uniform,0.0001,pi/2,1.0,0.15708,1000000,16.3,17.4,8.1,17.4,1.1,linear
uniform,0.0001,pi/2,1.0,0.15708,10000000,46.9,51.0,20.2,51.0,4.0,linear
uniform,0.0001,pi/2,2.0,0.015708,10000,1.6,1.7,1.5,1.7,0.2,linear
uniform,0.0001,pi/2,2.0,0.015708,100000,5.1,6.3,4.6,6.3,1.2,linear
uniform,0.0001,pi/2,2.0,0.015708,1000000,16.2,19.6,12.5,19.6,3.4,linear
uniform,0.0001,pi/2,2.0,0.015708,10000000,46.9,54.4,26.7,54.4,7.5,linear
uniform,0.0001,pi/2,3.0,0.001571,10000,1.6,1.7,1.8,1.8,0.2,reverse_eng
uniform,0.0001,pi/2,3.0,0.001571,100000,5.2,6.2,4.7,6.2,1.0,linear
uniform,0.0001,pi/2,3.0,0.001571,1000000,16.2,19.7,12.9,19.7,3.4,linear
uniform,0.0001,pi/2,3.0,0.001571,10000000,46.9,54.7,26.4,54.7,7.8,linear
loguniform,0.001,0.1,0.5,0.031623,10000,55.4,56.1,60.9,60.9,5.5,reverse_eng
loguniform,0.001,0.1,0.5,0.031623,100000,98.5,98.3,99.1,99.1,0.7,reverse_eng
loguniform,0.001,0.1,0.5,0.031623,1000000,100.0,100.0,100.0,100.0,-0.0,reverse_eng
loguniform,0.001,0.1,0.5,0.031623,10000000,100.0,100.0,100.0,100.0,-0.0,reverse_eng
loguniform,0.001,0.1,1.0,0.01,10000,56.0,59.1,67.3,67.3,11.3,reverse_eng
loguniform,0.001,0.1,1.0,0.01,100000,98.5,98.5,98.9,98.9,0.4,reverse_eng
loguniform,0.001,0.1,1.0,0.01,1000000,100.0,99.9,99.8,99.9,-0.1,linear
loguniform,0.001,0.1,1.0,0.01,10000000,100.0,99.9,99.8,99.9,-0.1,linear
loguniform,0.001,0.1,2.0,0.001,10000,47.9,55.5,81.4,81.4,33.5,reverse_eng
loguniform,0.001,0.1,2.0,0.001,100000,97.6,98.6,97.6,98.6,1.0,linear
loguniform,0.001,0.1,2.0,0.001,1000000,100.0,100.0,99.5,100.0,-0.0,linear
loguniform,0.001,0.1,2.0,0.001,10000000,100.0,100.0,99.4,100.0,-0.0,linear
loguniform,0.001,0.1,3.0,0.0001,10000,63.9,69.3,87.0,87.0,23.1,reverse_eng
loguniform,0.001,0.1,3.0,0.0001,100000,98.4,99.1,98.4,99.1,0.7,linear
loguniform,0.001,0.1,3.0,0.0001,1000000,100.0,100.0,99.7,100.0,-0.0,linear
loguniform,0.001,0.1,3.0,0.0001,10000000,100.0,100.0,99.7,100.0,-0.0,linear
loguniform,0.001,pi/2,0.5,0.496729,10000,16.2,15.9,14.4,15.9,-0.3,linear
loguniform,0.001,pi/2,0.5,0.496729,100000,46.9,50.0,16.7,50.0,3.1,linear
loguniform,0.001,pi/2,0.5,0.496729,1000000,95.4,95.9,18.4,95.9,0.5,linear
loguniform,0.001,pi/2,0.5,0.496729,10000000,100.0,100.0,18.4,100.0,0.0,linear
loguniform,0.001,pi/2,1.0,0.15708,10000,16.0,19.9,17.7,19.9,3.9,linear
loguniform,0.001,pi/2,1.0,0.15708,100000,46.9,55.2,46.4,55.2,8.2,linear
loguniform,0.001,pi/2,1.0,0.15708,1000000,95.3,96.7,58.8,96.7,1.4,linear
loguniform,0.001,pi/2,1.0,0.15708,10000000,100.0,100.0,58.8,100.0,-0.0,linear
loguniform,0.001,pi/2,2.0,0.015708,10000,15.5,25.6,36.5,36.5,21.0,reverse_eng
loguniform,0.001,pi/2,2.0,0.015708,100000,47.2,64.8,68.2,68.2,21.0,reverse_eng
loguniform,0.001,pi/2,2.0,0.015708,1000000,95.3,97.7,75.7,97.7,2.4,linear
loguniform,0.001,pi/2,2.0,0.015708,10000000,100.0,99.9,74.0,99.9,-0.1,linear
loguniform,0.001,pi/2,3.0,0.001571,10000,12.2,38.0,50.4,50.4,38.2,reverse_eng
loguniform,0.001,pi/2,3.0,0.001571,100000,43.9,76.2,78.6,78.6,34.7,reverse_eng
loguniform,0.001,pi/2,3.0,0.001571,1000000,95.2,98.1,82.9,98.1,2.8,linear
loguniform,0.001,pi/2,3.0,0.001571,10000000,100.0,99.7,83.6,99.7,-0.3,linear
loguniform,0.0001,0.1,0.5,0.031623,10000,6.4,5.9,6.7,6.7,0.4,reverse_eng
loguniform,0.0001,0.1,0.5,0.031623,100000,19.6,22.3,22.7,22.7,3.1,reverse_eng
loguniform,0.0001,0.1,0.5,0.031623,1000000,55.8,63.5,68.5,68.5,12.7,reverse_eng
loguniform,0.0001,0.1,0.5,0.031623,10000000,98.5,98.8,99.5,99.5,1.0,reverse_eng
loguniform,0.0001,0.1,1.0,0.01,10000,6.3,5.4,8.7,8.7,2.5,reverse_eng
loguniform,0.0001,0.1,1.0,0.01,100000,19.6,22.5,30.6,30.6,11.0,reverse_eng
loguniform,0.0001,0.1,1.0,0.01,1000000,55.7,70.7,78.5,78.5,22.7,reverse_eng
loguniform,0.0001,0.1,1.0,0.01,10000000,98.5,99.4,99.5,99.5,1.0,reverse_eng
loguniform,0.0001,0.1,2.0,0.001,10000,5.3,5.9,13.7,13.7,8.4,reverse_eng
loguniform,0.0001,0.1,2.0,0.001,100000,19.3,27.0,46.4,46.4,27.0,reverse_eng
loguniform,0.0001,0.1,2.0,0.001,1000000,56.0,69.2,83.1,83.1,27.1,reverse_eng
loguniform,0.0001,0.1,2.0,0.001,10000000,98.5,99.1,94.8,99.1,0.6,linear
loguniform,0.0001,0.1,3.0,0.0001,10000,3.5,4.3,8.6,8.6,5.1,reverse_eng
loguniform,0.0001,0.1,3.0,0.0001,100000,14.2,25.7,56.3,56.3,42.1,reverse_eng
loguniform,0.0001,0.1,3.0,0.0001,1000000,50.2,78.7,88.7,88.7,38.5,reverse_eng
loguniform,0.0001,0.1,3.0,0.0001,10000000,97.9,99.4,96.8,99.4,1.5,linear
loguniform,0.0001,pi/2,0.5,0.496729,10000,1.6,1.6,1.4,1.6,0.1,linear
loguniform,0.0001,pi/2,0.5,0.496729,100000,5.2,5.2,1.7,5.2,0.1,linear
loguniform,0.0001,pi/2,0.5,0.496729,1000000,16.2,16.2,2.4,16.2,-0.0,linear
loguniform,0.0001,pi/2,0.5,0.496729,10000000,46.9,50.4,4.0,50.4,3.5,linear
loguniform,0.0001,pi/2,1.0,0.15708,10000,1.6,1.9,1.5,1.9,0.3,linear
loguniform,0.0001,pi/2,1.0,0.15708,100000,5.1,6.3,5.8,6.3,1.2,linear
loguniform,0.0001,pi/2,1.0,0.15708,1000000,16.2,19.8,17.2,19.8,3.7,linear
loguniform,0.0001,pi/2,1.0,0.15708,10000000,46.9,54.6,41.2,54.6,7.6,linear
loguniform,0.0001,pi/2,2.0,0.015708,10000,1.6,2.8,3.9,3.9,2.3,reverse_eng
loguniform,0.0001,pi/2,2.0,0.015708,100000,5.3,8.6,12.1,12.1,6.8,reverse_eng
loguniform,0.0001,pi/2,2.0,0.015708,1000000,16.1,35.4,37.4,37.4,21.2,reverse_eng
loguniform,0.0001,pi/2,2.0,0.015708,10000000,46.8,71.2,64.8,71.2,24.4,linear
loguniform,0.0001,pi/2,3.0,0.001571,10000,1.2,3.8,5.9,5.9,4.7,reverse_eng
loguniform,0.0001,pi/2,3.0,0.001571,100000,4.6,13.6,24.4,24.4,19.8,reverse_eng
loguniform,0.0001,pi/2,3.0,0.001571,1000000,15.7,41.2,57.1,57.1,41.4,reverse_eng
loguniform,0.0001,pi/2,3.0,0.001571,10000000,46.9,74.5,76.8,76.8,29.9,reverse_eng
