setting,scenario_id,eps,algorithm,budget,R,rate,rate_lo,rate_hi,guess_ratio_median,guess_ratio_q1,guess_ratio_q3,guess_ratio_median_lo,guess_ratio_median_hi,guess_exact,guess_within10,guess_overshoot,guess_eligible_n,exploration_share_median,exploration_share_p90,n_probes_mean,star_ratio_median,star_ratio_q1,star_ratio_q3,star_overshoot,star_eligible_n,conv_given_safe_depth,rescue_share,rescue_share_n,false_alarm_rate,miss_rate,detector_eligible_n,no_exploitation,budget_util_max,budget_violations,regime
"U(0.01,0.1), eps=1e-03",narrow_e3,0.001,brute,5114,50000,0.41838,0.41406260581767546,0.4227099348135958,nan,nan,nan,nan,nan,nan,nan,nan,0,0.0,0.0,0.0,0.5357142857142857,0.3125,0.75,0.0,50000,0.41838,nan,0,nan,nan,0,0.0,0.9972624168947986,0,live
"U(0.01,0.1), eps=1e-03",narrow_e3,0.001,linear,5114,50000,0.42036,0.4160396182253777,0.424692618185728,0.6521739130434783,0.39473684210526316,0.8823529411764706,0.6521739130434783,0.6521739130434783,0.04608,0.19322,0.05732,50000,0.025811497849041846,0.10559249120062573,3.40354,0.6521739130434783,0.39473684210526316,0.8823529411764706,0.05732,50000,0.43675478423218905,0.0,2866,0.73906,0.05732,50000,0.0,0.9996089166992569,0,live
"U(0.01,0.1), eps=1e-03",narrow_e3,0.001,binary_deep,5114,50000,0.49682,0.4924378885698383,0.5012026000261851,0.5357142857142857,0.3125,0.75,0.5357142857142857,0.5357142857142857,0.02148,0.08568,0.0,50000,0.14958936253421978,0.14958936253421978,1.0,0.8571428571428571,0.7741935483870968,0.9130434782608695,0.01524,50000,0.4987814289776189,nan,0,0.0,0.0,50000,0.0,0.9996089166992569,0,live
"U(0.01,0.1), eps=1e-03",narrow_e3,0.001,reverse_eng_risk,5114,50000,0.50078,0.496397501053677,0.5051623791020153,1.0,0.9166666666666666,1.0833333333333333,1.0,1.0,0.13968,0.57692,0.41544,50000,0.08212749315604223,0.08212749315604223,1.04596,0.8235294117647058,0.717391304347826,0.8947368421052632,0.01642,50000,0.5041379450578499,0.960475640284999,20772,nan,nan,0,0.0,1.0,0,live
"U(0.01,0.1), eps=1e-03",narrow_e3,0.001,brute,10000,50000,0.56092,0.556565523340121,0.5652651165121572,nan,nan,nan,nan,nan,nan,nan,nan,0,0.0,0.0,0.0,0.5357142857142857,0.3125,0.75,0.0,50000,0.56092,nan,0,nan,nan,0,0.0,0.999,0,live
"U(0.01,0.1), eps=1e-03",narrow_e3,0.001,linear,10000,50000,0.57344,0.5690994406670921,0.5777692755304015,0.8780487804878049,0.6521739130434783,0.9607843137254902,0.875,0.88,0.07588,0.37802,0.14124,50000,0.044,0.2142,15.65372,0.8235294117647058,0.6153846153846154,0.9302325581395349,0.09786,50000,0.6067350965482076,0.30713678844519965,7062,0.7785,0.14124,50000,0.0,1.0,0,live
"U(0.01,0.1), eps=1e-03",narrow_e3,0.001,binary_deep,10000,50000,0.6507,0.64650975567596,0.6548670897892126,0.5357142857142857,0.3125,0.75,0.5357142857142857,0.5357142857142857,0.02148,0.08568,0.0,50000,0.171,0.171,1.0,0.8888888888888888,0.8222222222222222,0.9375,0.00806,50000,0.6515918301510172,nan,0,0.0,0.0,50000,0.0,0.9999,0,live
"U(0.01,0.1), eps=1e-03",narrow_e3,0.001,reverse_eng_risk,10000,50000,0.6621,0.6579417860079647,0.6662333078865575,1.0,0.9375,1.0666666666666667,1.0,1.0,0.17682,0.65582,0.40508,50000,0.066,0.066,1.01916,0.84,0.75,0.9,0.01096,50000,0.6655342554396182,0.9729436160758369,20254,nan,nan,0,0.0,1.0,0,live
"U(0.01,0.1), eps=1e-03",narrow_e3,0.001,brute,20594,50000,0.73406,0.7301693647205811,0.7379146727683261,nan,nan,nan,nan,nan,nan,nan,nan,0,0.0,0.0,0.0,0.5357142857142857,0.3125,0.75,0.0,50000,0.73406,nan,0,nan,nan,0,0.0,0.9993201903467029,0,live
"U(0.01,0.1), eps=1e-03",narrow_e3,0.001,linear,20594,50000,0.74998,0.7461653377865789,0.7537562536492795,0.9375,0.8461538461538461,1.0,0.9375,0.9375,0.10688,0.56894,0.20532,50000,0.048072254054579,0.39987374963581623,25.2905,0.8,0.7058823529411765,0.9069767441860465,0.0737,50000,0.7691460649897441,0.6410481200077928,10266,0.67122,0.20532,50000,0.0,1.0,0,live
"U(0.01,0.1), eps=1e-03",narrow_e3,0.001,binary_deep,20594,50000,0.81926,0.8158626321286159,0.8226083146743769,0.5357142857142857,0.3125,0.75,0.5357142857142857,0.5357142857142857,0.02148,0.08568,0.0,50000,0.15951247936292123,0.15951247936292123,1.0,0.9090909090909091,0.8484848484848485,0.9444444444444444,0.00304,50000,0.8198322901620928,nan,0,0.0,0.0,50000,0.0,1.0,0,live
"U(0.01,0.1), eps=1e-03",narrow_e3,0.001,reverse_eng_risk,20594,50000,0.83264,0.8293424392845697,0.8358864517276071,1.0,0.9444444444444444,1.0588235294117647,1.0,1.0,0.21564,0.73098,0.38402,50000,0.04880062154025444,0.04880062154025444,1.00684,0.8518518518518519,0.765625,0.9090909090909091,0.00516,50000,0.8348679184592497,0.9865631998333421,19201,nan,nan,0,0.0,1.0,0,live
"U(0.01,0.1), eps=1e-03",narrow_e3,0.001,brute,29173,50000,0.81476,0.8113306428804137,0.8181409953320466,nan,nan,nan,nan,nan,nan,nan,nan,0,0.0,0.0,0.0,0.5357142857142857,0.3125,0.75,0.0,50000,0.81476,nan,0,nan,nan,0,0.0,0.9995543824769478,0,live
"U(0.01,0.1), eps=1e-03",narrow_e3,0.001,linear,29173,50000,0.83044,0.8271255289220547,0.8337037001125283,0.9375,0.84375,1.0,0.9375,0.9375,0.11704,0.60118,0.20046,50000,0.06293490556336338,0.3665032735748809,11.3698,0.8076923076923077,0.7058823529411765,0.9047619047619048,0.06118,50000,0.8463390213246416,0.6948019555023446,10023,0.38514,0.20046,50000,0.0,0.9998628869159839,0,live
"U(0.01,0.1), eps=1e-03",narrow_e3,0.001,binary_deep,29173,50000,0.8849,0.8820730251930464,0.8876678362505168,0.5357142857142857,0.3125,0.75,0.5357142857142857,0.5357142857142857,0.02148,0.08568,0.0,50000,0.14859630480238578,0.14859630480238578,1.0,0.9130434782608695,0.8571428571428571,0.9473684210526315,0.00174,50000,0.8852803878749024,nan,0,0.0,0.0,50000,0.0,1.0,0,live
"U(0.01,0.1), eps=1e-03",narrow_e3,0.001,reverse_eng_risk,29173,50000,0.8971,0.8944062981727148,0.8997326887829593,1.0,0.95,1.0526315789473684,1.0,1.0,0.2433,0.77896,0.37754,50000,0.04678983992047441,0.04678983992047441,1.00304,0.8636363636363636,0.7774822695035462,0.9166666666666666,0.003,50000,0.8985356068204614,0.9920538221115643,18877,nan,nan,0,0.0,1.0,0,live
"U(0.01,0.1), eps=1e-04",narrow_e4,0.0001,brute,361024,50000,0.35926,0.3550655488086109,0.3634760754065954,nan,nan,nan,nan,nan,nan,nan,nan,0,0.0,0.0,0.0,0.5357142857142857,0.3125,0.75,0.0,50000,0.35926,nan,0,nan,nan,0,0.0,0.9999889204041836,0,live
"U(0.01,0.1), eps=1e-04",narrow_e4,0.0001,linear,361024,50000,0.44552,0.4411678314474485,0.44988053921650234,0.9722222222222222,0.9339427724933729,1.0,0.9705882352941176,0.9722222222222222,0.23936,0.80716,0.1787,50000,0.02506204573657153,0.14458872540329729,17.61364,0.8947368421052632,0.8333333333333334,0.9444444444444444,0.03058,50000,0.45208475170720636,0.8288752098489088,8935,0.33012,0.1787,50000,0.0,1.0,0,live
"U(0.01,0.1), eps=1e-04",narrow_e4,0.0001,binary_deep,361024,50000,0.4622,0.45783300016773665,0.46657280767178866,0.972972972972973,0.8333333333333334,1.0,0.9708029197080292,0.9743589743589743,0.22952,0.66846,0.24018,50000,0.055841162914376886,0.10063042900195,8.32614,0.8888888888888888,0.8461538461538461,0.9375,0.01638,50000,0.46951058335536083,0.9318011491381464,12009,0.5303,0.24018,50000,0.0,1.0,0,live
"U(0.01,0.1), eps=1e-04",narrow_e4,0.0001,reverse_eng_risk,361024,50000,0.49114,0.4867589243392994,0.4955224369691184,1.0,0.9782608695652174,1.025,1.0,1.0,0.43466,0.95054,0.28802,50000,0.02148056638893813,0.02148056638893813,1.0,0.9411764705882353,0.9036144578313253,0.9615384615384616,0.00498,50000,0.49279411469116197,0.9827095340601347,14401,nan,nan,0,0.0,0.9999972301010459,0,live
"U(0.01,0.1), eps=1e-04",narrow_e4,0.0001,brute,1453804,50000,0.65152,0.647331971171025,0.655684748303978,nan,nan,nan,nan,nan,nan,nan,nan,0,0.0,0.0,0.0,0.5357142857142857,0.3125,0.75,0.0,50000,0.65152,nan,0,nan,nan,0,0.0,0.9999972485974725,0,live
"U(0.01,0.1), eps=1e-04",narrow_e4,0.0001,linear,1453804,50000,0.772,0.768301800429288,0.7756564077095772,1.0,0.9772727272727273,1.0,1.0,1.0,0.52672,0.9591,0.1506,50000,0.03295148451923368,0.19660284329937186,37.10032,0.925,0.8857142857142857,0.9565217391304348,0.00964,50000,0.7767478492669332,0.9359893758300133,7530,0.32268,0.1506,50000,0.0,1.0,0,live
"U(0.01,0.1), eps=1e-04",narrow_e4,0.0001,binary_deep,1453804,50000,0.77406,0.7703734101828477,0.7777044814441278,1.0,0.9047619047619048,1.0,1.0,1.0,0.3353,0.753,0.23566,50000,0.04516702389042815,0.08390402007423284,8.27978,0.9375,0.9101123595505618,0.9545454545454546,0.0121,50000,0.7831966798258934,0.9486548417211237,11783,0.42904,0.23566,50000,0.0,1.0,0,live
"U(0.01,0.1), eps=1e-04",narrow_e4,0.0001,reverse_eng_risk,1453804,50000,0.7968,0.7932503081859994,0.8003040895184681,1.0,1.0,1.0,1.0,1.0,0.6705,0.99916,0.16548,50000,0.048060123648029585,0.048060123648029585,1.0,0.9705882352941176,0.95,1.0,0.00084,50000,0.7970495215981425,0.9949238578680203,8274,nan,nan,0,0.0,1.0,0,live
"U(0.01,0.1), eps=1e-04",narrow_e4,0.0001,brute,2917365,50000,0.81682,0.8134051916323343,0.8201861300682364,nan,nan,nan,nan,nan,nan,nan,nan,0,0.0,0.0,0.0,0.5357142857142857,0.3125,0.75,0.0,50000,0.81682,nan,0,nan,nan,0,0.0,1.0,0,live
"U(0.01,0.1), eps=1e-04",narrow_e4,0.0001,linear,2917365,50000,0.90056,0.8979061377564784,0.9031523175821384,1.0,0.975,1.0,1.0,1.0,0.59074,0.9037,0.10974,50000,0.0316724167185114,0.2090379503421752,31.52176,0.9583333333333334,0.9375,0.9782608695652174,0.00636,50000,0.903466044040095,0.9420448332422089,5487,0.29952,0.10974,50000,0.0,1.0,0,live
"U(0.01,0.1), eps=1e-04",narrow_e4,0.0001,binary_deep,2917365,50000,0.90508,0.9024796644421443,0.9076180964140742,0.9555555555555556,0.7741935483870968,1.0,0.9538461538461539,0.956989247311828,0.30072,0.61454,0.1195,50000,0.0320563247999479,0.056671002771336465,8.3352,0.9344262295081968,0.9047619047619048,0.95,0.00482,50000,0.909222452219699,0.9596652719665272,5975,0.57978,0.1195,50000,0.0,1.0,0,live
"U(0.01,0.1), eps=1e-04",narrow_e4,0.0001,reverse_eng_risk,2917365,50000,0.91802,0.9155831627424786,0.9203926099274051,1.0,1.0,1.0,1.0,1.0,0.54164,0.98424,0.2319,50000,0.0066121311525983205,0.0066121311525983205,1.0,0.9487179487179487,0.918918918918919,0.9696969696969697,0.00032,50000,0.9181938220230473,0.9986200948684778,11595,nan,nan,0,0.0,1.0,0,live
"U(0.01,0.1), eps=1e-05",narrow_e5,1e-05,brute,36102410,50000,0.36022,0.3560230161384383,0.3644384605760816,nan,nan,nan,nan,nan,nan,nan,nan,0,0.0,0.0,0.0,0.5357142857142857,0.3125,0.75,0.0,50000,0.36022,nan,0,nan,nan,0,0.0,0.9999998615050907,0,live
"U(0.01,0.1), eps=1e-05",narrow_e5,1e-05,linear,36102410,50000,0.4922,0.4878186881125223,0.4965825103305543,1.0,0.9850746268656716,1.0,1.0,1.0,0.6003,0.94444,0.11882,50000,0.0030301301215071236,0.018079070067621526,37.04606,0.9615384615384616,0.9411764705882353,0.98,0.01128,50000,0.49706691479893195,0.9050664871233799,5941,0.28088,0.11882,50000,0.0,1.0,0,live
"U(0.01,0.1), eps=1e-05",narrow_e5,1e-05,binary_deep,36102410,50000,0.50006,0.49567755106583367,0.5044424397153734,0.8918918918918919,0.6521739130434783,1.0,0.8888888888888888,0.8947368421052632,0.25238,0.48594,0.0423,50000,0.008740690718431263,0.014578223448240713,8.411,0.9565217391304348,0.9411764705882353,0.9722222222222222,0.0014,50000,0.5007610654916884,0.966903073286052,2115,0.70532,0.0423,50000,0.0,1.0,0,live
"U(0.01,0.1), eps=1e-05",narrow_e5,1e-05,reverse_eng_risk,36102410,50000,0.51096,0.5065777665586481,0.5153405494751827,1.0,1.0,1.0,1.0,1.0,0.75898,1.0,0.12028,50000,0.005513066856201567,0.005513066856201567,1.0,1.0,0.967741935483871,1.0,0.00112,50000,0.5114328047413103,0.9906883937479215,6014,nan,nan,0,0.0,1.0,0,live
"U(0.01,0.1), eps=1e-05",narrow_e5,1e-05,brute,145380436,50000,0.6522,0.6480138187389148,0.6563627962564353,nan,nan,nan,nan,nan,nan,nan,nan,0,0.0,0.0,0.0,0.5357142857142857,0.3125,0.75,0.0,50000,0.6522,nan,0,nan,nan,0,0.0,0.9999999931214953,0,live
"U(0.01,0.1), eps=1e-05",narrow_e5,1e-05,linear,145380436,50000,0.78078,0.7771321730917097,0.7843846860304614,1.0,0.9545454545454546,1.0,1.0,1.0,0.57272,0.91112,0.03082,50000,0.024069263349849906,0.148801534753961,36.53926,0.9523809523809523,0.918918918918919,0.9736842105263158,0.00654,50000,0.7858393896080366,0.7878001297858533,1541,0.39646,0.03082,50000,0.0,1.0,0,live
"U(0.01,0.1), eps=1e-05",narrow_e5,1e-05,binary_deep,145380436,50000,0.8033,0.7997925467935934,0.8067608522083103,0.8823529411764706,0.6451612903225806,1.0,0.8823529411764706,0.8888888888888888,0.25266,0.469,0.02092,50000,0.008137270959897245,0.01357180549382862,8.4138,0.9736842105263158,0.9558823529411765,1.0,0.00064,50000,0.8037944284341979,0.9694072657743786,1046,0.72642,0.02092,50000,0.0,1.0,0,live
"U(0.01,0.1), eps=1e-05",narrow_e5,1e-05,reverse_eng_risk,145380436,50000,0.80696,0.8034769755224428,0.810395861133094,1.0,1.0,1.0,1.0,1.0,0.70578,0.99968,0.14724,50000,0.0007152269098986607,0.0007152269098986607,1.0,0.9761904761904762,0.9565217391304348,1.0,0.00076,50000,0.8075537408430407,0.9948383591415376,7362,nan,nan,0,0.0,1.0,0,live
"U(0.01,0.1), eps=1e-05",narrow_e5,1e-05,brute,291736555,50000,0.81692,0.8135059019538246,0.8202854043820914,nan,nan,nan,nan,nan,nan,nan,nan,0,0.0,0.0,0.0,0.5357142857142857,0.3125,0.75,0.0,50000,0.81692,nan,0,nan,nan,0,0.0,0.9999999657224992,0,live
"U(0.01,0.1), eps=1e-05",narrow_e5,1e-05,linear,291736555,50000,0.9021,0.8994641819126884,0.9046740368102443,1.0,0.9545454545454546,1.0,1.0,1.0,0.57082,0.90852,0.02986,50000,0.012875914710105492,0.07960176605225218,36.53198,0.9523809523809523,0.9166666666666666,0.9736842105263158,0.00644,50000,0.9079069205684609,0.7843268586738111,1493,0.39932,0.02986,50000,0.0,0.9999999965722499,0,live
"U(0.01,0.1), eps=1e-05",narrow_e5,1e-05,binary_deep,291736555,50000,0.91858,0.9161506143043052,0.9209450723235113,0.990990990990991,0.875,1.0,0.9875,1.0,0.46546,0.7162,0.03252,50000,0.023213820427817146,0.04134961763704929,8.26984,1.0,0.9838709677419355,1.0,0.00052,50000,0.9190579101132589,0.984009840098401,1626,0.50202,0.03252,50000,0.0,1.0,0,live
"U(0.01,0.1), eps=1e-05",narrow_e5,1e-05,reverse_eng_risk,291736555,50000,0.92294,0.9205698039571195,0.9252452127717465,1.0,1.0,1.0,1.0,1.0,0.75016,1.0,0.1243,50000,0.000602392799215717,0.000602392799215717,1.0,0.9807692307692307,0.96,1.0,0.00028,50000,0.9231984955787621,0.9977473853580048,6215,nan,nan,0,0.0,1.0,0,live
"U(0.01,0.1), eps=1e-06",narrow_e6,1e-06,brute,3610241091,50000,0.3602,0.35600306871613246,0.3644184110713184,nan,nan,nan,nan,nan,nan,nan,nan,0,0.0,0.0,0.0,0.5357142857142857,0.3125,0.75,0.0,50000,0.3602,nan,0,nan,nan,0,0.0,0.9999999983380611,0,live
"U(0.01,0.1), eps=1e-06",narrow_e6,1e-06,linear,3610241091,50000,0.49204,0.48765872250683673,0.4964225005196875,1.0,0.9545454545454546,1.0,1.0,1.0,0.57194,0.91076,0.03044,50000,0.0009961661588101403,0.0061585205640218,36.53834,0.9523809523809523,0.9183673469387755,0.9736842105263158,0.00636,50000,0.4951894046133408,0.7910643889618922,1522,0.39762,0.03044,50000,0.0,1.0,0,live
"U(0.01,0.1), eps=1e-06",narrow_e6,1e-06,binary_deep,3610241091,50000,0.50656,0.5021774288549694,0.5109415632236738,1.0,0.8823529411764706,1.0,1.0,1.0,0.44396,0.7276,0.08544,50000,0.00023533054402321633,0.00041918253154135405,8.2716,0.9789103039288363,0.9629629629629629,1.0,0.00302,50000,0.5080944452245783,0.9646535580524345,4272,0.4706,0.08544,50000,0.0,1.0,0,live
"U(0.01,0.1), eps=1e-06",narrow_e6,1e-06,reverse_eng_risk,3610241091,50000,0.5138,0.5094181648576219,0.5181797148200118,1.0,1.0,1.0,1.0,1.0,0.90026,1.0,0.05076,50000,0.0006368799041515313,0.0006368799041515313,1.0,1.0,1.0,1.0,0.00022,50000,0.5139130608733922,0.9956658786446021,2538,nan,nan,0,0.0,0.9999999997230102,0,live
"U(0.01,0.1), eps=1e-06",narrow_e6,1e-06,brute,14538043655,50000,0.65232,0.6481341457534144,0.6564824508043501,nan,nan,nan,nan,nan,nan,nan,nan,0,0.0,0.0,0.0,0.5357142857142857,0.3125,0.75,0.0,50000,0.65232,nan,0,nan,nan,0,0.0,0.9999999996560748,0,live
"U(0.01,0.1), eps=1e-06",narrow_e6,1e-06,linear,14538043655,50000,0.7853,0.7816790290020609,0.7888771356377119,1.0,0.9444444444444444,1.0,1.0,1.0,0.53282,0.86082,0.02156,50000,0.00030897073269243807,0.002079562196774818,30.70038,0.9473684210526315,0.9,0.9705882352941176,0.00286,50000,0.7875523998636099,0.8673469387755102,1078,0.44562,0.02156,50000,0.0,1.0,0,live
"U(0.01,0.1), eps=1e-06",narrow_e6,1e-06,binary_deep,14538043655,50000,0.80256,0.7990476647617579,0.8060258479385916,0.8888888888888888,0.6511627906976745,1.0,0.8888888888888888,0.8918918918918919,0.25378,0.48042,0.03252,50000,3.6555124789243864e-05,6.096872598777459e-05,8.41378,0.9615384615384616,0.9459459459459459,1.0,0.00094,50000,0.8033151162092367,0.9710947109471094,1626,0.7137,0.03252,50000,0.0,1.0,0,live
"U(0.01,0.1), eps=1e-06",narrow_e6,1e-06,reverse_eng_risk,14538043655,50000,0.808,0.8045240036668599,0.8114286731962668,1.0,1.0,1.0,1.0,1.0,0.75372,0.99998,0.12304,50000,1.2730048443371524e-05,1.2730048443371524e-05,1.0,1.0,0.9642857142857143,1.0,0.00052,50000,0.8084203785968703,0.9957737321196359,6152,nan,nan,0,0.0,0.9999999999312149,0,live
"U(0.01,0.1), eps=1e-06",narrow_e6,1e-06,brute,29173655514,50000,0.81704,0.8136267548396254,0.8204045330587046,nan,nan,nan,nan,nan,nan,nan,nan,0,0.0,0.0,0.0,0.5357142857142857,0.3125,0.75,0.0,50000,0.81704,nan,0,nan,nan,0,0.0,0.9999999996915024,0,live
"U(0.01,0.1), eps=1e-06",narrow_e6,1e-06,linear,29173655514,50000,0.90886,0.9063057885585194,0.9113513915137467,0.9923953273189914,0.9411764705882353,1.0,0.9907407407407407,1.0,0.4924,0.84878,0.0049,50000,0.00969893676382841,0.06365669516831055,30.44046,0.9923953273189914,0.9411764705882353,1.0,0.0049,50000,0.9130338659431213,0.0,245,0.5027,0.0049,50000,0.0,1.0,0,live
"U(0.01,0.1), eps=1e-06",narrow_e6,1e-06,binary_deep,29173655514,50000,0.92026,0.9178531717790153,0.9226022567226002,0.8823529411764706,0.6428571428571429,1.0,0.8823529411764706,0.8878504672897196,0.25312,0.46832,0.01906,50000,4.6932754085032004e-05,7.827712913467838e-05,8.41622,0.9732142857142857,0.9558823529411765,1.0,0.0004,50000,0.9206282513005202,0.9790136411332634,953,0.72782,0.01906,50000,0.0,1.0,0,live
"U(0.01,0.1), eps=1e-06",narrow_e6,1e-06,reverse_eng_risk,29173655514,50000,0.92234,0.919961532035431,0.9246535768813643,1.0,1.0,1.0,1.0,1.0,0.75848,1.0,0.12028,50000,6.7401563683247655e-06,6.7401563683247655e-06,1.0,0.9838709677419355,0.9615384615384616,1.0,0.00028,50000,0.9225983275317089,0.9976720984369803,6014,nan,nan,0,0.0,1.0,0,live
"U(0.01,0.1), eps=1e-07",narrow_e7,1e-07,brute,361024109144,50000,0.3603,0.35610280590687426,0.3645186585159218,nan,nan,nan,nan,nan,nan,nan,nan,0,0.0,0.0,0.0,0.5357142857142857,0.3125,0.75,0.0,50000,0.3603,nan,0,nan,nan,0,0.0,0.9999999999612215,0,live
"U(0.01,0.1), eps=1e-07",narrow_e7,1e-07,linear,361024109144,50000,0.49984,0.4954575681597667,0.5042224564236809,1.0,0.9473684210526315,1.0,1.0,1.0,0.51422,0.89504,0.00854,50000,0.0010651929199736968,0.0065852593408151664,36.30364,1.0,0.9473684210526315,1.0,0.00854,50000,0.5040848849171928,0.0,427,0.47724,0.00854,50000,0.0,1.0,0,live
"U(0.01,0.1), eps=1e-07",narrow_e7,1e-07,binary_deep,361024109144,50000,0.50962,0.505237627757903,0.5140008941623023,1.0,0.95,1.0,1.0,1.0,0.5768,0.8317,0.08068,50000,8.57400910797717e-06,1.598695448258243e-05,8.23436,1.0,0.9827586206896551,1.0,0.00262,50000,0.5109587118249814,0.9675260287555776,4034,0.34252,0.08068,50000,0.0,1.0,0,live
"U(0.01,0.1), eps=1e-07",narrow_e7,1e-07,reverse_eng_risk,361024109144,50000,0.51204,0.5076579013503497,0.516420248745209,1.0,1.0,1.0,1.0,1.0,0.79222,1.0,0.10412,50000,8.591392988557558e-07,8.591392988557558e-07,1.0,1.0,0.972972972972973,1.0,0.0009,50000,0.5125012511260134,0.9913561275451402,5206,nan,nan,0,0.0,1.0,0,live
"U(0.01,0.1), eps=1e-07",narrow_e7,1e-07,brute,1453804365525,50000,0.65228,0.6480940367161278,0.6564425659874985,nan,nan,nan,nan,nan,nan,nan,nan,0,0.0,0.0,0.0,0.5357142857142857,0.3125,0.75,0.0,50000,0.65228,nan,0,nan,nan,0,0.0,1.0,0,live
"U(0.01,0.1), eps=1e-07",narrow_e7,1e-07,linear,1453804365525,50000,0.79508,0.79151937106231,0.7985952909142205,1.0,0.9482758620689655,1.0,1.0,1.0,0.51814,0.89552,0.00888,50000,0.00019457844996761055,0.0012029272173553168,36.30968,1.0,0.9482758620689655,1.0,0.00888,50000,0.8021430301073533,0.0,444,0.47298,0.00888,50000,0.0,1.0,0,live
"U(0.01,0.1), eps=1e-07",narrow_e7,1e-07,binary_deep,1453804365525,50000,0.80676,0.8032756283822581,0.8101972390025886,1.0,0.9459459459459459,1.0,1.0,1.0,0.60896,0.826,0.0243,50000,2.474102351935844e-05,4.595988744047488e-05,8.23434,1.0,1.0,1.0,0.00052,50000,0.8071797334613999,0.9786008230452675,1215,0.36674,0.0243,50000,0.0,1.0,0,live
"U(0.01,0.1), eps=1e-07",narrow_e7,1e-07,reverse_eng_risk,1453804365525,50000,0.8087,0.8052287559699494,0.8121238133405935,1.0,1.0,1.0,1.0,1.0,0.76518,1.0,0.11704,50000,1.4769868979067083e-07,1.4769868979067083e-07,1.0,1.0,0.9655172413793104,1.0,0.00054,50000,0.80913693394433,0.9953861927546138,5852,nan,nan,0,0.0,1.0,0,live
"U(0.01,0.1), eps=1e-07",narrow_e7,1e-07,brute,2917365551411,50000,0.81702,0.8136066126540962,0.8203846783171649,nan,nan,nan,nan,nan,nan,nan,nan,0,0.0,0.0,0.0,0.5357142857142857,0.3125,0.75,0.0,50000,0.81702,nan,0,nan,nan,0,0.0,0.9999999999962295,0,live
"U(0.01,0.1), eps=1e-07",narrow_e7,1e-07,linear,2917365551411,50000,0.9105,0.9079662042831381,0.9129707238087886,1.0,0.9411764705882353,1.0,0.9916666666666667,1.0,0.49514,0.84944,0.005,50000,9.093290687267273e-05,0.0005968167928622765,30.44866,1.0,0.9411764705882353,1.0,0.005,50000,0.915035175879397,0.0,250,0.49986,0.005,50000,0.0,1.0,0,live
"U(0.01,0.1), eps=1e-07",narrow_e7,1e-07,binary_deep,2917365551411,50000,0.92152,0.9191302935136154,0.9238449413933494,0.9902436702836475,0.8775510204081632,1.0,0.9866666666666667,1.0,0.46396,0.71648,0.0334,50000,2.1882098377806773e-06,3.8977487735468315e-06,8.27034,1.0,0.9830508474576272,1.0,0.0006,50000,0.9220732439463678,0.9820359281437125,1670,0.50264,0.0334,50000,0.0,1.0,0,live
"U(0.01,0.1), eps=1e-07",narrow_e7,1e-07,reverse_eng_risk,2917365551411,50000,0.92386,0.9215025684732466,0.9261523069007952,1.0,1.0,1.0,1.0,1.0,0.98044,1.0,0.00964,50000,2.4094483108571255e-05,2.4094483108571255e-05,1.0,1.0,1.0,1.0,0.0,50000,0.92386,1.0,482,nan,nan,0,0.0,0.9999999999996573,0,live
"U(0.01,0.1), eps=1e-08",narrow_e8,1e-08,brute,36102410914495,50000,0.3603,0.35610280590687426,0.3645186585159218,nan,nan,nan,nan,nan,nan,nan,nan,0,0.0,0.0,0.0,0.5357142857142857,0.3125,0.75,0.0,50000,0.3603,nan,0,nan,nan,0,0.0,0.999999999999723,0,live
"U(0.01,0.1), eps=1e-08",narrow_e8,1e-08,linear,36102410914495,50000,0.49706,0.49267785725913155,0.5014425944617202,1.0,0.9482758620689655,1.0,1.0,1.0,0.51738,0.89538,0.00918,50000,6.641126421386359e-06,4.1056919342881887e-05,36.30936,1.0,0.9482758620689655,1.0,0.00918,50000,0.5016451020366969,0.0,459,0.47344,0.00918,50000,0.0,0.9999999999999446,0,live
"U(0.01,0.1), eps=1e-08",narrow_e8,1e-08,binary_deep,36102410914495,50000,0.50946,0.5050776132893589,0.5138409332142944,0.9512195121951219,0.7916666666666666,1.0,0.9487179487179487,0.9523809523809523,0.37046,0.62158,0.03326,50000,6.466714939147318e-08,1.143222819599258e-07,8.3163,1.0,0.9722222222222222,1.0,0.00108,50000,0.5100108116766108,0.9675285628382442,1663,0.59628,0.03326,50000,0.0,1.0,0,live
"U(0.01,0.1), eps=1e-08",narrow_e8,1e-08,reverse_eng_risk,36102410914495,50000,0.51192,0.5075378853630347,0.5163002831701097,1.0,1.0,1.0,1.0,1.0,0.75678,1.0,0.12104,50000,5.321112777065824e-09,5.321112777065824e-09,1.0,1.0,0.9672131147540983,1.0,0.00112,50000,0.5124939932724651,0.9907468605419696,6052,nan,nan,0,0.0,1.0,0,live
"U(0.01,0.1), eps=1e-08",narrow_e8,1e-08,brute,145380436552546,50000,0.65228,0.6480940367161278,0.6564425659874985,nan,nan,nan,nan,nan,nan,nan,nan,0,0.0,0.0,0.0,0.5357142857142857,0.3125,0.75,0.0,50000,0.65228,nan,0,nan,nan,0,0.0,0.9999999999999931,0,live
"U(0.01,0.1), eps=1e-08",narrow_e8,1e-08,linear,145380436552546,50000,0.78742,0.7838118469912322,0.7909839919178582,1.0,0.9523809523809523,1.0,1.0,1.0,0.55332,0.90282,0.02198,50000,6.401755436080379e-08,3.957707471816803e-07,36.44816,0.95,0.9130434782608695,0.9722222222222222,0.00636,50000,0.7924600458918724,0.7106460418562329,1099,0.4247,0.02198,50000,0.0,1.0,0,live
"U(0.01,0.1), eps=1e-08",narrow_e8,1e-08,binary_deep,145380436552546,50000,0.80796,0.804483732638039,0.8113889503709497,1.0,0.9459459459459459,1.0,1.0,1.0,0.6118,0.82588,0.023,50000,2.7633495229930545e-07,5.133305537504459e-07,8.23502,1.0,1.0,1.0,0.0005,50000,0.8083641820910455,0.9782608695652174,1150,0.3652,0.023,50000,0.0,1.0,0,live
"U(0.01,0.1), eps=1e-08",narrow_e8,1e-08,reverse_eng_risk,145380436552546,50000,0.80778,0.8043025137179136,0.8112101969474537,1.0,1.0,1.0,1.0,1.0,0.76394,1.0,0.11742,50000,1.451502038403423e-09,1.451502038403423e-09,1.0,1.0,0.9655172413793104,1.0,0.00054,50000,0.808216436875913,0.9954011241696474,5871,nan,nan,0,0.0,0.9999999999999931,0,live
"U(0.01,0.1), eps=1e-08",narrow_e8,1e-08,brute,291736555141147,50000,0.817,0.8135864704837278,0.8203648235604643,nan,nan,nan,nan,nan,nan,nan,nan,0,0.0,0.0,0.0,0.5357142857142857,0.3125,0.75,0.0,50000,0.817,nan,0,nan,nan,0,0.0,0.999999999999976,0,live
"U(0.01,0.1), eps=1e-08",narrow_e8,1e-08,linear,291736555141147,50000,0.90726,0.9046861090114061,0.9097713168953371,1.0,0.9411764705882353,1.0,1.0,1.0,0.50118,0.85202,0.00778,50000,2.0897048698783887e-07,1.3715287472507956e-06,30.53152,1.0,0.9411764705882353,1.0,0.00778,50000,0.914373828384834,0.0,389,0.49104,0.00778,50000,0.0,1.0,0,live
"U(0.01,0.1), eps=1e-08",narrow_e8,1e-08,binary_deep,291736555141147,50000,0.92158,0.9191911132633787,0.9239041124247932,1.0,0.9130434782608695,1.0,1.0,1.0,0.52558,0.76936,0.03412,50000,3.468597891376409e-08,6.250702450084571e-08,8.25062,1.0,0.9894736842105263,1.0,0.00066,50000,0.9221886445053735,0.9806565064478312,1706,0.4403,0.03412,50000,0.0,1.0,0,live
"U(0.01,0.1), eps=1e-08",narrow_e8,1e-08,reverse_eng_risk,291736555141147,50000,0.92394,0.9215836831038933,0.9262311799784246,1.0,1.0,1.0,1.0,1.0,0.98342,1.0,0.00824,50000,3.386578173318029e-07,3.386578173318029e-07,1.0,1.0,1.0,1.0,0.0,50000,0.92394,1.0,412,nan,nan,0,0.0,0.9999999999999966,0,live
"U(0.001,0.01), eps=1e-04",small_e4,0.0001,brute,48861,50000,0.41752,0.4132039257411472,0.42184874702615566,nan,nan,nan,nan,nan,nan,nan,nan,0,0.0,0.0,0.0,0.5528169014084507,0.3264033264033264,0.7772277227722773,0.0,50000,0.41752,nan,0,nan,nan,0,0.0,0.999304148502896,0,live
"U(0.001,0.01), eps=1e-04",small_e4,0.0001,linear,48861,50000,0.42394,0.41961439762937636,0.4282772887270865,0.8485575589459085,0.5198675496688742,0.9442231075697212,0.8449367088607594,0.8486486486486486,0.01074,0.35096,0.0968,50000,0.054296882994617386,0.2616401629111152,20.77948,0.7967032967032966,0.48716858221650555,0.8895705521472392,0.05298,50000,0.43232455491964267,0.4526859504132231,4840,0.84358,0.0968,50000,0.0,0.9999795337794969,0,live
"U(0.001,0.01), eps=1e-04",small_e4,0.0001,binary_deep,48861,50000,0.48506,0.48068066002460863,0.48944163545482267,0.5528169014084507,0.3264033264033264,0.7772277227722773,0.548951048951049,0.5567375886524822,0.00702,0.11452,0.0,50000,0.1542334377110579,0.1542334377110579,1.0,0.8483009708737864,0.7686832740213523,0.9065934065934066,0.01456,50000,0.4861990582886832,nan,0,0.0,0.0,50000,0.0,0.9997134729129572,0,live
"U(0.001,0.01), eps=1e-04",small_e4,0.0001,reverse_eng_risk,48861,50000,0.48546,0.4810805259027291,0.4898417081180829,0.9786096256684492,0.8954545454545455,1.0779816513761469,0.9767441860465116,0.9800995024875622,0.00974,0.527,0.42188,50000,0.06426393237960745,0.06426393237960745,1.07282,0.7960526315789473,0.6844919786096256,0.8820224719101124,0.01628,50000,0.48914325214491927,0.9614108277235233,21094,nan,nan,0,0.0,0.9996725404719511,0,live
"U(0.001,0.01), eps=1e-04",small_e4,0.0001,brute,196761,50000,0.73212,0.7282205544584467,0.7359837811047641,nan,nan,nan,nan,nan,nan,nan,nan,0,0.0,0.0,0.0,0.5528169014084507,0.3264033264033264,0.7772277227722773,0.0,50000,0.73212,nan,0,nan,nan,0,0.0,0.999796707680892,0,live
"U(0.001,0.01), eps=1e-04",small_e4,0.0001,linear,196761,50000,0.76422,0.7604790797459644,0.7679203237630463,0.8820224719101124,0.7168949771689498,0.94607016964089,0.881619937694704,0.8834586466165414,0.01206,0.43186,0.06446,50000,0.026184050701104387,0.16832604022138534,48.40122,0.8579545454545454,0.69140625,0.921311475409836,0.03806,50000,0.7777823980705657,0.40955631399317405,3223,0.91096,0.06446,50000,0.0,1.0,0,live
"U(0.001,0.01), eps=1e-04",small_e4,0.0001,binary_deep,196761,50000,0.80722,0.8037387289358944,0.8106540677715401,0.5528169014084507,0.3264033264033264,0.7772277227722773,0.548951048951049,0.5567375886524822,0.00702,0.11452,0.0,50000,0.1627761599097382,0.1627761599097382,1.0,0.9024390243902439,0.8436713729994474,0.9352941176470588,0.00284,50000,0.8077740783826066,nan,0,0.0,0.0,50000,0.0,0.9999847530760669,0,live
"U(0.001,0.01), eps=1e-04",small_e4,0.0001,reverse_eng_risk,196761,50000,0.81978,0.8163863784259763,0.8231244884808114,0.9936305732484076,0.9404761904761905,1.058139534883721,0.9936305732484076,0.9942857142857143,0.01658,0.70594,0.46036,50000,0.04149196232993327,0.04149196232993327,1.01048,0.8359788359788359,0.7470809967562813,0.896797153024911,0.00476,50000,0.8218118242835899,0.9896602658788775,23018,nan,nan,0,0.0,0.9999796707680892,0,live
"U(0.001,0.01), eps=1e-04",small_e4,0.0001,brute,278729,50000,0.81228,0.808833338055855,0.8156786812000449,nan,nan,nan,nan,nan,nan,nan,nan,0,0.0,0.0,0.0,0.5528169014084507,0.3264033264033264,0.7772277227722773,0.0,50000,0.81228,nan,0,nan,nan,0,0.0,0.9998062634315051,0,live
"U(0.001,0.01), eps=1e-04",small_e4,0.0001,linear,278729,50000,0.83706,0.8337970332561769,0.8402711786382565,0.8820224719101124,0.7168949771689498,0.946078431372549,0.8816425120772947,0.883495145631068,0.01206,0.43188,0.06462,50000,0.018483903720100888,0.1188250953435057,48.41412,0.8579545454545454,0.69140625,0.9213135557959558,0.0382,50000,0.8548138906217508,0.40885174868461777,3231,0.911,0.06462,50000,0.0,1.0,0,live
"U(0.001,0.01), eps=1e-04",small_e4,0.0001,binary_deep,278729,50000,0.87224,0.869285347537856,0.8751374590710085,0.5528169014084507,0.3264033264033264,0.7772277227722773,0.548951048951049,0.5567375886524822,0.00702,0.11452,0.0,50000,0.16785479802962736,0.16785479802962736,1.0,0.9128919860627178,0.8576481563859233,0.9424540014006494,0.00152,50000,0.8724461180995112,nan,0,0.0,0.0,50000,0.0,0.9999964122857686,0,live
"U(0.001,0.01), eps=1e-04",small_e4,0.0001,reverse_eng_risk,278729,50000,0.88836,0.8855697384281598,0.8910905913983465,0.9962264150943396,0.9606299212598425,1.0386206896551724,0.9956331877729258,0.997134670487106,0.0267,0.8319,0.466,50000,0.06533945158200259,0.06533945158200259,1.00098,0.8721461187214612,0.7972469000902656,0.9166666666666666,0.0025,50000,0.8892832080200501,0.9946351931330472,23300,nan,nan,0,0.0,0.9999748860003803,0,live
"U(0.001,0.1), eps=1e-04",wide_e4,0.0001,brute,361024,50000,0.35846,0.3542676733321672,0.36267407380027766,nan,nan,nan,nan,nan,nan,nan,nan,0,0.0,0.0,0.0,0.4838709677419355,0.25,0.75,0.0,50000,0.35846,nan,0,nan,nan,0,0.0,0.9999889204041836,0,live
"U(0.001,0.1), eps=1e-04",wide_e4,0.0001,linear,361024,50000,0.43468,0.4303401289527595,0.43902990723977464,0.98,0.9393939393939394,1.0,0.9791666666666666,0.9807692307692307,0.26924,0.84948,0.18978,50000,0.02797043963836199,0.36276812621875554,41.2139,0.9047619047619048,0.8421052631578947,0.9523809523809523,0.05294,50000,0.44539944670876186,0.7210454210138054,9489,0.5009,0.18978,50000,0.0,0.9999944602020918,0,live
"U(0.001,0.1), eps=1e-04",wide_e4,0.0001,binary_deep,361024,50000,0.52654,0.5221616943724562,0.5309142278481521,0.4838709677419355,0.25,0.75,0.4838709677419355,0.5,0.0195,0.07786,0.0,50000,0.030579684453111152,0.030579684453111152,1.0,0.9433962264150944,0.9,0.9655172413793104,0.00608,50000,0.5288554410817772,nan,0,0.0,0.0,50000,0.0,1.0,0,live
"U(0.001,0.1), eps=1e-04",wide_e4,0.0001,reverse_eng_risk,361024,50000,0.52294,0.5185604078594805,0.5273160674887016,1.0,0.9615384615384616,1.0333333333333334,1.0,1.0,0.34492,0.85728,0.31246,50000,0.013212418010990958,0.013212418010990958,1.08614,0.9230769230769231,0.8611111111111112,0.9523809523809523,0.0066,50000,0.5256895510368431,0.9788772962939256,15623,nan,nan,0,0.0,0.9999944602020918,0,live
"U(0.001,0.1), eps=1e-04",wide_e4,0.0001,brute,1453804,50000,0.65228,0.6480940367161278,0.6564425659874985,nan,nan,nan,nan,nan,nan,nan,nan,0,0.0,0.0,0.0,0.4838709677419355,0.25,0.75,0.0,50000,0.65228,nan,0,nan,nan,0,0.0,0.9999972485974725,0,live
"U(0.001,0.1), eps=1e-04",wide_e4,0.0001,linear,1453804,50000,0.74782,0.7439946381499013,0.7516072851625014,1.0,0.9583333333333334,1.0,1.0,1.0,0.44092,0.87642,0.15826,50000,0.022212072604009894,0.30755177451706006,44.59146,0.9166666666666666,0.875,0.9555555555555556,0.02074,50000,0.7519555582787002,0.868949829394667,7913,0.35624,0.15826,50000,0.0,1.0,0,live
"U(0.001,0.1), eps=1e-04",wide_e4,0.0001,binary_deep,1453804,50000,0.81738,0.8139691743151126,0.820742061343391,0.4838709677419355,0.25,0.75,0.4838709677419355,0.5,0.0195,0.07786,0.0,50000,0.023834024393934807,0.023834024393934807,1.0,0.9565217391304348,0.9285714285714286,1.0,0.0012,50000,0.8179215058069683,nan,0,0.0,0.0,50000,0.0,1.0,0,live
"U(0.001,0.1), eps=1e-04",wide_e4,0.0001,reverse_eng_risk,1453804,50000,0.81738,0.8139691743151126,0.820742061343391,1.0,1.0,1.0,1.0,1.0,0.54836,0.95358,0.2287,50000,0.023834024393934807,0.023834024393934807,1.00576,0.9565217391304348,0.9285714285714286,1.0,0.0012,50000,0.8179215058069683,0.994752951464801,11435,nan,nan,0,0.0,1.0,0,live
"U(0.001,0.1), eps=1e-04",wide_e4,0.0001,brute,2059436,50000,0.73406,0.7301693647205811,0.7379146727683261,nan,nan,nan,nan,nan,nan,nan,nan,0,0.0,0.0,0.0,0.4838709677419355,0.25,0.75,0.0,50000,0.73406,nan,0,nan,nan,0,0.0,0.9999946587318082,0,live
"U(0.001,0.1), eps=1e-04",wide_e4,0.0001,linear,2059436,50000,0.81428,0.8108472757337306,0.8176644362290728,0.9375,0.8333333333333334,1.0,0.9375,0.9428571428571428,0.19522,0.6384,0.08718,50000,0.022753802497382777,0.20271569497668293,18.7005,0.896551724137931,0.7777777777777778,0.9629629629629629,0.02264,50000,0.8220307767864451,0.740307409956412,4359,0.32956,0.08718,50000,0.0,0.9999990288603288,0,live
"U(0.001,0.1), eps=1e-04",wide_e4,0.0001,binary_deep,2059436,50000,0.87542,0.8724964803490322,0.8782858376638086,0.4838709677419355,0.25,0.75,0.4838709677419355,0.5,0.0195,0.07786,0.0,50000,0.01919214775307414,0.01919214775307414,1.0,0.9583333333333334,0.9285714285714286,1.0,0.00072,50000,0.8757705547994556,nan,0,0.0,0.0,50000,0.0,0.9999995144301643,0,live
"U(0.001,0.1), eps=1e-04",wide_e4,0.0001,reverse_eng_risk,2059436,50000,0.87442,0.8714866247941158,0.8772958468652734,1.0,1.0,1.0,1.0,1.0,0.54788,0.9531,0.22908,50000,0.01666475675864654,0.01666475675864654,1.0058,0.9555555555555556,0.925,1.0,0.00076,50000,0.8748048516872823,0.9966823817007159,11454,nan,nan,0,0.0,1.0,0,live
"U(0.01,pi/4), eps=1e-03",broad_pi4_e3,0.001,brute,26207,50000,0.35456,0.3503782128248694,0.3587641335291138,nan,nan,nan,nan,nan,nan,nan,nan,0,0.0,0.0,0.0,0.6666666666666666,0.2857142857142857,1.0,0.0,50000,0.35456,nan,0,nan,nan,0,0.0,0.9999618422558858,0,live
"U(0.01,pi/4), eps=1e-03",broad_pi4_e3,0.001,linear,26207,50000,0.3845,0.3802449481843889,0.38877279799193853,0.7142857142857143,0.5,1.0,0.6730769230769231,0.7142857142857143,0.40128,0.42482,0.0254,50000,0.02911435875911016,0.10813904681955203,2.65046,0.7142857142857143,0.5,1.0,0.0254,50000,0.38984198645598195,0.0,1270,0.22636,0.0254,50000,0.0,1.0,0,live
"U(0.01,pi/4), eps=1e-03",broad_pi4_e3,0.001,binary_deep,26207,50000,0.49178,0.48739877935501713,0.49616248361960974,0.6666666666666666,0.2857142857142857,1.0,0.6666666666666666,0.6666666666666666,0.33922,0.33922,0.0,50000,0.05716030068302362,0.05716030068302362,1.0,1.0,0.8888888888888888,1.0,0.00664,50000,0.4939397600064428,nan,0,0.0,0.0,50000,0.0,0.9999618422558858,0,live
"U(0.01,pi/4), eps=1e-03",broad_pi4_e3,0.001,reverse_eng_risk,26207,50000,0.49276,0.4883785712674003,0.4971425411336092,1.0,1.0,1.0,1.0,1.0,0.75528,0.81806,0.12122,50000,0.034647231655664516,0.034647231655664516,1.03532,1.0,0.8571428571428571,1.0,0.00798,50000,0.49523195096873046,0.9341692789968652,6061,nan,nan,0,0.0,1.0,0,live
"U(0.01,pi/4), eps=1e-03",broad_pi4_e3,0.001,brute,123248,50000,0.6795,0.6753958870571304,0.6835765333874515,nan,nan,nan,nan,nan,nan,nan,nan,0,0.0,0.0,0.0,0.6666666666666666,0.2857142857142857,1.0,0.0,50000,0.6795,nan,0,nan,nan,0,0.0,1.0,0,live
"U(0.01,pi/4), eps=1e-03",broad_pi4_e3,0.001,linear,123248,50000,0.7294,0.7254883616561272,0.7332763918256953,1.0,0.8,1.0,1.0,1.0,0.64406,0.68588,0.05628,50000,0.05390756847981306,0.256060950279112,10.92494,1.0,0.8,1.0,0.05628,50000,0.7593353960920612,0.0,2814,0.26778,0.05628,50000,0.0,1.0,0,live
"U(0.01,pi/4), eps=1e-03",broad_pi4_e3,0.001,binary_deep,123248,50000,0.81034,0.8068799591550027,0.8137523581752009,0.6666666666666666,0.2857142857142857,1.0,0.6666666666666666,0.6666666666666666,0.33922,0.33922,0.0,50000,0.027034921459171753,0.027034921459171753,1.0,1.0,0.9,1.0,0.00124,50000,0.8110056470022828,nan,0,0.0,0.0,50000,0.0,1.0,0,live
"U(0.01,pi/4), eps=1e-03",broad_pi4_e3,0.001,reverse_eng_risk,123248,50000,0.81022,0.806759136105189,0.8136331996626006,1.0,1.0,1.0,1.0,1.0,0.8079,0.8837,0.09946,50000,0.0192457484097105,0.0192457484097105,1.0083,1.0,0.8888888888888888,1.0,0.00164,50000,0.8111703193236909,0.9835109591795697,4973,nan,nan,0,0.0,1.0,0,live
"U(0.01,pi/4), eps=1e-03",broad_pi4_e3,0.001,brute,228942,50000,0.82652,0.8231758931365486,0.8298139381925037,nan,nan,nan,nan,nan,nan,nan,nan,0,0.0,0.0,0.0,0.6666666666666666,0.2857142857142857,1.0,0.0,50000,0.82652,nan,0,nan,nan,0,0.0,1.0,0,live
"U(0.01,pi/4), eps=1e-03",broad_pi4_e3,0.001,linear,228942,50000,0.85694,0.8538435704193535,0.8599815869816999,1.0,0.6666666666666666,1.0,1.0,1.0,0.62588,0.65254,0.03002,50000,0.04894252692821763,0.21570965572066286,8.09266,1.0,0.6666666666666666,1.0,0.03002,50000,0.8743891626631477,0.0,1501,0.3164,0.03002,50000,0.0,1.0,0,live
"U(0.01,pi/4), eps=1e-03",broad_pi4_e3,0.001,binary_deep,228942,50000,0.9083,0.9057388742420867,0.9107983918722464,0.6666666666666666,0.2857142857142857,1.0,0.6666666666666666,0.6666666666666666,0.33922,0.33922,0.0,50000,0.03406102855745123,0.03406102855745123,1.0,1.0,0.9230769230769231,1.0,0.00032,50000,0.9084707106274008,nan,0,0.0,0.0,50000,0.0,1.0,0,live
"U(0.01,pi/4), eps=1e-03",broad_pi4_e3,0.001,reverse_eng_risk,228942,50000,0.90604,0.9034512580467963,0.9085663553087359,1.0,1.0,1.0,1.0,1.0,0.74264,0.80114,0.12612,50000,0.0032147880249146074,0.0032147880249146074,1.04852,1.0,0.8,1.0,0.00142,50000,0.9072082356946864,0.9887408816999683,6306,nan,nan,0,0.0,1.0,0,live
"U(0.01,pi/2), eps=1e-03",broad_pi2_e3,0.001,brute,48681,50000,0.34168,0.33753519573587293,0.3458491295856522,nan,nan,nan,nan,nan,nan,nan,nan,0,0.0,0.0,0.0,1.0,0.3333333333333333,1.0,0.0,50000,0.34168,nan,0,nan,nan,0,0.0,1.0,0,live
"U(0.01,pi/2), eps=1e-03",broad_pi2_e3,0.001,linear,48681,50000,0.40444,0.40014567361443965,0.4087490088497149,1.0,1.0,1.0,1.0,1.0,0.69774,0.74134,0.10994,50000,0.01783036502947762,0.06686386886054108,9.8394,1.0,0.5555555555555556,1.0,0.0249,50000,0.4079171367039278,0.7735128251773695,5497,0.18254,0.10994,50000,0.0,1.0,0,live
"U(0.01,pi/2), eps=1e-03",broad_pi2_e3,0.001,binary_deep,48681,50000,0.47318,0.4688059247935616,0.4775581960068634,1.0,0.3333333333333333,1.0,1.0,1.0,0.50476,0.50476,0.0,50000,0.020582978985641216,0.020582978985641216,1.0,1.0,1.0,1.0,0.0062,50000,0.4756490239484806,nan,0,0.0,0.0,50000,0.0,1.0,0,live
"U(0.01,pi/2), eps=1e-03",broad_pi2_e3,0.001,reverse_eng_risk,48681,50000,0.47304,0.4686660016319786,0.47741814067896327,1.0,1.0,1.0,1.0,1.0,0.84346,0.86636,0.07436,50000,0.015694007929171545,0.015694007929171545,1.0503,1.0,1.0,1.0,0.00598,50000,0.4753626687591799,0.9195804195804196,3718,nan,nan,0,0.0,1.0,0,live
"U(0.01,pi/2), eps=1e-03",broad_pi2_e3,0.001,brute,228942,50000,0.66308,0.6589246641725133,0.6672102791483916,nan,nan,nan,nan,nan,nan,nan,nan,0,0.0,0.0,0.0,1.0,0.3333333333333333,1.0,0.0,50000,0.66308,nan,0,nan,nan,0,0.0,1.0,0,live
"U(0.01,pi/2), eps=1e-03",broad_pi2_e3,0.001,linear,228942,50000,0.71992,0.7159673000004789,0.7238389100506211,1.0,1.0,1.0,1.0,1.0,0.72624,0.76534,0.06692,50000,0.012352473552253409,0.040145539044823576,9.7401,1.0,0.5,1.0,0.0104,50000,0.7229991915925627,0.844590555887627,3346,0.19984,0.06692,50000,0.0,1.0,0,live
"U(0.01,pi/2), eps=1e-03",broad_pi2_e3,0.001,binary_deep,228942,50000,0.78108,0.7774339358218442,0.7846828772063624,1.0,0.3333333333333333,1.0,1.0,1.0,0.50476,0.50476,0.0,50000,0.023315949017655126,0.023315949017655126,1.0,1.0,1.0,1.0,0.00066,50000,0.7814557608021294,nan,0,0.0,0.0,50000,0.0,1.0,0,live
"U(0.01,pi/2), eps=1e-03",broad_pi2_e3,0.001,reverse_eng_risk,228942,50000,0.77898,0.775321655043929,0.782595480642029,1.0,1.0,1.0,1.0,1.0,0.85708,0.88542,0.06876,50000,0.005044945881489635,0.005044945881489635,1.0303,1.0,1.0,1.0,0.00174,50000,0.7802175785867409,0.974694589877836,3438,nan,nan,0,0.0,1.0,0,live
"U(0.01,pi/2), eps=1e-03",broad_pi2_e3,0.001,brute,425275,50000,0.81054,0.80708133206849,0.8139509545324042,nan,nan,nan,nan,nan,nan,nan,nan,0,0.0,0.0,0.0,1.0,0.3333333333333333,1.0,0.0,50000,0.81054,nan,0,nan,nan,0,0.0,1.0,0,live
"U(0.01,pi/2), eps=1e-03",broad_pi2_e3,0.001,linear,425275,50000,0.84254,0.8393211067288321,0.8457062631825166,1.0,0.8,1.0,1.0,1.0,0.71814,0.72932,0.0186,50000,0.01591911116336488,0.05730880018811357,5.6865,1.0,0.8,1.0,0.0186,50000,0.8536987976360302,0.0,930,0.25084,0.0186,50000,0.0,1.0,0,live
"U(0.01,pi/2), eps=1e-03",broad_pi2_e3,0.001,binary_deep,425275,50000,0.88668,0.8838718095404596,0.8894287784122477,1.0,0.3333333333333333,1.0,1.0,1.0,0.50476,0.50476,0.0,50000,0.014259008876609252,0.014259008876609252,1.0,1.0,1.0,1.0,0.00024,50000,0.8868728494838761,nan,0,0.0,0.0,50000,0.0,1.0,0,live
"U(0.01,pi/2), eps=1e-03",broad_pi2_e3,0.001,reverse_eng_risk,425275,50000,0.8865,0.8836899001692178,0.8892507154398681,1.0,1.0,1.0,1.0,1.0,0.89118,0.93028,0.05488,50000,0.008690847098935982,0.008690847098935982,1.00606,1.0,1.0,1.0,0.00032,50000,0.8867237516005122,0.9941690962099126,2744,nan,nan,0,0.0,1.0,0,live
