m_exploration,alpha,reference,rho,false_alarm_at_0p9,detect_from,missed_error
50,0.5,perfect,,0.3469,1.0025,0.005
50,0.5,late,1.05,0.5061,1.0186,0.0366
50,0.5,first,5.73,0.4288,1.197,0.3291
50,0.05,perfect,,0.0339,1.0745,0.1387
50,0.05,late,1.05,0.1381,nan,nan
50,0.05,first,5.73,0.3066,1.2215,0.3627
200,0.5,perfect,,0.5428,1.0025,0.005
200,0.5,late,1.05,0.5007,1.0144,0.0285
200,0.5,first,5.73,0.4776,1.0896,0.1645
200,0.05,perfect,,0.0265,1.037,0.0714
200,0.05,late,1.05,0.113,1.0308,0.0597
200,0.05,first,5.73,0.3688,1.1077,0.1945
800,0.5,perfect,,0.4925,1.0025,0.005
800,0.5,late,1.05,0.4962,1.0116,0.0229
800,0.5,first,5.73,0.4851,1.0451,0.0863
800,0.05,perfect,,0.0405,1.0195,0.0383
800,0.05,late,1.05,0.1285,1.0245,0.0479
800,0.05,first,5.73,0.3753,1.0539,0.1023
