setting,phi_min,phi_max,eps,budget,re_rate,a_first_rate,a_first_spent,a_first_overshoot,a_first_depth_ratio,a_first_differs,a_first_probes,a_first_m,a_first_conf,g_first_rate,g_first_spent,g_first_overshoot,g_first_depth_ratio,g_first_differs,g_first_probes,g_first_m,g_first_conf,g_deep_rate,g_deep_spent,g_deep_overshoot,g_deep_depth_ratio,g_deep_differs,g_deep_probes,g_deep_m,g_deep_conf,g_capU_rate,g_capU_spent,g_capU_overshoot,g_capU_depth_ratio,g_capU_differs,g_capU_probes,g_capU_m,g_capU_conf,g_deep_capU_rate,g_deep_capU_spent,g_deep_capU_overshoot,g_deep_capU_depth_ratio,g_deep_capU_differs,g_deep_capU_probes,g_deep_capU_m,g_deep_capU_conf,g_capL_rate,g_capL_spent,g_capL_overshoot,g_capL_depth_ratio,g_capL_differs,g_capL_probes,g_capL_m,g_capL_conf,g_deep_capL_rate,g_deep_capL_spent,g_deep_capL_overshoot,g_deep_capL_depth_ratio,g_deep_capL_differs,g_deep_capL_probes,g_deep_capL_m,g_deep_capL_conf,g_bracket_rate,g_bracket_spent,g_bracket_overshoot,g_bracket_depth_ratio,g_bracket_differs,g_bracket_probes,g_bracket_m,g_bracket_conf,a_first_f_rate,a_first_f_spent,a_first_f_overshoot,a_first_f_depth_ratio,a_first_f_differs,a_first_f_probes,a_first_f_m,a_first_f_conf,g_first_f_rate,g_first_f_spent,g_first_f_overshoot,g_first_f_depth_ratio,g_first_f_differs,g_first_f_probes,g_first_f_m,g_first_f_conf,g_deep_f_rate,g_deep_f_spent,g_deep_f_overshoot,g_deep_f_depth_ratio,g_deep_f_differs,g_deep_f_probes,g_deep_f_m,g_deep_f_conf,g_capU_f_rate,g_capU_f_spent,g_capU_f_overshoot,g_capU_f_depth_ratio,g_capU_f_differs,g_capU_f_probes,g_capU_f_m,g_capU_f_conf,g_deep_capU_f_rate,g_deep_capU_f_spent,g_deep_capU_f_overshoot,g_deep_capU_f_depth_ratio,g_deep_capU_f_differs,g_deep_capU_f_probes,g_deep_capU_f_m,g_deep_capU_f_conf,g_capL_f_rate,g_capL_f_spent,g_capL_f_overshoot,g_capL_f_depth_ratio,g_capL_f_differs,g_capL_f_probes,g_capL_f_m,g_capL_f_conf,g_deep_capL_f_rate,g_deep_capL_f_spent,g_deep_capL_f_overshoot,g_deep_capL_f_depth_ratio,g_deep_capL_f_differs,g_deep_capL_f_probes,g_deep_capL_f_m,g_deep_capL_f_conf,g_bracket_f_rate,g_bracket_f_spent,g_bracket_f_overshoot,g_bracket_f_depth_ratio,g_bracket_f_differs,g_bracket_f_probes,g_bracket_f_m,g_bracket_f_conf
"U(0.01,0.1), eps=1e-03",0.01,0.1,0.001,896,18.34,18.98,0.9883,4.465,0.768,0.0,1.0,10,0.5,16.895,0.9811,3.12,0.8007,71.31,1.0,22,0.5,16.895,0.9811,3.12,0.8007,71.31,1.0,22,0.5,16.895,0.9811,3.12,0.8007,71.31,1.0,22,0.5,16.895,0.9811,3.12,0.8007,71.31,1.0,22,0.5,13.765,0.9877,0.0,0.5384,84.025,1.0,22,0.5,13.765,0.9877,0.0,0.5384,84.025,1.0,22,0.5,16.895,0.9811,3.12,0.8007,71.31,1.0,22,0.5,8.045,0.9888,5.57,0.7359,0.0,2.82,5,0.5,6.71,0.9834,5.73,0.7376,57.815,5.14,5,0.5,5.76,0.9867,2.1,0.7269,74.03,5.14,5,0.5,6.48,0.9841,5.625,0.724,60.7,5.14,5,0.5,5.635,0.9875,2.1,0.7152,75.595,5.14,5,0.5,5.425,0.9817,4.85,0.7308,61.265,4.78,5,0.95,5.405,0.9853,2.035,0.7006,76.85,5.14,5,0.5,7.93,0.9728,65.23,1.1001,98.885,4.78,5,0.95
"U(0.01,0.1), eps=1e-03",0.01,0.1,0.001,5847,53.14,49.955,0.9977,1.09,0.8681,0.0,1.0,103,0.5,49.67,0.9977,1.07,0.8684,72.91,1.0,103,0.5,49.67,0.9977,1.07,0.8684,72.91,1.0,103,0.5,49.67,0.9977,1.07,0.8684,72.91,1.0,103,0.5,49.67,0.9977,1.07,0.8684,72.91,1.0,103,0.5,44.525,0.9977,4.2,0.7064,72.56,6.64,5,0.5,45.415,0.9982,1.79,0.701,75.805,6.64,5,0.5,49.67,0.9977,1.07,0.8684,72.91,1.0,103,0.5,40.74,0.9975,5.15,0.7302,0.0,8.61,5,0.5,45.175,0.9981,4.95,0.727,67.675,6.64,5,0.5,46.225,0.9982,1.79,0.7176,73.485,6.64,5,0.5,44.505,0.9982,4.845,0.7138,70.56,6.64,5,0.5,45.605,0.9983,1.79,0.7047,74.96,6.64,5,0.5,44.525,0.9977,4.2,0.7064,72.56,6.64,5,0.5,45.415,0.9982,1.79,0.701,75.805,6.64,5,0.5,41.7,0.9969,17.36,0.8115,83.745,6.64,5,0.5
"U(0.01,0.1), eps=1e-03",0.01,0.1,0.001,38135,93.625,91.855,0.9996,0.135,0.9049,0.0,1.0,473,0.5,91.075,0.9997,0.645,0.7478,75.315,6.55,22,0.5,90.31,0.9996,2.07,0.8452,83.255,7.18,22,0.8,90.47,0.9997,0.835,0.6974,63.925,7.52,10,0.95,89.87,0.9996,2.07,0.8295,83.675,7.18,22,0.8,90.465,0.9997,0.835,0.6973,63.945,7.52,10,0.95,89.73,0.9996,2.07,0.8265,83.905,7.18,22,0.8,86.97,0.9995,0.11,0.9339,53.52,1.0,1010,0.5,90.035,0.9997,0.65,0.7524,0.0,8.45,22,0.5,91.075,0.9997,0.645,0.7478,75.315,6.55,22,0.5,90.31,0.9996,2.07,0.8452,83.255,7.18,22,0.8,90.47,0.9997,0.835,0.6974,63.925,7.52,10,0.95,89.87,0.9996,2.07,0.8295,83.675,7.18,22,0.8,90.465,0.9997,0.835,0.6973,63.945,7.52,10,0.95,89.73,0.9996,2.07,0.8265,83.905,7.18,22,0.8,82.77,0.9997,10.575,0.7646,88.385,6.55,22,0.5
"U(0.001,0.01), eps=1e-03",0.001,0.01,0.001,11224,97.725,98.08,0.9894,0.03,0.6738,0.0,1.0,15,0.5,96.135,0.9906,0.07,0.7236,69.555,1.0,27,0.5,96.135,0.9906,0.07,0.7236,69.555,1.0,27,0.5,96.135,0.9906,0.07,0.7236,69.555,1.0,27,0.5,96.135,0.9906,0.07,0.7236,69.555,1.0,27,0.5,93.94,0.9931,0.0,0.5523,76.945,1.0,27,0.5,93.94,0.9931,0.0,0.5523,76.945,1.0,27,0.5,96.135,0.9906,0.07,0.7236,69.555,1.0,27,0.5,35.21,0.9935,4.895,0.7236,0.0,4.33,5,0.8,57.51,0.9926,1.055,0.6826,78.965,3.7,8,0.95,54.83,0.9883,8.04,0.8087,79.105,3.7,8,0.95,57.49,0.9926,1.055,0.6823,78.965,3.7,8,0.95,54.795,0.9883,8.035,0.8076,79.11,3.7,8,0.95,57.455,0.9926,0.95,0.6816,78.965,3.7,8,0.95,54.91,0.9902,8.03,0.7988,79.11,3.7,8,0.95,66.05,0.9898,49.055,0.947,96.98,3.7,8,0.95
"U(0.01,0.1), eps=1e-04",0.01,0.1,0.0001,484741,55.435,51.93,1.0,1.215,0.8548,0.0,8.42,78,0.5,52.51,1.0,1.18,0.8554,74.455,6.56,78,0.5,53.425,1.0,1.205,0.8909,78.425,7.0,78,0.8,52.02,1.0,1.1,0.8482,74.585,7.34,78,0.95,52.415,1.0,4.665,0.9337,81.59,7.34,78,0.95,51.095,1.0,0.7,0.8116,76.655,7.0,78,0.8,52.3,1.0,4.665,0.9316,81.715,7.34,78,0.95,51.0,1.0,0.135,0.9779,33.54,1.0,7663,0.5,51.93,1.0,1.215,0.8548,0.0,8.42,78,0.5,52.51,1.0,1.18,0.8554,74.455,6.56,78,0.5,53.425,1.0,1.205,0.8909,78.425,7.0,78,0.8,52.02,1.0,1.1,0.8482,74.585,7.34,78,0.95,52.415,1.0,4.665,0.9337,81.59,7.34,78,0.95,51.095,1.0,0.7,0.8116,76.655,7.0,78,0.8,52.3,1.0,4.665,0.9316,81.715,7.34,78,0.95,45.4,1.0,7.55,0.7581,90.205,6.56,78,0.5
"U(0.01,0.1), eps=1e-04",0.01,0.1,0.0001,3161498,92.74,91.95,1.0,0.125,0.8682,0.0,8.42,195,0.5,91.955,1.0,0.185,0.8683,68.335,6.55,195,0.5,92.005,1.0,0.09,0.8771,69.215,6.55,195,0.5,91.75,1.0,0.17,0.8586,68.715,7.25,195,0.95,90.73,1.0,0.53,0.8572,74.87,6.96,195,0.8,91.705,1.0,0.15,0.8561,69.18,7.25,195,0.95,90.5,1.0,0.29,0.8549,71.705,6.95,489,0.8,84.375,1.0,1.605,0.7383,85.8,6.53,3063,0.5,91.95,1.0,0.125,0.8682,0.0,8.42,195,0.5,91.955,1.0,0.185,0.8683,68.335,6.55,195,0.5,92.005,1.0,0.09,0.8771,69.215,6.55,195,0.5,91.75,1.0,0.17,0.8586,68.715,7.25,195,0.95,90.73,1.0,0.53,0.8572,74.87,6.96,195,0.8,91.705,1.0,0.15,0.8561,69.18,7.25,195,0.95,90.5,1.0,0.29,0.8549,71.705,6.95,489,0.8,84.375,1.0,1.605,0.7383,85.8,6.53,3063,0.5
"U(0.001,0.01), eps=1e-04",0.001,0.01,0.0001,26386,35.515,35.34,0.9941,1.98,0.809,0.0,1.0,31,0.5,28.56,0.9938,1.27,0.8546,83.1,1.0,78,0.5,28.56,0.9938,1.27,0.8546,83.1,1.0,78,0.5,28.56,0.9938,1.27,0.8546,83.1,1.0,78,0.5,28.56,0.9938,1.27,0.8546,83.1,1.0,78,0.5,22.53,0.9996,0.0,0.5523,89.235,1.0,78,0.5,22.53,0.9996,0.0,0.5523,89.235,1.0,78,0.5,28.56,0.9938,1.27,0.8546,83.1,1.0,78,0.5,15.525,0.9952,5.33,0.736,0.0,10.73,5,0.5,22.07,0.9962,5.325,0.7371,68.28,8.96,5,0.5,21.76,0.9955,1.415,0.7076,72.36,8.96,5,0.5,21.77,0.9958,3.865,0.7116,71.75,8.96,5,0.5,21.37,0.9955,1.415,0.6944,73.355,8.96,5,0.5,21.915,0.9957,3.735,0.7105,71.64,8.96,5,0.5,21.45,0.9956,1.415,0.6939,73.24,8.96,5,0.5,22.055,0.9945,15.87,0.8007,80.275,8.96,5,0.5
"U(0.001,0.01), eps=1e-04",0.001,0.01,0.0001,172095,78.13,77.415,0.9991,0.295,0.8783,0.0,1.0,195,0.5,71.645,0.9993,2.005,0.7447,74.275,9.6,12,0.5,74.0,0.9993,0.995,0.6924,78.425,9.63,5,0.5,72.24,0.9993,2.425,0.6821,71.58,9.63,5,0.5,73.33,0.9993,0.995,0.683,78.97,9.63,5,0.5,71.95,0.9993,2.58,0.6971,71.195,10.82,5,0.95,73.34,0.9993,0.995,0.6828,79.33,9.63,5,0.5,67.61,0.999,0.25,0.9159,89.595,1.0,489,0.5,71.33,0.9992,3.02,0.6973,0.0,11.65,5,0.8,71.645,0.9993,2.005,0.7447,74.275,9.6,12,0.5,74.0,0.9993,0.995,0.6924,78.425,9.63,5,0.5,72.24,0.9993,2.425,0.6821,71.58,9.63,5,0.5,73.33,0.9993,0.995,0.683,78.97,9.63,5,0.5,71.95,0.9993,2.58,0.6971,71.195,10.82,5,0.95,73.34,0.9993,0.995,0.6828,79.33,9.63,5,0.5,65.195,0.9992,15.87,0.8008,80.235,9.63,5,0.5
"U(0.01,0.1), eps=1e-05",0.01,0.1,1e-05,13044964,32.32,31.73,1.0,0.33,0.951,0.0,8.42,1224,0.5,31.91,1.0,0.38,0.951,52.125,6.53,1224,0.5,32.1,1.0,0.17,0.9645,52.905,6.95,1224,0.8,30.725,1.0,0.24,0.9423,47.25,7.2,3063,0.95,31.36,1.0,0.35,0.956,50.93,7.2,3063,0.95,31.115,1.0,0.37,0.907,63.625,7.22,489,0.95,31.205,1.0,0.35,0.9502,53.795,7.2,3063,0.95,26.905,1.0,0.045,0.9964,9.915,1.0,300000,0.5,31.73,1.0,0.33,0.951,0.0,8.42,1224,0.5,31.91,1.0,0.38,0.951,52.125,6.53,1224,0.5,32.1,1.0,0.17,0.9645,52.905,6.95,1224,0.8,30.725,1.0,0.24,0.9423,47.25,7.2,3063,0.95,31.36,1.0,0.35,0.956,50.93,7.2,3063,0.95,31.115,1.0,0.37,0.907,63.625,7.22,489,0.95,31.205,1.0,0.35,0.9502,53.795,7.2,3063,0.95,26.275,1.0,3.785,0.7445,88.195,6.54,489,0.5
"U(0.01,0.1), eps=1e-05",0.01,0.1,1e-05,85079570,69.745,68.89,1.0,0.12,0.9643,0.0,8.43,3063,0.5,68.87,1.0,0.135,0.9645,42.11,6.53,3063,0.5,69.065,1.0,0.275,0.9825,46.615,7.2,3063,0.95,67.96,1.0,0.17,0.9255,54.855,7.22,1224,0.95,68.235,1.0,0.275,0.955,51.5,7.2,3063,0.95,67.835,1.0,0.145,0.9207,56.5,7.22,1224,0.95,68.05,1.0,0.275,0.9492,54.15,7.2,3063,0.95,61.69,1.0,2.005,0.8729,65.725,6.94,47947,0.8,68.89,1.0,0.12,0.9643,0.0,8.43,3063,0.5,68.87,1.0,0.135,0.9645,42.11,6.53,3063,0.5,69.065,1.0,0.275,0.9825,46.615,7.2,3063,0.95,67.96,1.0,0.17,0.9255,54.855,7.22,1224,0.95,68.235,1.0,0.275,0.955,51.5,7.2,3063,0.95,67.835,1.0,0.145,0.9207,56.5,7.22,1224,0.95,68.05,1.0,0.275,0.9492,54.15,7.2,3063,0.95,61.69,1.0,2.005,0.8729,65.725,6.94,47947,0.8
"U(0.01,0.1), eps=1e-05",0.01,0.1,1e-05,554890978,97.77,97.925,1.0,0.0,0.9661,0.0,8.43,7663,0.5,97.95,1.0,0.0,0.9778,25.35,6.52,19168,0.5,97.945,1.0,0.03,0.9852,43.125,7.21,7663,0.95,97.795,1.0,0.0,0.9498,34.26,7.2,19168,0.95,97.78,1.0,0.03,0.9599,44.06,7.2,19168,0.95,97.745,1.0,0.0,0.9434,38.545,7.2,19168,0.95,97.72,1.0,0.03,0.9531,47.795,7.2,19168,0.95,95.835,1.0,1.235,0.8718,64.86,6.94,119933,0.8,97.925,1.0,0.0,0.9661,0.0,8.43,7663,0.5,97.95,1.0,0.0,0.9778,25.35,6.52,19168,0.5,97.945,1.0,0.03,0.9852,43.125,7.21,7663,0.95,97.795,1.0,0.0,0.9498,34.26,7.2,19168,0.95,97.78,1.0,0.03,0.9599,44.06,7.2,19168,0.95,97.745,1.0,0.0,0.9434,38.545,7.2,19168,0.95,97.72,1.0,0.03,0.9531,47.795,7.2,19168,0.95,95.835,1.0,1.235,0.8718,64.86,6.94,119933,0.8
"U(0.001,0.01), eps=1e-05",0.001,0.01,1e-05,4631292,54.815,50.14,1.0,1.015,0.8501,0.0,11.56,78,0.95,51.445,1.0,1.02,0.8502,84.775,9.59,78,0.5,52.465,1.0,1.025,0.8943,91.065,10.45,78,0.8,50.565,1.0,0.925,0.843,84.145,10.66,78,0.95,50.855,1.0,1.025,0.8515,91.25,10.45,78,0.8,50.54,1.0,0.92,0.8429,84.155,10.66,78,0.95,51.215,1.0,1.735,0.846,89.02,10.5,31,0.8,49.24,1.0,0.11,0.9747,81.4,1.0,7663,0.5,50.14,1.0,1.015,0.8501,0.0,11.56,78,0.95,51.445,1.0,1.02,0.8502,84.775,9.59,78,0.5,52.465,1.0,1.025,0.8943,91.065,10.45,78,0.8,50.565,1.0,0.925,0.843,84.145,10.66,78,0.95,50.855,1.0,1.025,0.8515,91.25,10.45,78,0.8,50.54,1.0,0.92,0.8429,84.155,10.66,78,0.95,51.215,1.0,1.735,0.846,89.02,10.5,31,0.8,44.225,1.0,9.63,0.7754,88.65,9.6,31,0.5
"U(0.001,0.01), eps=1e-05",0.001,0.01,1e-05,30205397,92.35,91.535,1.0,0.1,0.8658,0.0,11.82,195,0.5,91.69,1.0,0.065,0.9036,90.645,9.61,489,0.5,91.53,1.0,0.07,0.8685,90.555,9.61,195,0.5,91.285,1.0,0.055,0.8893,90.6,10.61,489,0.95,89.925,1.0,0.625,0.9491,93.325,10.63,1224,0.95,91.29,1.0,0.045,0.889,90.645,10.61,489,0.95,89.905,1.0,0.625,0.9487,93.355,10.63,1224,0.95,88.435,1.0,0.005,0.9873,62.985,1.0,47947,0.5,91.535,1.0,0.1,0.8658,0.0,11.82,195,0.5,91.69,1.0,0.065,0.9036,90.645,9.61,489,0.5,91.53,1.0,0.07,0.8685,90.555,9.61,195,0.5,91.285,1.0,0.055,0.8893,90.6,10.61,489,0.95,89.925,1.0,0.625,0.9491,93.325,10.63,1224,0.95,91.29,1.0,0.045,0.889,90.645,10.61,489,0.95,89.905,1.0,0.625,0.9487,93.355,10.63,1224,0.95,84.485,1.0,3.4,0.7498,96.395,9.62,1224,0.5
"U(0.01,0.1), eps=1e-06",0.01,0.1,1e-06,2761823151,45.91,45.815,1.0,0.03,0.9908,0.0,8.22,47947,0.95,45.78,1.0,0.09,0.9909,19.42,7.21,47947,0.95,45.82,1.0,0.06,0.9972,19.575,7.2,119933,0.95,44.7,1.0,0.195,0.9418,47.12,7.2,3063,0.95,45.085,1.0,0.12,0.9617,39.68,7.2,19168,0.95,44.64,1.0,0.135,0.9363,49.82,7.2,3063,0.95,44.895,1.0,0.12,0.9548,44.0,7.2,19168,0.95,43.3,1.0,2.43,0.9602,39.295,7.2,300000,0.95,45.815,1.0,0.03,0.9908,0.0,8.22,47947,0.95,45.78,1.0,0.09,0.9909,19.42,7.21,47947,0.95,45.82,1.0,0.06,0.9972,19.575,7.2,119933,0.95,44.7,1.0,0.195,0.9418,47.12,7.2,3063,0.95,45.085,1.0,0.12,0.9617,39.68,7.2,19168,0.95,44.64,1.0,0.135,0.9363,49.82,7.2,3063,0.95,44.895,1.0,0.12,0.9548,44.0,7.2,19168,0.95,43.3,1.0,2.43,0.9602,39.295,7.2,300000,0.95
"U(0.01,0.1), eps=1e-06",0.01,0.1,1e-06,18012676110,84.495,84.745,1.0,0.025,0.9742,0.0,8.43,7663,0.5,84.775,1.0,0.05,0.9743,33.095,6.53,7663,0.5,84.765,1.0,0.005,0.976,35.16,6.53,7663,0.5,84.045,1.0,0.065,0.937,46.305,7.2,3063,0.95,84.215,1.0,0.085,0.9584,46.68,7.21,7663,0.95,83.875,1.0,0.045,0.9316,49.015,7.2,3063,0.95,84.16,1.0,0.04,0.9576,37.78,7.2,119933,0.95,82.155,1.0,2.43,0.9602,40.735,7.2,300000,0.95,84.745,1.0,0.025,0.9742,0.0,8.43,7663,0.5,84.775,1.0,0.05,0.9743,33.095,6.53,7663,0.5,84.765,1.0,0.005,0.976,35.16,6.53,7663,0.5,84.045,1.0,0.065,0.937,46.305,7.2,3063,0.95,84.215,1.0,0.085,0.9584,46.68,7.21,7663,0.95,83.875,1.0,0.045,0.9316,49.015,7.2,3063,0.95,84.16,1.0,0.04,0.9576,37.78,7.2,119933,0.95,82.155,1.0,2.43,0.9602,40.735,7.2,300000,0.95
"U(0.001,0.01), eps=1e-06",0.001,0.01,1e-06,150339381,34.86,34.17,1.0,0.335,0.9458,0.0,11.71,1224,0.5,34.13,1.0,0.325,0.9459,89.46,9.62,1224,0.5,34.37,1.0,0.195,0.9617,91.145,10.33,1224,0.8,33.31,1.0,0.42,0.9048,89.855,10.61,489,0.95,33.76,1.0,1.675,0.9496,94.375,10.61,489,0.95,33.285,1.0,0.405,0.9045,89.855,10.61,489,0.95,33.755,1.0,1.675,0.9493,94.465,10.61,489,0.95,29.215,1.0,0.03,0.9955,42.625,1.0,300000,0.5,34.17,1.0,0.335,0.9458,0.0,11.71,1224,0.5,34.13,1.0,0.325,0.9459,89.46,9.62,1224,0.5,34.37,1.0,0.195,0.9617,91.145,10.33,1224,0.8,33.31,1.0,0.42,0.9048,89.855,10.61,489,0.95,33.76,1.0,1.675,0.9496,94.375,10.61,489,0.95,33.285,1.0,0.405,0.9045,89.855,10.61,489,0.95,33.755,1.0,1.675,0.9493,94.465,10.61,489,0.95,27.965,1.0,2.42,0.7478,96.79,9.64,3063,0.5
"U(0.001,0.01), eps=1e-06",0.001,0.01,1e-06,980517014,73.215,72.365,1.0,0.08,0.9599,0.0,11.69,3063,0.5,72.425,1.0,0.075,0.9601,86.19,9.64,3063,0.5,72.565,1.0,0.41,0.9891,86.05,10.56,7663,0.95,71.345,1.0,0.045,0.9459,83.565,10.56,7663,0.95,71.615,1.0,0.41,0.9588,88.18,10.56,7663,0.95,71.32,1.0,0.045,0.9453,83.695,10.56,7663,0.95,71.585,1.0,0.41,0.9581,88.295,10.56,7663,0.95,63.455,1.0,1.8,0.7469,96.86,9.65,7663,0.5,72.365,1.0,0.08,0.9599,0.0,11.69,3063,0.5,72.425,1.0,0.075,0.9601,86.19,9.64,3063,0.5,72.565,1.0,0.41,0.9891,86.05,10.56,7663,0.95,71.345,1.0,0.045,0.9459,83.565,10.56,7663,0.95,71.615,1.0,0.41,0.9588,88.18,10.56,7663,0.95,71.32,1.0,0.045,0.9453,83.695,10.56,7663,0.95,71.585,1.0,0.41,0.9581,88.295,10.56,7663,0.95,63.455,1.0,1.8,0.7469,96.86,9.65,7663,0.5
"U(0.01,0.1), eps=1e-07",0.01,0.1,1e-07,89653333333,27.105,27.82,1.0,0.02,0.9964,0.0,8.27,300000,0.8,27.88,1.0,0.045,0.9964,9.915,6.52,300000,0.5,27.85,1.0,0.02,0.9961,17.775,6.94,119933,0.8,27.325,1.0,0.035,0.9646,23.92,7.2,300000,0.95,27.33,1.0,0.035,0.966,27.705,7.2,300000,0.95,27.15,1.0,0.055,0.9541,35.37,7.21,47947,0.95,27.225,1.0,0.035,0.9584,34.025,7.2,300000,0.95,26.385,1.0,2.43,0.9602,39.115,7.2,300000,0.95,27.82,1.0,0.02,0.9964,0.0,8.27,300000,0.8,27.88,1.0,0.045,0.9964,9.915,6.52,300000,0.5,27.85,1.0,0.02,0.9961,17.775,6.94,119933,0.8,27.325,1.0,0.035,0.9646,23.92,7.2,300000,0.95,27.33,1.0,0.035,0.966,27.705,7.2,300000,0.95,27.15,1.0,0.055,0.9541,35.37,7.21,47947,0.95,27.225,1.0,0.035,0.9584,34.025,7.2,300000,0.95,26.385,1.0,2.43,0.9602,39.115,7.2,300000,0.95
"U(0.01,0.1), eps=1e-07",0.01,0.1,1e-07,584721166785,60.94,61.825,1.0,0.02,0.9905,0.0,8.43,47947,0.5,61.82,1.0,0.07,0.9906,19.46,6.52,47947,0.5,61.74,1.0,0.0,0.9858,27.69,6.52,19168,0.5,60.88,1.0,0.055,0.9607,30.02,7.21,47947,0.95,60.875,1.0,0.095,0.9616,40.085,7.2,19168,0.95,60.74,1.0,0.045,0.9537,35.425,7.21,47947,0.95,60.645,1.0,0.095,0.9546,44.395,7.2,19168,0.95,59.255,1.0,2.43,0.9602,39.63,7.2,300000,0.95,61.825,1.0,0.02,0.9905,0.0,8.43,47947,0.5,61.82,1.0,0.07,0.9906,19.46,6.52,47947,0.5,61.74,1.0,0.0,0.9858,27.69,6.52,19168,0.5,60.88,1.0,0.055,0.9607,30.02,7.21,47947,0.95,60.875,1.0,0.095,0.9616,40.085,7.2,19168,0.95,60.74,1.0,0.045,0.9537,35.425,7.21,47947,0.95,60.645,1.0,0.095,0.9546,44.395,7.2,19168,0.95,59.255,1.0,2.43,0.9602,39.63,7.2,300000,0.95
"U(0.01,0.1), eps=1e-07",0.01,0.1,1e-07,3813565320723,94.79,95.235,1.0,0.005,0.9871,0.0,8.43,47947,0.5,95.225,1.0,0.015,0.9872,19.1,6.52,47947,0.5,95.265,1.0,0.0,0.9929,18.07,6.52,119933,0.5,94.88,1.0,0.015,0.9581,29.5,7.21,47947,0.95,94.885,1.0,0.025,0.9648,34.13,7.2,119933,0.95,94.725,1.0,0.015,0.9513,34.825,7.21,47947,0.95,94.68,1.0,0.07,0.9535,47.04,7.2,19168,0.95,92.85,1.0,0.81,0.8706,62.345,6.93,300000,0.8,95.235,1.0,0.005,0.9871,0.0,8.43,47947,0.5,95.225,1.0,0.015,0.9872,19.1,6.52,47947,0.5,95.265,1.0,0.0,0.9929,18.07,6.52,119933,0.5,94.88,1.0,0.015,0.9581,29.5,7.21,47947,0.95,94.885,1.0,0.025,0.9648,34.13,7.2,119933,0.95,94.725,1.0,0.015,0.9513,34.825,7.21,47947,0.95,94.68,1.0,0.07,0.9535,47.04,7.2,19168,0.95,92.85,1.0,0.81,0.8706,62.345,6.93,300000,0.8
"U(0.001,0.01), eps=1e-07",0.001,0.01,1e-07,31829199030,48.77,48.87,1.0,0.02,0.9891,0.0,11.68,47947,0.5,48.76,1.0,0.04,0.9929,52.675,10.52,119933,0.95,48.915,1.0,0.14,0.992,77.68,10.54,19168,0.95,47.965,1.0,0.04,0.953,76.63,10.54,19168,0.95,48.08,1.0,0.14,0.9597,81.675,10.54,19168,0.95,47.975,1.0,0.035,0.9522,77.1,10.54,19168,0.95,48.11,1.0,0.14,0.9589,82.18,10.54,19168,0.95,43.46,1.0,3.49,0.8777,87.96,10.18,300000,0.8,48.87,1.0,0.02,0.9891,0.0,11.68,47947,0.5,48.76,1.0,0.04,0.9929,52.675,10.52,119933,0.95,48.915,1.0,0.14,0.992,77.68,10.54,19168,0.95,47.965,1.0,0.04,0.953,76.63,10.54,19168,0.95,48.08,1.0,0.14,0.9597,81.675,10.54,19168,0.95,47.975,1.0,0.035,0.9522,77.1,10.54,19168,0.95,48.11,1.0,0.14,0.9589,82.18,10.54,19168,0.95,43.46,1.0,3.49,0.8777,87.96,10.18,300000,0.8
"U(0.001,0.01), eps=1e-07",0.001,0.01,1e-07,207590791138,87.315,86.53,1.0,0.13,0.9083,0.0,11.76,489,0.5,87.4,1.0,0.045,0.9565,86.175,9.64,3063,0.5,87.62,1.0,0.0,0.9722,81.85,9.65,7663,0.5,86.58,1.0,0.065,0.9157,89.605,10.63,1224,0.95,87.16,1.0,0.045,0.9617,74.205,10.52,47947,0.95,86.575,1.0,0.06,0.9153,89.74,10.63,1224,0.95,87.125,1.0,0.045,0.9608,75.375,10.52,47947,0.95,82.23,1.0,3.49,0.8777,88.38,10.18,300000,0.8,86.53,1.0,0.13,0.9083,0.0,11.76,489,0.5,87.4,1.0,0.045,0.9565,86.175,9.64,3063,0.5,87.62,1.0,0.0,0.9722,81.85,9.65,7663,0.5,86.58,1.0,0.065,0.9157,89.605,10.63,1224,0.95,87.16,1.0,0.045,0.9617,74.205,10.52,47947,0.95,86.575,1.0,0.06,0.9153,89.74,10.63,1224,0.95,87.125,1.0,0.045,0.9608,75.375,10.52,47947,0.95,82.23,1.0,3.49,0.8777,88.38,10.18,300000,0.8
"U(0.01,0.1), eps=1e-08",0.01,0.1,1e-08,18981013192192,38.97,39.15,1.0,0.04,0.9909,0.0,8.43,47947,0.5,39.15,1.0,0.09,0.991,19.47,6.52,47947,0.5,39.17,1.0,0.01,0.9903,29.145,6.94,19168,0.8,38.265,1.0,0.085,0.9561,35.175,7.2,19168,0.95,38.325,1.0,0.12,0.9618,39.565,7.2,19168,0.95,38.14,1.0,0.075,0.9494,39.8,7.2,19168,0.95,38.19,1.0,0.12,0.9548,43.92,7.2,19168,0.95,37.35,1.0,2.43,0.9602,39.185,7.2,300000,0.95,39.15,1.0,0.04,0.9909,0.0,8.43,47947,0.5,39.15,1.0,0.09,0.991,19.47,6.52,47947,0.5,39.17,1.0,0.01,0.9903,29.145,6.94,19168,0.8,38.265,1.0,0.085,0.9561,35.175,7.2,19168,0.95,38.325,1.0,0.12,0.9618,39.565,7.2,19168,0.95,38.14,1.0,0.075,0.9494,39.8,7.2,19168,0.95,38.19,1.0,0.12,0.9548,43.92,7.2,19168,0.95,37.35,1.0,2.43,0.9602,39.185,7.2,300000,0.95
"U(0.01,0.1), eps=1e-08",0.01,0.1,1e-08,123794618313287,77.465,77.96,1.0,0.01,0.9898,0.0,8.43,47947,0.5,77.91,1.0,0.045,0.9898,19.225,6.52,47947,0.5,77.99,1.0,0.04,0.9951,26.06,7.21,47947,0.95,76.985,1.0,0.045,0.9602,29.825,7.21,47947,0.95,77.055,1.0,0.04,0.9642,35.65,7.21,47947,0.95,76.795,1.0,0.035,0.9532,35.27,7.21,47947,0.95,76.845,1.0,0.04,0.957,40.76,7.21,47947,0.95,74.88,1.0,2.43,0.9602,40.275,7.2,300000,0.95,77.96,1.0,0.01,0.9898,0.0,8.43,47947,0.5,77.91,1.0,0.045,0.9898,19.225,6.52,47947,0.5,77.99,1.0,0.04,0.9951,26.06,7.21,47947,0.95,76.985,1.0,0.045,0.9602,29.825,7.21,47947,0.95,77.055,1.0,0.04,0.9642,35.65,7.21,47947,0.95,76.795,1.0,0.035,0.9532,35.27,7.21,47947,0.95,76.845,1.0,0.04,0.957,40.76,7.21,47947,0.95,74.88,1.0,2.43,0.9602,40.275,7.2,300000,0.95
"U(0.001,0.01), eps=1e-08",0.001,0.01,1e-08,1033228282146,29.795,29.93,1.0,0.015,0.9931,0.0,11.68,119933,0.5,29.75,1.0,0.08,0.9836,72.9,9.64,19168,0.5,29.56,1.0,0.815,0.986,91.07,10.6,3063,0.95,29.24,1.0,0.025,0.9612,56.41,10.52,300000,0.95,29.28,1.0,0.005,0.9627,61.69,10.52,300000,0.95,29.24,1.0,0.015,0.9601,58.875,10.52,300000,0.95,29.265,1.0,0.005,0.9617,64.095,10.52,300000,0.95,26.35,1.0,3.49,0.8777,87.835,10.18,300000,0.8,29.93,1.0,0.015,0.9931,0.0,11.68,119933,0.5,29.75,1.0,0.08,0.9836,72.9,9.64,19168,0.5,29.56,1.0,0.815,0.986,91.07,10.6,3063,0.95,29.24,1.0,0.025,0.9612,56.41,10.52,300000,0.95,29.28,1.0,0.005,0.9627,61.69,10.52,300000,0.95,29.24,1.0,0.015,0.9601,58.875,10.52,300000,0.95,29.265,1.0,0.005,0.9617,64.095,10.52,300000,0.95,26.35,1.0,3.49,0.8777,87.835,10.18,300000,0.8
"U(0.001,0.01), eps=1e-08",0.001,0.01,1e-08,6738739366737,64.93,65.325,1.0,0.015,0.9953,0.0,11.68,300000,0.5,65.15,1.0,0.03,0.9888,63.06,9.64,47947,0.5,65.195,1.0,0.005,0.9892,64.61,9.64,47947,0.5,64.21,1.0,0.03,0.9573,69.515,10.52,47947,0.95,63.8,1.0,0.735,0.957,92.24,10.6,3063,0.95,64.195,1.0,0.02,0.9565,70.775,10.52,47947,0.95,63.775,1.0,0.735,0.9565,92.365,10.6,3063,0.95,59.24,1.0,3.49,0.8777,88.045,10.18,300000,0.8,65.325,1.0,0.015,0.9953,0.0,11.68,300000,0.5,65.15,1.0,0.03,0.9888,63.06,9.64,47947,0.5,65.195,1.0,0.005,0.9892,64.61,9.64,47947,0.5,64.21,1.0,0.03,0.9573,69.515,10.52,47947,0.95,63.8,1.0,0.735,0.957,92.24,10.6,3063,0.95,64.195,1.0,0.02,0.9565,70.775,10.52,47947,0.95,63.775,1.0,0.735,0.9565,92.365,10.6,3063,0.95,59.24,1.0,3.49,0.8777,88.045,10.18,300000,0.8
"U(0.001,0.01), eps=1e-08",0.001,0.01,1e-08,43950218008441,96.33,96.625,1.0,0.0,0.994,0.0,11.68,300000,0.5,96.625,1.0,0.005,0.994,42.7,9.64,300000,0.5,96.625,1.0,0.0,0.9947,46.32,9.64,300000,0.5,96.35,1.0,0.0,0.9548,69.375,10.52,47947,0.95,96.28,1.0,0.035,0.9622,69.085,10.52,119933,0.95,96.35,1.0,0.0,0.954,70.54,10.52,47947,0.95,96.275,1.0,0.035,0.9612,70.915,10.52,119933,0.95,93.775,1.0,0.34,0.7438,95.29,9.64,300000,0.5,96.625,1.0,0.0,0.994,0.0,11.68,300000,0.5,96.625,1.0,0.005,0.994,42.7,9.64,300000,0.5,96.625,1.0,0.0,0.9947,46.32,9.64,300000,0.5,96.35,1.0,0.0,0.9548,69.375,10.52,47947,0.95,96.28,1.0,0.035,0.9622,69.085,10.52,119933,0.95,96.35,1.0,0.0,0.954,70.54,10.52,47947,0.95,96.275,1.0,0.035,0.9612,70.915,10.52,119933,0.95,93.775,1.0,0.34,0.7438,95.29,9.64,300000,0.5
"U(0.001,0.1), eps=1e-04",0.001,0.1,0.0001,401857,54.765,54.67,0.9999,0.375,0.9254,0.0,1.0,1224,0.5,53.81,0.9999,0.235,0.9467,46.785,1.0,3063,0.5,53.81,0.9999,0.235,0.9467,46.785,1.0,3063,0.5,53.81,0.9999,0.235,0.9467,46.785,1.0,3063,0.5,53.81,0.9999,0.235,0.9467,46.785,1.0,3063,0.5,47.49,1.0,3.02,0.7617,78.385,8.33,31,0.8,48.5,0.9999,4.705,0.8593,84.15,8.33,31,0.8,53.81,0.9999,0.235,0.9467,46.785,1.0,3063,0.5,44.97,1.0,5.475,0.7476,0.0,11.77,12,0.8,48.9,1.0,3.485,0.7867,76.62,7.75,31,0.5,49.74,0.9999,2.74,0.8958,80.24,8.19,78,0.8,47.57,1.0,3.19,0.7661,77.91,8.33,31,0.8,48.65,0.9999,4.705,0.8639,83.715,8.33,31,0.8,47.49,1.0,3.02,0.7617,78.385,8.33,31,0.8,48.5,0.9999,4.705,0.8593,84.15,8.33,31,0.8,42.64,0.9999,11.24,0.7807,88.6,7.75,31,0.5
"U(0.001,0.1), eps=1e-04",0.001,0.1,0.0001,2620925,90.975,91.105,1.0,0.045,0.9481,0.0,1.0,7663,0.5,89.94,1.0,0.23,0.8343,71.795,8.19,195,0.8,89.69,1.0,0.37,0.8602,72.11,7.68,195,0.5,89.29,1.0,0.335,0.7788,75.6,8.64,78,0.95,90.125,1.0,0.02,0.9637,31.825,1.0,19168,0.5,89.285,1.0,0.315,0.7775,75.71,8.64,78,0.95,87.77,1.0,1.205,0.8408,77.77,8.19,195,0.8,90.125,1.0,0.02,0.9637,31.825,1.0,19168,0.5,88.675,1.0,0.415,0.7858,0.0,11.72,78,0.8,89.94,1.0,0.23,0.8343,71.795,8.19,195,0.8,89.69,1.0,0.37,0.8602,72.11,7.68,195,0.5,89.29,1.0,0.335,0.7788,75.6,8.64,78,0.95,88.005,1.0,1.205,0.8485,76.475,8.19,195,0.8,89.285,1.0,0.315,0.7775,75.71,8.64,78,0.95,87.77,1.0,1.205,0.8408,77.77,8.19,195,0.8,81.105,1.0,5.99,0.7297,90.795,7.68,195,0.5
"U(0.001,0.1), eps=1e-06",0.001,0.1,1e-06,2289589519,45.31,46.295,1.0,0.085,0.9751,0.0,11.79,19168,0.5,46.32,1.0,0.17,0.9639,39.16,8.15,7663,0.8,46.51,1.0,0.195,0.9816,41.88,8.15,7663,0.8,45.46,1.0,0.045,0.9506,36.365,8.47,47947,0.95,45.48,1.0,0.155,0.9599,41.14,8.47,47947,0.95,45.345,1.0,0.015,0.9439,41.47,8.47,47947,0.95,45.33,1.0,0.155,0.953,45.895,8.47,47947,0.95,41.995,1.0,2.985,0.9561,44.48,8.44,300000,0.95,46.295,1.0,0.085,0.9751,0.0,11.79,19168,0.5,46.32,1.0,0.17,0.9639,39.16,8.15,7663,0.8,46.51,1.0,0.195,0.9816,41.88,8.15,7663,0.8,45.46,1.0,0.045,0.9506,36.365,8.47,47947,0.95,45.48,1.0,0.155,0.9599,41.14,8.47,47947,0.95,45.345,1.0,0.015,0.9439,41.47,8.47,47947,0.95,45.33,1.0,0.155,0.953,45.895,8.47,47947,0.95,41.995,1.0,2.985,0.9561,44.48,8.44,300000,0.95
"U(0.001,0.1), eps=1e-06",0.001,0.1,1e-06,14932757159,82.885,83.085,1.0,0.07,0.9535,0.0,11.79,7663,0.5,83.12,1.0,0.05,0.9536,39.045,7.62,7663,0.5,83.12,1.0,0.04,0.9651,40.87,7.62,7663,0.5,82.305,1.0,0.085,0.9124,50.875,8.48,3063,0.95,82.375,1.0,0.135,0.9592,42.34,8.47,47947,0.95,82.17,1.0,0.065,0.9076,53.2,8.48,3063,0.95,82.025,1.0,0.34,0.9486,54.0,8.48,7663,0.95,79.11,1.0,0.875,0.858,64.955,8.15,300000,0.8,83.085,1.0,0.07,0.9535,0.0,11.79,7663,0.5,83.12,1.0,0.05,0.9536,39.045,7.62,7663,0.5,83.12,1.0,0.04,0.9651,40.87,7.62,7663,0.5,82.305,1.0,0.085,0.9124,50.875,8.48,3063,0.95,82.375,1.0,0.135,0.9592,42.34,8.47,47947,0.95,82.17,1.0,0.065,0.9076,53.2,8.48,3063,0.95,82.025,1.0,0.34,0.9486,54.0,8.48,7663,0.95,79.11,1.0,0.875,0.858,64.955,8.15,300000,0.8
"U(0.0001,0.1), eps=1e-04",0.0001,0.1,0.0001,157355,37.295,36.655,0.9998,0.695,0.9254,0.0,1.0,1224,0.5,36.755,0.9998,0.66,0.9254,54.93,1.0,1224,0.5,36.755,0.9998,0.66,0.9254,54.93,1.0,1224,0.5,36.755,0.9998,0.66,0.9254,54.93,1.0,1224,0.5,36.755,0.9998,0.66,0.9254,54.93,1.0,1224,0.5,26.64,0.9999,7.49,0.7701,77.165,9.09,12,0.95,27.53,0.9997,10.115,1.1552,83.84,8.25,31,0.8,36.755,0.9998,0.66,0.9254,54.93,1.0,1224,0.5,18.215,0.9999,8.605,0.7317,0.0,12.04,5,0.95,28.3,0.9999,3.165,0.8359,77.36,7.91,78,0.5,26.725,0.9996,5.225,1.0431,78.885,8.2,78,0.8,26.65,0.9999,7.535,0.7706,77.12,9.09,12,0.95,27.485,0.9995,10.12,1.3292,83.74,8.25,31,0.8,26.64,0.9999,7.49,0.7701,77.165,9.09,12,0.95,27.53,0.9997,10.115,1.1552,83.84,8.25,31,0.8,24.16,0.9998,16.29,1.0677,90.37,7.83,31,0.5
"U(0.0001,0.1), eps=1e-04",0.0001,0.1,0.0001,1026274,74.87,75.145,1.0,0.16,0.9099,0.0,1.0,1224,0.5,74.93,1.0,0.08,0.9331,46.33,1.0,3063,0.5,74.93,1.0,0.08,0.9331,46.33,1.0,3063,0.5,74.93,1.0,0.08,0.9331,46.33,1.0,3063,0.5,74.93,1.0,0.08,0.9331,46.33,1.0,3063,0.5,67.16,1.0,2.76,0.763,82.555,9.36,31,0.95,65.84,1.0,4.945,0.9552,80.915,8.84,78,0.8,74.93,1.0,0.08,0.9331,46.33,1.0,3063,0.5,55.97,1.0,6.965,0.7068,0.0,15.0,5,0.5,67.555,1.0,1.795,0.8626,72.7,8.21,195,0.5,68.04,1.0,1.47,0.9164,72.02,8.21,195,0.5,67.83,1.0,2.295,0.8125,79.22,9.14,78,0.95,66.06,0.9999,4.945,0.9748,80.605,8.84,78,0.8,67.16,1.0,2.76,0.763,82.555,9.36,31,0.95,65.84,1.0,4.945,0.9552,80.915,8.84,78,0.8,58.63,1.0,11.56,0.8673,91.72,8.51,78,0.5
"U(0.0001,0.1), eps=1e-06",0.0001,0.1,1e-06,896533333,31.415,31.97,1.0,0.055,0.9864,0.0,1.0,119933,0.5,31.245,1.0,0.245,0.9616,40.085,8.45,7663,0.5,31.485,1.0,0.275,0.9815,42.245,8.86,7663,0.8,30.555,1.0,0.175,0.9347,45.72,9.11,7663,0.95,30.715,1.0,0.68,0.9577,49.58,9.11,7663,0.95,30.51,1.0,0.15,0.9295,48.905,9.11,7663,0.95,30.665,1.0,0.68,0.9523,52.68,9.11,7663,0.95,26.36,1.0,8.08,0.9585,53.37,9.05,47947,0.95,30.0,1.0,0.525,0.9474,0.0,14.97,3063,0.8,31.245,1.0,0.245,0.9616,40.085,8.45,7663,0.5,31.485,1.0,0.275,0.9815,42.245,8.86,7663,0.8,30.555,1.0,0.175,0.9347,45.72,9.11,7663,0.95,30.715,1.0,0.68,0.9577,49.58,9.11,7663,0.95,30.51,1.0,0.15,0.9295,48.905,9.11,7663,0.95,30.665,1.0,0.68,0.9523,52.68,9.11,7663,0.95,26.36,1.0,8.08,0.9585,53.37,9.05,47947,0.95
"U(0.0001,0.1), eps=1e-06",0.0001,0.1,1e-06,5847211667,64.785,64.395,1.0,0.125,0.9376,0.0,14.98,3063,0.5,65.08,1.0,0.03,0.9761,26.71,8.45,47947,0.5,64.83,1.0,0.115,0.9654,41.175,8.45,7663,0.5,63.9,1.0,0.055,0.9279,45.815,9.11,7663,0.95,63.815,1.0,0.26,0.9606,40.575,9.11,47947,0.95,63.795,1.0,0.02,0.9396,40.6,9.11,47947,0.95,63.63,1.0,0.26,0.9544,45.205,9.11,47947,0.95,59.295,1.0,1.79,0.8623,64.995,8.83,119933,0.8,64.395,1.0,0.125,0.9376,0.0,14.98,3063,0.5,65.08,1.0,0.03,0.9761,26.71,8.45,47947,0.5,64.83,1.0,0.115,0.9654,41.175,8.45,7663,0.5,63.9,1.0,0.055,0.9279,45.815,9.11,7663,0.95,63.815,1.0,0.26,0.9606,40.575,9.11,47947,0.95,63.795,1.0,0.02,0.9396,40.6,9.11,47947,0.95,63.63,1.0,0.26,0.9544,45.205,9.11,47947,0.95,59.295,1.0,1.79,0.8623,64.995,8.83,119933,0.8
"U(0.0001,0.1), eps=1e-06",0.0001,0.1,1e-06,38135653207,95.275,95.615,1.0,0.005,0.9516,0.0,14.98,19168,0.5,95.725,1.0,0.0,0.9759,17.435,8.44,300000,0.5,95.7,1.0,0.02,0.9785,21.55,8.44,300000,0.5,95.36,1.0,0.0,0.9334,35.51,9.11,47947,0.95,95.28,1.0,0.07,0.9458,43.325,9.11,47947,0.95,95.225,1.0,0.0,0.9381,35.01,9.11,300000,0.95,95.155,1.0,0.07,0.9397,47.595,9.11,47947,0.95,93.235,1.0,0.975,0.8536,64.235,8.84,300000,0.8,95.615,1.0,0.005,0.9516,0.0,14.98,19168,0.5,95.725,1.0,0.0,0.9759,17.435,8.44,300000,0.5,95.7,1.0,0.02,0.9785,21.55,8.44,300000,0.5,95.36,1.0,0.0,0.9334,35.51,9.11,47947,0.95,95.28,1.0,0.07,0.9458,43.325,9.11,47947,0.95,95.225,1.0,0.0,0.9381,35.01,9.11,300000,0.95,95.155,1.0,0.07,0.9397,47.595,9.11,47947,0.95,93.235,1.0,0.975,0.8536,64.235,8.84,300000,0.8
"U(0.0001,0.01), eps=1e-04",0.0001,0.01,0.0001,31829,38.855,40.82,0.9944,5.015,0.7424,0.0,1.0,12,0.5,41.095,0.9954,3.38,0.7856,70.885,1.0,31,0.5,41.095,0.9954,3.38,0.7856,70.885,1.0,31,0.5,41.095,0.9954,3.38,0.7856,70.885,1.0,31,0.5,41.095,0.9954,3.38,0.7856,70.885,1.0,31,0.5,30.07,0.9964,0.0,0.5074,84.525,1.0,31,0.5,30.07,0.9964,0.0,0.5074,84.525,1.0,31,0.5,41.095,0.9954,3.38,0.7856,70.885,1.0,31,0.5,39.245,0.9946,6.54,0.7084,0.0,1.0,5,0.5,26.525,0.9943,7.365,0.7182,82.12,8.16,5,0.5,24.2,0.9852,14.01,1.1041,81.31,8.16,5,0.5,26.0,0.9943,6.73,0.7001,82.04,8.16,5,0.5,23.605,0.9852,14.01,1.0932,81.28,8.16,5,0.5,26.04,0.9945,6.68,0.6996,82.005,8.16,5,0.5,23.08,0.989,13.885,0.8861,81.205,8.16,5,0.5,22.84,0.9883,25.75,0.9801,82.005,8.16,5,0.5
"U(0.0001,0.01), eps=1e-04",0.0001,0.01,0.0001,207590,83.21,84.46,0.9989,0.45,0.7888,0.0,1.0,78,0.5,83.4,0.999,0.27,0.8361,85.355,1.0,195,0.5,83.4,0.999,0.27,0.8361,85.355,1.0,195,0.5,83.4,0.999,0.27,0.8361,85.355,1.0,195,0.5,83.4,0.999,0.27,0.8361,85.355,1.0,195,0.5,69.485,0.9993,4.885,0.6738,82.005,10.65,5,0.5,70.025,0.9998,0.0,0.5074,92.275,1.0,195,0.5,83.4,0.999,0.27,0.8361,85.355,1.0,195,0.5,58.125,0.9993,6.02,0.7047,0.0,12.55,5,0.5,70.235,0.9993,4.98,0.6856,82.115,10.65,5,0.5,67.04,0.9985,12.98,1.145,75.775,10.65,5,0.5,69.395,0.9993,4.915,0.6742,82.08,10.65,5,0.5,66.43,0.9985,12.98,1.1349,75.805,10.65,5,0.5,69.485,0.9993,4.885,0.6738,82.005,10.65,5,0.5,66.49,0.9986,12.98,1.1321,75.695,10.65,5,0.5,59.035,0.9982,27.195,1.3835,81.96,10.65,5,0.5
"U(0.0001,0.01), eps=1e-06",0.0001,0.01,1e-06,181347259,41.265,42.15,1.0,0.055,0.9821,0.0,1.0,47947,0.5,40.43,1.0,0.04,0.988,56.455,1.0,119933,0.5,40.43,1.0,0.04,0.988,56.455,1.0,119933,0.5,40.43,1.0,0.04,0.988,56.455,1.0,119933,0.5,40.43,1.0,0.04,0.988,56.455,1.0,119933,0.5,39.25,1.0,0.805,0.8826,90.87,11.9,489,0.95,39.44,1.0,1.295,0.9491,93.91,11.91,1224,0.95,40.43,1.0,0.04,0.988,56.455,1.0,119933,0.5,38.9,1.0,1.08,0.9003,0.0,14.98,489,0.5,40.23,1.0,0.545,0.926,90.57,10.76,1224,0.5,40.895,1.0,0.68,0.9409,92.48,11.61,489,0.8,39.26,1.0,0.805,0.8829,90.835,11.9,489,0.95,39.45,1.0,1.295,0.9495,93.83,11.91,1224,0.95,39.25,1.0,0.805,0.8826,90.87,11.9,489,0.95,39.44,1.0,1.295,0.9491,93.91,11.91,1224,0.95,32.47,1.0,3.48,0.7225,96.87,10.76,1224,0.5
"U(0.0001,0.01), eps=1e-06",0.0001,0.01,1e-06,1182751130,78.87,77.435,1.0,0.295,0.8816,0.0,14.95,489,0.8,78.12,1.0,0.185,0.9115,90.035,11.57,1224,0.8,78.095,1.0,0.08,0.9241,90.75,10.76,1224,0.5,77.795,1.0,0.06,0.912,88.63,11.88,3063,0.95,77.24,1.0,1.085,0.9539,92.855,11.88,3063,0.95,77.78,1.0,0.06,0.9116,88.705,11.88,3063,0.95,77.235,1.0,1.085,0.9534,92.995,11.88,3063,0.95,68.3,1.0,3.48,0.7225,96.705,10.76,1224,0.5,77.435,1.0,0.295,0.8816,0.0,14.95,489,0.8,78.12,1.0,0.185,0.9115,90.035,11.57,1224,0.8,78.095,1.0,0.08,0.9241,90.75,10.76,1224,0.5,77.795,1.0,0.06,0.912,88.63,11.88,3063,0.95,77.24,1.0,1.085,0.9539,92.855,11.88,3063,0.95,77.78,1.0,0.06,0.9116,88.705,11.88,3063,0.95,77.235,1.0,1.085,0.9534,92.995,11.88,3063,0.95,68.3,1.0,3.48,0.7225,96.705,10.76,1224,0.5
"U(0.005,0.05), eps=1e-04",0.005,0.05,0.0001,52328,26.6,23.21,0.9993,0.57,0.9266,0.0,1.0,489,0.5,23.455,0.9993,0.515,0.9264,74.595,1.0,489,0.5,23.455,0.9993,0.515,0.9264,74.595,1.0,489,0.5,23.455,0.9993,0.515,0.9264,74.595,1.0,489,0.5,23.455,0.9993,0.515,0.9264,74.595,1.0,489,0.5,22.735,0.9995,3.415,0.7555,64.81,8.29,12,0.8,23.41,0.9994,4.755,0.8424,82.96,8.29,12,0.8,23.455,0.9993,0.515,0.9264,74.595,1.0,489,0.5,22.285,0.9995,5.365,0.7366,0.0,9.23,5,0.95,22.945,0.9995,3.75,0.7715,63.68,8.29,12,0.8,24.185,0.9995,0.69,0.7504,70.94,7.5,12,0.5,22.71,0.9995,3.445,0.7567,64.76,8.29,12,0.8,23.415,0.9994,4.755,0.8436,82.965,8.29,12,0.8,22.735,0.9995,3.415,0.7555,64.81,8.29,12,0.8,23.41,0.9994,4.755,0.8424,82.96,8.29,12,0.8,20.695,0.9996,15.97,0.8033,81.16,7.47,5,0.5
"U(0.005,0.05), eps=1e-04",0.005,0.05,0.0001,341284,62.585,57.135,0.9999,1.605,0.8038,0.0,9.52,31,0.5,58.685,0.9999,0.985,0.8516,80.52,7.46,78,0.5,60.07,0.9999,1.65,0.8685,85.495,8.09,31,0.8,56.86,0.9999,1.32,0.7818,77.595,8.09,31,0.8,58.84,0.9999,1.65,0.8408,85.85,8.09,31,0.8,56.89,0.9999,1.255,0.7797,77.685,8.09,31,0.8,58.785,0.9999,1.65,0.8387,85.865,8.09,31,0.8,56.88,0.9999,0.195,0.9648,57.015,1.0,3063,0.5,57.135,0.9999,1.605,0.8038,0.0,9.52,31,0.5,58.685,0.9999,0.985,0.8516,80.52,7.46,78,0.5,60.07,0.9999,1.65,0.8685,85.495,8.09,31,0.8,56.86,0.9999,1.32,0.7818,77.595,8.09,31,0.8,58.84,0.9999,1.65,0.8408,85.85,8.09,31,0.8,56.89,0.9999,1.255,0.7797,77.685,8.09,31,0.8,58.785,0.9999,1.65,0.8387,85.865,8.09,31,0.8,51.795,0.9999,9.01,0.7673,88.675,7.46,31,0.5
"U(0.005,0.05), eps=1e-04",0.005,0.05,0.0001,2225865,96.05,95.305,1.0,0.045,0.861,0.0,9.22,195,0.95,95.375,1.0,0.085,0.8612,78.64,8.29,195,0.95,94.975,1.0,0.665,0.8772,84.75,8.09,78,0.8,95.24,1.0,0.085,0.8516,78.85,8.29,195,0.95,94.465,1.0,0.665,0.842,85.585,8.09,78,0.8,95.235,1.0,0.08,0.8506,78.915,8.29,195,0.95,94.425,1.0,0.665,0.8393,85.665,8.09,78,0.8,93.54,1.0,0.005,0.9806,37.56,1.0,19168,0.5,95.305,1.0,0.045,0.861,0.0,9.22,195,0.95,95.375,1.0,0.085,0.8612,78.64,8.29,195,0.95,94.975,1.0,0.665,0.8772,84.75,8.09,78,0.8,95.24,1.0,0.085,0.8516,78.85,8.29,195,0.95,94.465,1.0,0.665,0.842,85.585,8.09,78,0.8,95.235,1.0,0.08,0.8506,78.915,8.29,195,0.95,94.425,1.0,0.665,0.8393,85.665,8.09,78,0.8,89.86,1.0,4.135,0.7503,91.885,7.47,489,0.5
"U(0.005,0.05), eps=1e-06",0.005,0.05,1e-06,1611994918,49.43,48.76,1.0,0.05,0.985,0.0,9.43,19168,0.5,48.63,1.0,0.125,0.9771,46.99,7.46,7663,0.5,48.915,1.0,0.155,0.9886,51.845,8.18,7663,0.95,47.695,1.0,0.215,0.9406,60.625,8.19,3063,0.95,47.815,1.0,0.42,0.9557,65.115,8.19,3063,0.95,47.65,1.0,0.15,0.9379,62.035,8.19,3063,0.95,47.76,1.0,0.42,0.9529,66.485,8.19,3063,0.95,43.71,1.0,4.26,0.9618,50.44,8.19,300000,0.95,48.76,1.0,0.05,0.985,0.0,9.43,19168,0.5,48.63,1.0,0.125,0.9771,46.99,7.46,7663,0.5,48.915,1.0,0.155,0.9886,51.845,8.18,7663,0.95,47.695,1.0,0.215,0.9406,60.625,8.19,3063,0.95,47.815,1.0,0.42,0.9557,65.115,8.19,3063,0.95,47.65,1.0,0.15,0.9379,62.035,8.19,3063,0.95,47.76,1.0,0.42,0.9529,66.485,8.19,3063,0.95,43.71,1.0,4.26,0.9618,50.44,8.19,300000,0.95
"U(0.005,0.05), eps=1e-06",0.005,0.05,1e-06,10513469099,87.37,87.245,1.0,0.09,0.939,0.0,9.43,1224,0.5,87.765,1.0,0.01,0.9823,37.555,7.9,19168,0.8,87.78,1.0,0.03,0.9918,44.655,8.19,19168,0.95,87.235,1.0,0.01,0.9535,45.74,8.19,19168,0.95,87.255,1.0,0.03,0.9608,52.415,8.19,19168,0.95,86.715,1.0,0.11,0.9168,68.38,8.22,1224,0.95,87.19,1.0,0.03,0.9572,55.66,8.19,19168,0.95,83.63,1.0,1.955,0.8769,72.25,7.9,119933,0.8,87.245,1.0,0.09,0.939,0.0,9.43,1224,0.5,87.765,1.0,0.01,0.9823,37.555,7.9,19168,0.8,87.78,1.0,0.03,0.9918,44.655,8.19,19168,0.95,87.235,1.0,0.01,0.9535,45.74,8.19,19168,0.95,87.255,1.0,0.03,0.9608,52.415,8.19,19168,0.95,86.715,1.0,0.11,0.9168,68.38,8.22,1224,0.95,87.19,1.0,0.03,0.9572,55.66,8.19,19168,0.95,83.63,1.0,1.955,0.8769,72.25,7.9,119933,0.8
"U(0.0001,0.001), eps=1e-04",0.0001,0.001,0.0001,77139,93.53,94.955,0.9842,0.13,0.6686,0.0,1.0,10,0.5,89.72,0.9846,0.26,0.7332,75.315,1.0,22,0.5,89.72,0.9846,0.26,0.7332,75.315,1.0,22,0.5,89.72,0.9846,0.26,0.7332,75.315,1.0,22,0.5,89.72,0.9846,0.26,0.7332,75.315,1.0,22,0.5,86.005,0.9973,0.0,0.5513,86.55,1.0,22,0.5,86.005,0.9973,0.0,0.5513,86.55,1.0,22,0.5,89.72,0.9846,0.26,0.7332,76.48,1.0,22,0.5,13.98,0.9893,2.655,0.6992,0.0,2.83,5,0.5,27.025,0.9902,4.725,0.7287,80.4,4.51,5,0.8,25.12,0.9888,5.345,0.7854,80.4,4.51,5,0.8,27.035,0.9902,4.725,0.727,80.4,4.51,5,0.8,25.1,0.9888,5.345,0.783,80.4,4.51,5,0.8,27.01,0.9902,3.695,0.7174,80.325,4.51,5,0.8,25.085,0.9889,5.29,0.7725,80.325,4.51,5,0.8,41.015,0.9899,34.18,0.9074,98.16,4.51,5,0.8
"U(0.0001,0.001), eps=1e-06",0.0001,0.001,1e-06,31829199,46.845,42.19,1.0,1.895,0.8063,0.0,14.98,31,0.5,43.32,0.9999,1.135,0.8512,89.305,12.86,78,0.5,44.85,0.9999,1.825,0.8724,91.85,13.82,31,0.8,41.915,1.0,1.91,0.8033,82.48,13.97,31,0.95,42.195,0.9999,4.165,0.9335,96.61,13.96,78,0.95,41.915,1.0,1.91,0.8033,82.475,13.97,31,0.95,42.2,0.9999,4.165,0.9335,96.615,13.96,78,0.95,38.45,0.9999,0.11,0.9739,96.55,1.0,7663,0.5,42.19,1.0,1.895,0.8063,0.0,14.98,31,0.5,43.32,0.9999,1.135,0.8512,89.305,12.86,78,0.5,44.85,0.9999,1.825,0.8724,91.85,13.82,31,0.8,41.915,1.0,1.91,0.8033,82.48,13.97,31,0.95,42.195,0.9999,4.165,0.9335,96.61,13.96,78,0.95,41.915,1.0,1.91,0.8033,82.475,13.97,31,0.95,42.2,0.9999,4.165,0.9335,96.615,13.96,78,0.95,37.48,0.9999,9.75,0.7754,91.935,12.87,31,0.5
"U(0.0001,0.001), eps=1e-06",0.0001,0.001,1e-06,207590791,86.59,84.905,1.0,0.195,0.8728,0.0,14.82,195,0.95,85.06,1.0,0.245,0.8723,91.51,12.86,195,0.5,85.74,1.0,0.31,0.9182,95.395,13.73,195,0.8,84.505,1.0,0.29,0.8224,87.965,13.96,78,0.95,84.125,1.0,0.31,0.8613,95.45,13.73,195,0.8,84.52,1.0,0.29,0.8224,87.96,13.96,78,0.95,84.095,1.0,0.31,0.8612,95.45,13.73,195,0.8,78.58,1.0,0.01,0.9873,94.865,1.0,47947,0.5,84.905,1.0,0.195,0.8728,0.0,14.82,195,0.95,85.06,1.0,0.245,0.8723,91.51,12.86,195,0.5,85.74,1.0,0.31,0.9182,95.395,13.73,195,0.8,84.505,1.0,0.29,0.8224,87.965,13.96,78,0.95,84.125,1.0,0.31,0.8613,95.45,13.73,195,0.8,84.52,1.0,0.29,0.8224,87.96,13.96,78,0.95,84.095,1.0,0.31,0.8612,95.45,13.73,195,0.8,76.645,1.0,6.125,0.7579,95.745,12.86,195,0.5
"U(1e-05,0.01), eps=1e-05",1e-05,0.01,1e-05,1813472,39.03,39.065,0.9998,1.64,0.8628,0.0,1.0,195,0.5,39.035,0.9998,0.61,0.9203,88.465,1.0,1224,0.5,39.035,0.9998,0.61,0.9203,88.465,1.0,1224,0.5,39.035,0.9998,0.61,0.9203,88.465,1.0,1224,0.5,39.035,0.9998,0.61,0.9203,88.465,1.0,1224,0.5,29.245,0.9999,4.86,0.7964,81.555,11.4,31,0.95,29.405,0.9997,9.43,1.1455,88.43,11.39,31,0.8,39.035,0.9998,0.61,0.9203,88.465,1.0,1224,0.5,19.965,0.9999,8.585,0.7332,0.0,14.88,5,0.95,30.2,0.9999,2.87,0.831,88.465,10.77,78,0.5,30.465,0.9996,9.43,1.2954,88.285,11.39,31,0.8,29.26,0.9999,4.865,0.7964,81.555,11.4,31,0.95,29.475,0.9996,9.43,1.2578,88.405,11.39,31,0.8,29.245,0.9999,4.86,0.7964,81.555,11.4,31,0.95,29.405,0.9997,9.43,1.1455,88.43,11.39,31,0.8,25.065,0.9997,18.26,1.0646,90.2,10.64,31,0.5
"U(1e-05,0.01), eps=1e-05",1e-05,0.01,1e-05,11827511,78.555,78.155,1.0,0.085,0.9285,0.0,1.0,3063,0.5,76.145,1.0,0.035,0.9477,81.71,1.0,7663,0.5,76.145,1.0,0.035,0.9477,81.71,1.0,7663,0.5,76.145,1.0,0.035,0.9477,81.71,1.0,7663,0.5,76.145,1.0,0.035,0.9477,81.71,1.0,7663,0.5,70.3,1.0,2.28,0.7409,86.62,12.51,31,0.8,69.965,1.0,4.52,0.9615,92.23,12.28,78,0.8,76.145,1.0,0.035,0.9477,81.71,1.0,7663,0.5,58.485,1.0,6.43,0.7002,0.0,18.92,5,0.5,72.29,1.0,1.425,0.8538,90.765,11.16,195,0.5,72.315,1.0,1.36,0.8925,90.46,11.16,195,0.5,70.29,1.0,2.28,0.7412,86.625,12.51,31,0.8,69.96,1.0,4.52,0.9741,92.225,12.28,78,0.8,70.3,1.0,2.28,0.7409,86.62,12.51,31,0.8,69.965,1.0,4.52,0.9615,92.23,12.28,78,0.8,62.615,1.0,7.115,0.7618,95.22,11.16,195,0.5
