setting,phi_min,phi_max,eps,budget,deep_rate,first_rate,delta,deep_m,deep_conf,first_m,first_conf,deep_spent_ratio,first_spent_ratio
"U(0.01,0.1), eps=1e-03",0.01,0.1,0.001,896,8.02,8.02,0.0,50,0.5,50,0.5,5.6362,5.6362
"U(0.01,0.1), eps=1e-03",0.01,0.1,0.001,1081,8.585,8.585,0.0,68,0.5,68,0.5,6.3534,6.3534
"U(0.01,0.1), eps=1e-03",0.01,0.1,0.001,1304,8.585,8.585,0.0,68,0.5,68,0.5,5.2669,5.2669
"U(0.01,0.1), eps=1e-03",0.01,0.1,0.001,1573,9.143,9.143,-0.0,93,0.5,93,0.5,5.9714,5.9714
"U(0.01,0.1), eps=1e-03",0.01,0.1,0.001,1898,9.143,9.143,-0.0,93,0.5,93,0.5,4.9489,4.9489
"U(0.01,0.1), eps=1e-03",0.01,0.1,0.001,2289,9.448,9.447,-0.0,127,0.5,127,0.5,5.6038,5.6038
"U(0.01,0.1), eps=1e-03",0.01,0.1,0.001,2761,9.685,9.685,0.0,173,0.5,173,0.5,6.3285,6.3285
"U(0.01,0.1), eps=1e-03",0.01,0.1,0.001,3331,9.685,9.685,0.0,173,0.5,173,0.5,5.2456,5.2456
"U(0.01,0.1), eps=1e-03",0.01,0.1,0.001,4018,10.668,10.668,-0.0,37,0.5,37,0.5,1.4405,1.4417
"U(0.01,0.1), eps=1e-03",0.01,0.1,0.001,4847,15.498,15.498,-0.001,20,0.65,20,0.65,1.0896,1.0916
"U(0.01,0.1), eps=1e-03",0.01,0.1,0.001,5847,14.565,14.758,0.193,20,0.5,20,0.5,1.0223,1.0235
"U(0.01,0.1), eps=1e-03",0.01,0.1,0.001,7053,27.148,27.392,0.244,20,0.5,20,0.5,1.0223,1.0227
"U(0.01,0.1), eps=1e-03",0.01,0.1,0.001,8507,37.015,37.005,-0.01,20,0.5,20,0.5,1.0156,1.0161
"U(0.01,0.1), eps=1e-03",0.01,0.1,0.001,10262,44.203,44.345,0.142,20,0.5,20,0.5,1.0118,1.0118
"U(0.01,0.1), eps=1e-03",0.01,0.1,0.001,12379,53.375,53.19,-0.185,20,0.5,20,0.5,1.0081,1.0083
"U(0.01,0.1), eps=1e-03",0.01,0.1,0.001,14932,60.8,60.488,-0.312,20,0.5,20,0.5,1.0026,1.0027
"U(0.01,0.1), eps=1e-03",0.01,0.1,0.001,18012,68.063,67.727,-0.336,20,0.5,20,0.5,1.0004,1.0004
"U(0.01,0.1), eps=1e-03",0.01,0.1,0.001,21727,74.565,74.138,-0.427,20,0.5,20,0.65,0.9994,0.9994
"U(0.01,0.1), eps=1e-03",0.01,0.1,0.001,26209,80.658,80.718,0.059,20,0.5,20,0.5,0.9995,0.9995
"U(0.01,0.1), eps=1e-03",0.01,0.1,0.001,31614,85.58,85.745,0.165,20,0.5,20,0.5,0.9995,0.9996
"U(0.01,0.1), eps=1e-03",0.01,0.1,0.001,38135,88.562,89.56,0.998,27,0.5,20,0.8,0.9996,0.9997
"U(0.01,0.1), eps=1e-03",0.01,0.1,0.001,46001,92.373,92.365,-0.008,20,0.5,27,0.9,0.9997,0.9997
"U(0.01,0.1), eps=1e-03",0.01,0.1,0.001,55489,94.52,94.847,0.327,20,0.5,27,0.95,0.9998,0.9998
"U(0.01,0.1), eps=1e-03",0.01,0.1,0.001,66933,96.298,97.022,0.724,20,0.5,20,0.5,0.9998,0.9998
"U(0.01,0.1), eps=1e-03",0.01,0.1,0.001,80739,97.713,98.295,0.582,37,0.5,27,0.8,0.9998,0.9998
"U(0.01,0.1), eps=1e-03",0.01,0.1,0.001,97391,98.495,99.115,0.62,37,0.5,27,0.65,0.9999,0.9999
"U(0.001,0.01), eps=1e-03",0.001,0.01,0.001,3643,14.745,14.745,0.0,20,0.5,20,0.5,5.5998,5.5998
"U(0.001,0.01), eps=1e-03",0.001,0.01,0.001,4395,14.74,14.74,0.0,24,0.5,24,0.5,5.57,5.57
"U(0.001,0.01), eps=1e-03",0.001,0.01,0.001,5301,14.74,14.74,0.0,30,0.5,30,0.5,5.7725,5.7725
"U(0.001,0.01), eps=1e-03",0.001,0.01,0.001,6394,14.74,14.74,0.0,30,0.5,30,0.5,4.7857,4.7857
"U(0.001,0.01), eps=1e-03",0.001,0.01,0.001,7713,14.74,14.74,0.0,30,0.5,30,0.5,3.9673,3.9673
"U(0.001,0.01), eps=1e-03",0.001,0.01,0.001,9304,14.74,14.74,0.0,30,0.5,30,0.5,3.2889,3.2889
"U(0.001,0.01), eps=1e-03",0.001,0.01,0.001,11224,14.74,14.74,0.0,30,0.5,30,0.5,2.7263,2.7263
"U(0.001,0.01), eps=1e-03",0.001,0.01,0.001,13539,14.738,14.738,-0.001,72,0.5,72,0.5,5.4243,5.4243
"U(0.001,0.01), eps=1e-03",0.001,0.01,0.001,16331,14.733,14.733,-0.0,89,0.5,89,0.5,5.5588,5.5588
"U(0.001,0.01), eps=1e-03",0.001,0.01,0.001,19700,14.733,14.733,-0.0,89,0.5,89,0.5,4.6081,4.6081
"U(0.001,0.01), eps=1e-03",0.001,0.01,0.001,23763,26.508,26.508,-0.0,20,0.5,20,0.5,1.3306,1.3319
"U(0.001,0.01), eps=1e-03",0.001,0.01,0.001,28664,27.015,27.015,0.0,24,0.5,24,0.5,1.3193,1.32
"U(0.001,0.01), eps=1e-03",0.001,0.01,0.001,34576,40.753,40.753,-0.0,20,0.5,20,0.5,1.1101,1.1119
"U(0.001,0.01), eps=1e-03",0.001,0.01,0.001,41708,53.74,53.74,0.0,20,0.5,20,0.5,1.0305,1.0308
"U(0.001,0.01), eps=1e-03",0.001,0.01,0.001,50310,82.422,82.422,0.001,20,0.5,20,0.5,1.0787,1.0799
"U(0.001,0.01), eps=1e-03",0.001,0.01,0.001,60687,88.06,88.06,0.0,20,0.5,20,0.5,1.0539,1.0545
"U(0.001,0.01), eps=1e-03",0.001,0.01,0.001,73203,90.43,90.43,0.0,24,0.65,24,0.65,1.0538,1.0539
"U(0.001,0.01), eps=1e-03",0.001,0.01,0.001,88302,97.862,97.918,0.055,20,0.5,20,0.5,1.019,1.0193
"U(0.01,0.1), eps=1e-04",0.01,0.1,0.0001,89653,22.692,22.123,-0.569,29,0.8,43,0.5,0.9998,0.9998
"U(0.01,0.1), eps=1e-04",0.01,0.1,0.0001,108144,24.005,24.545,0.54,63,0.8,29,0.5,0.9998,0.9999
"U(0.01,0.1), eps=1e-04",0.01,0.1,0.0001,130449,25.94,26.982,1.042,63,0.95,63,0.5,0.9999,0.9999
"U(0.01,0.1), eps=1e-04",0.01,0.1,0.0001,157355,30.647,29.88,-0.767,29,0.65,63,0.5,0.9999,0.9999
"U(0.01,0.1), eps=1e-04",0.01,0.1,0.0001,189810,33.445,32.938,-0.508,63,0.5,63,0.5,0.9999,0.9999
"U(0.01,0.1), eps=1e-04",0.01,0.1,0.0001,228958,37.097,36.37,-0.727,43,0.65,63,0.5,0.9999,0.9999
"U(0.01,0.1), eps=1e-04",0.01,0.1,0.0001,276182,40.272,39.825,-0.447,43,0.8,43,0.65,0.9999,0.9999
"U(0.01,0.1), eps=1e-04",0.01,0.1,0.0001,333145,44.155,43.608,-0.547,63,0.5,43,0.65,1.0,1.0
"U(0.01,0.1), eps=1e-04",0.01,0.1,0.0001,401857,48.04,48.097,0.057,63,0.65,93,0.5,1.0,1.0
"U(0.01,0.1), eps=1e-04",0.01,0.1,0.0001,484741,52.665,51.565,-1.1,93,0.8,63,0.5,1.0,1.0
"U(0.01,0.1), eps=1e-04",0.01,0.1,0.0001,584721,55.5,56.458,0.957,201,0.9,93,0.5,1.0,1.0
"U(0.01,0.1), eps=1e-04",0.01,0.1,0.0001,705321,60.472,59.832,-0.64,63,0.65,63,0.5,1.0,1.0
"U(0.01,0.1), eps=1e-04",0.01,0.1,0.0001,850795,64.52,64.315,-0.205,63,0.5,63,0.5,1.0,1.0
"U(0.01,0.1), eps=1e-04",0.01,0.1,0.0001,1026274,69.017,69.205,0.188,201,0.9,201,0.9,1.0,1.0
"U(0.01,0.1), eps=1e-04",0.01,0.1,0.0001,1237946,73.393,73.767,0.374,201,0.9,201,0.9,1.0,1.0
"U(0.01,0.1), eps=1e-04",0.01,0.1,0.0001,1493275,77.945,77.828,-0.117,201,0.65,201,0.9,1.0,1.0
"U(0.01,0.1), eps=1e-04",0.01,0.1,0.0001,1801267,81.715,81.868,0.153,201,0.65,201,0.9,1.0,1.0
"U(0.01,0.1), eps=1e-04",0.01,0.1,0.0001,2172783,85.333,85.555,0.222,201,0.65,201,0.9,1.0,1.0
"U(0.01,0.1), eps=1e-04",0.01,0.1,0.0001,2620925,88.528,88.91,0.382,201,0.65,201,0.9,1.0,1.0
"U(0.01,0.1), eps=1e-04",0.01,0.1,0.0001,3161498,91.263,91.7,0.437,201,0.65,201,0.9,1.0,1.0
"U(0.01,0.1), eps=1e-04",0.01,0.1,0.0001,3813565,93.615,94.152,0.537,201,0.65,637,0.9,1.0,1.0
"U(0.01,0.1), eps=1e-04",0.01,0.1,0.0001,4600122,95.752,96.005,0.253,1375,0.5,637,0.9,1.0,1.0
"U(0.01,0.1), eps=1e-04",0.01,0.1,0.0001,5548909,97.357,97.36,0.003,936,0.5,201,0.95,1.0,1.0
"U(0.01,0.1), eps=1e-04",0.01,0.1,0.0001,6693386,98.405,98.343,-0.062,1375,0.5,201,0.5,1.0,1.0
"U(0.001,0.01), eps=1e-04",0.001,0.01,0.0001,8565,7.618,7.618,-0.0,43,0.5,43,0.5,5.1208,5.1208
"U(0.001,0.01), eps=1e-04",0.001,0.01,0.0001,10332,8.413,8.413,-0.0,63,0.5,63,0.5,6.2195,6.2195
"U(0.001,0.01), eps=1e-04",0.001,0.01,0.0001,12463,8.413,8.413,-0.0,63,0.5,63,0.5,5.1561,5.1561
"U(0.001,0.01), eps=1e-04",0.001,0.01,0.0001,15033,9.083,9.082,-0.001,93,0.5,93,0.5,6.3101,6.3101
"U(0.001,0.01), eps=1e-04",0.001,0.01,0.0001,18134,9.083,9.082,-0.001,93,0.5,93,0.5,5.2311,5.2311
"U(0.001,0.01), eps=1e-04",0.001,0.01,0.0001,21875,9.485,9.485,0.0,136,0.5,136,0.5,6.3415,6.3415
"U(0.001,0.01), eps=1e-04",0.001,0.01,0.0001,26386,9.485,9.485,0.0,136,0.5,136,0.5,5.2573,5.2573
"U(0.001,0.01), eps=1e-04",0.001,0.01,0.0001,31829,9.71,9.71,0.0,201,0.5,201,0.5,6.4413,6.4413
"U(0.001,0.01), eps=1e-04",0.001,0.01,0.0001,38394,10.74,10.74,0.0,20,0.5,20,0.5,1.1195,1.1198
"U(0.001,0.01), eps=1e-04",0.001,0.01,0.0001,46312,14.585,14.585,0.0,20,0.65,20,0.65,1.1339,1.1351
"U(0.001,0.01), eps=1e-04",0.001,0.01,0.0001,55865,18.29,18.29,0.0,20,0.65,20,0.65,1.0562,1.0566
"U(0.001,0.01), eps=1e-04",0.001,0.01,0.0001,67387,19.153,19.248,0.095,20,0.65,20,0.65,1.0585,1.0595
"U(0.001,0.01), eps=1e-04",0.001,0.01,0.0001,81286,24.735,24.922,0.188,20,0.5,20,0.5,1.0199,1.0206
"U(0.001,0.01), eps=1e-04",0.001,0.01,0.0001,98051,33.987,34.28,0.293,20,0.5,20,0.5,1.0052,1.0051
"U(0.001,0.01), eps=1e-04",0.001,0.01,0.0001,118275,44.028,44.275,0.247,20,0.5,20,0.5,1.0044,1.0045
"U(0.001,0.01), eps=1e-04",0.001,0.01,0.0001,142669,52.148,52.13,-0.018,20,0.5,20,0.5,1.0045,1.0047
"U(0.001,0.01), eps=1e-04",0.001,0.01,0.0001,172095,61.71,61.272,-0.438,20,0.5,20,0.5,1.0005,1.0006
"U(0.001,0.01), eps=1e-04",0.001,0.01,0.0001,207590,68.127,67.198,-0.93,20,0.65,20,0.5,1.0016,1.0011
"U(0.001,0.01), eps=1e-04",0.001,0.01,0.0001,250406,76.233,76.175,-0.058,20,0.5,20,0.5,1.0002,1.0005
"U(0.001,0.01), eps=1e-04",0.001,0.01,0.0001,302053,82.24,82.65,0.41,20,0.65,20,0.5,0.9995,0.9995
"U(0.001,0.01), eps=1e-04",0.001,0.01,0.0001,364353,87.12,87.37,0.25,20,0.65,20,0.65,0.9995,0.9996
"U(0.001,0.01), eps=1e-04",0.001,0.01,0.0001,439502,90.738,91.47,0.732,20,0.65,20,0.65,0.9996,0.9997
"U(0.001,0.01), eps=1e-04",0.001,0.01,0.0001,530150,93.29,94.3,1.01,29,0.65,20,0.65,0.9997,0.9998
"U(0.001,0.01), eps=1e-04",0.001,0.01,0.0001,639495,95.83,96.365,0.535,20,0.5,20,0.95,0.9998,0.9998
"U(0.001,0.01), eps=1e-04",0.001,0.01,0.0001,771393,97.288,97.793,0.505,20,0.5,20,0.95,0.9998,0.9998
"U(0.001,0.01), eps=1e-04",0.001,0.01,0.0001,930494,98.237,98.787,0.55,20,0.5,20,0.9,0.9999,0.9999
"U(0.001,0.01), eps=1e-04",0.001,0.01,0.0001,1122411,98.695,99.358,0.663,43,0.65,29,0.95,0.9999,0.9999
"U(0.01,0.1), eps=1e-05",0.01,0.1,1e-05,8965333,26.18,26.017,-0.162,2020,0.95,2020,0.95,1.0,1.0
"U(0.01,0.1), eps=1e-05",0.01,0.1,1e-05,10814456,28.82,28.787,-0.033,2020,0.95,2020,0.8,1.0,1.0
"U(0.01,0.1), eps=1e-05",0.01,0.1,1e-05,13044964,31.8,31.575,-0.225,2020,0.9,2020,0.8,1.0,1.0
"U(0.01,0.1), eps=1e-05",0.01,0.1,1e-05,15735521,34.755,34.46,-0.295,2020,0.9,2020,0.95,1.0,1.0
"U(0.01,0.1), eps=1e-05",0.01,0.1,1e-05,18981013,37.888,37.7,-0.188,2020,0.8,2020,0.95,1.0,1.0
"U(0.01,0.1), eps=1e-05",0.01,0.1,1e-05,22895895,41.123,41.117,-0.005,2020,0.95,2020,0.95,1.0,1.0
"U(0.01,0.1), eps=1e-05",0.01,0.1,1e-05,27618231,44.78,44.72,-0.06,2020,0.95,2020,0.95,1.0,1.0
"U(0.01,0.1), eps=1e-05",0.01,0.1,1e-05,33314561,48.352,48.107,-0.245,2968,0.9,2968,0.9,1.0,1.0
"U(0.01,0.1), eps=1e-05",0.01,0.1,1e-05,40185774,51.6,51.928,0.328,433,0.65,1375,0.9,1.0,1.0
"U(0.01,0.1), eps=1e-05",0.01,0.1,1e-05,48474191,56.37,56.078,-0.292,2020,0.95,1375,0.9,1.0,1.0
"U(0.01,0.1), eps=1e-05",0.01,0.1,1e-05,58472116,60.38,59.555,-0.825,4361,0.5,637,0.9,1.0,1.0
"U(0.01,0.1), eps=1e-05",0.01,0.1,1e-05,70532138,64.787,63.695,-1.092,4361,0.65,637,0.9,1.0,1.0
"U(0.01,0.1), eps=1e-05",0.01,0.1,1e-05,85079570,68.907,68.44,-0.467,4361,0.65,1375,0.9,1.0,1.0
"U(0.01,0.1), eps=1e-05",0.01,0.1,1e-05,102627447,73.205,73.02,-0.185,4361,0.8,4361,0.8,1.0,1.0
"U(0.01,0.1), eps=1e-05",0.01,0.1,1e-05,123794618,76.645,76.47,-0.175,13828,0.8,1375,0.9,1.0,1.0
"U(0.01,0.1), eps=1e-05",0.01,0.1,1e-05,149327571,80.542,80.52,-0.022,13828,0.8,2020,0.95,1.0,1.0
"U(0.01,0.1), eps=1e-05",0.01,0.1,1e-05,180126761,84.037,83.71,-0.327,13828,0.95,637,0.95,1.0,1.0
"U(0.01,0.1), eps=1e-05",0.01,0.1,1e-05,217278361,87.423,86.998,-0.425,13828,0.65,637,0.95,1.0,1.0
"U(0.01,0.1), eps=1e-05",0.01,0.1,1e-05,262092573,90.292,90.343,0.05,20314,0.8,13828,0.95,1.0,1.0
"U(0.01,0.1), eps=1e-05",0.01,0.1,1e-05,316149829,92.765,92.92,0.155,20314,0.8,20314,0.95,1.0,1.0
"U(0.01,0.1), eps=1e-05",0.01,0.1,1e-05,381356532,94.87,94.877,0.007,29844,0.8,29844,0.8,1.0,1.0
"U(0.01,0.1), eps=1e-05",0.01,0.1,1e-05,460012281,96.55,96.585,0.035,29844,0.9,29844,0.9,1.0,1.0
"U(0.01,0.1), eps=1e-05",0.01,0.1,1e-05,554890978,97.772,97.847,0.075,29844,0.9,20314,0.95,1.0,1.0
"U(0.01,0.1), eps=1e-05",0.01,0.1,1e-05,669338647,98.575,98.67,0.095,20314,0.95,20314,0.95,1.0,1.0
"U(0.001,0.01), eps=1e-05",0.001,0.01,1e-05,856560,22.07,21.405,-0.665,20,0.8,20,0.5,0.9998,0.9998
"U(0.001,0.01), eps=1e-05",0.001,0.01,1e-05,1033228,24.388,23.99,-0.398,20,0.65,29,0.5,0.9998,0.9999
"U(0.001,0.01), eps=1e-05",0.001,0.01,1e-05,1246334,27.143,26.57,-0.573,20,0.8,29,0.5,0.9999,0.9999
"U(0.001,0.01), eps=1e-05",0.001,0.01,1e-05,1503393,29.728,29.385,-0.343,29,0.5,29,0.5,0.9999,0.9999
"U(0.001,0.01), eps=1e-05",0.001,0.01,1e-05,1813472,32.275,32.177,-0.098,20,0.5,29,0.5,0.9999,0.9999
"U(0.001,0.01), eps=1e-05",0.001,0.01,1e-05,2187505,35.74,35.432,-0.308,43,0.5,43,0.5,0.9999,0.9999
"U(0.001,0.01), eps=1e-05",0.001,0.01,1e-05,2638684,38.793,38.225,-0.568,93,0.65,93,0.5,0.9999,0.9999
"U(0.001,0.01), eps=1e-05",0.001,0.01,1e-05,3182919,43.39,42.735,-0.655,63,0.65,63,0.65,0.9999,0.9999
"U(0.001,0.01), eps=1e-05",0.001,0.01,1e-05,3839405,46.99,46.305,-0.685,93,0.65,93,0.65,1.0,1.0
"U(0.001,0.01), eps=1e-05",0.001,0.01,1e-05,4631292,51.143,50.685,-0.458,93,0.5,93,0.5,1.0,1.0
"U(0.001,0.01), eps=1e-05",0.001,0.01,1e-05,5586507,55.532,55.24,-0.292,93,0.65,93,0.5,1.0,1.0
"U(0.001,0.01), eps=1e-05",0.001,0.01,1e-05,6738739,60.05,59.798,-0.252,93,0.65,93,0.5,1.0,1.0
"U(0.001,0.01), eps=1e-05",0.001,0.01,1e-05,8128621,64.487,64.312,-0.175,93,0.5,93,0.5,1.0,1.0
"U(0.001,0.01), eps=1e-05",0.001,0.01,1e-05,9805170,68.905,68.52,-0.385,93,0.5,136,0.65,1.0,1.0
"U(0.001,0.01), eps=1e-05",0.001,0.01,1e-05,11827511,73.11,72.962,-0.148,201,0.65,93,0.5,1.0,1.0
"U(0.001,0.01), eps=1e-05",0.001,0.01,1e-05,14266965,77.463,77.412,-0.051,201,0.65,201,0.65,1.0,1.0
"U(0.001,0.01), eps=1e-05",0.001,0.01,1e-05,17209563,81.068,81.23,0.162,136,0.5,201,0.95,1.0,1.0
"U(0.001,0.01), eps=1e-05",0.001,0.01,1e-05,20759079,84.32,84.695,0.375,93,0.65,136,0.5,1.0,1.0
"U(0.001,0.01), eps=1e-05",0.001,0.01,1e-05,25040691,88.055,88.532,0.477,136,0.5,295,0.5,1.0,1.0
"U(0.001,0.01), eps=1e-05",0.001,0.01,1e-05,30205397,90.94,91.218,0.278,136,0.5,136,0.5,1.0,1.0
"U(0.001,0.01), eps=1e-05",0.001,0.01,1e-05,36435337,93.283,93.922,0.639,136,0.5,295,0.5,1.0,1.0
"U(0.001,0.01), eps=1e-05",0.001,0.01,1e-05,43950218,95.69,95.832,0.142,295,0.5,295,0.5,1.0,1.0
"U(0.001,0.01), eps=1e-05",0.001,0.01,1e-05,53015061,97.132,97.32,0.188,295,0.5,295,0.5,1.0,1.0
"U(0.001,0.01), eps=1e-05",0.001,0.01,1e-05,63949552,98.205,98.328,0.123,1375,0.5,295,0.5,1.0,1.0
"U(0.001,0.01), eps=1e-05",0.001,0.01,1e-05,77139309,98.975,99.052,0.077,1375,0.5,1375,0.65,1.0,1.0
"U(0.01,0.1), eps=1e-06",0.01,0.1,1e-06,896533333,27.632,27.595,-0.037,29844,0.8,29844,0.8,1.0,1.0
"U(0.01,0.1), eps=1e-06",0.01,0.1,1e-06,1081445601,30.245,30.152,-0.093,29844,0.8,29844,0.8,1.0,1.0
"U(0.01,0.1), eps=1e-06",0.01,0.1,1e-06,1304496493,32.648,32.875,0.227,2020,0.8,29844,0.8,1.0,1.0
"U(0.01,0.1), eps=1e-06",0.01,0.1,1e-06,1573552196,35.297,35.328,0.031,139006,0.9,2020,0.8,1.0,1.0
"U(0.01,0.1), eps=1e-06",0.01,0.1,1e-06,1898101319,38.68,37.875,-0.805,139006,0.9,300000,0.95,1.0,1.0
"U(0.01,0.1), eps=1e-06",0.01,0.1,1e-06,2289589519,41.4,41.513,0.113,300000,0.8,300000,0.9,1.0,1.0
"U(0.01,0.1), eps=1e-06",0.01,0.1,1e-06,2761823151,45.765,45.698,-0.067,139006,0.9,139006,0.9,1.0,1.0
"U(0.01,0.1), eps=1e-06",0.01,0.1,1e-06,3331456165,49.34,49.453,0.112,94621,0.95,139006,0.9,1.0,1.0
"U(0.01,0.1), eps=1e-06",0.01,0.1,1e-06,4018577429,53.578,53.143,-0.435,139006,0.9,300000,0.95,1.0,1.0
"U(0.01,0.1), eps=1e-06",0.01,0.1,1e-06,4847419193,57.452,57.442,-0.01,139006,0.9,139006,0.9,1.0,1.0
"U(0.01,0.1), eps=1e-06",0.01,0.1,1e-06,5847211667,61.7,61.635,-0.065,139006,0.9,139006,0.9,1.0,1.0
"U(0.01,0.1), eps=1e-06",0.01,0.1,1e-06,7053213870,65.67,65.688,0.017,300000,0.9,300000,0.9,1.0,1.0
"U(0.01,0.1), eps=1e-06",0.01,0.1,1e-06,8507957079,69.685,69.65,-0.035,139006,0.9,300000,0.9,1.0,1.0
"U(0.01,0.1), eps=1e-06",0.01,0.1,1e-06,10262744755,73.623,73.565,-0.058,139006,0.9,139006,0.9,1.0,1.0
"U(0.01,0.1), eps=1e-06",0.01,0.1,1e-06,12379461831,77.41,77.38,-0.03,139006,0.9,139006,0.9,1.0,1.0
"U(0.01,0.1), eps=1e-06",0.01,0.1,1e-06,14932757159,81.207,81.2,-0.007,139006,0.9,139006,0.9,1.0,1.0
"U(0.01,0.1), eps=1e-06",0.01,0.1,1e-06,18012676110,84.695,84.722,0.028,139006,0.9,139006,0.9,1.0,1.0
"U(0.01,0.1), eps=1e-06",0.01,0.1,1e-06,21727836139,87.81,87.832,0.022,300000,0.9,300000,0.9,1.0,1.0
"U(0.01,0.1), eps=1e-06",0.01,0.1,1e-06,26209257324,90.758,90.778,0.019,300000,0.9,300000,0.9,1.0,1.0
"U(0.01,0.1), eps=1e-06",0.01,0.1,1e-06,31614982969,93.068,93.09,0.022,300000,0.9,300000,0.9,1.0,1.0
"U(0.01,0.1), eps=1e-06",0.01,0.1,1e-06,38135653207,95.078,95.105,0.027,29844,0.8,29844,0.8,1.0,1.0
"U(0.01,0.1), eps=1e-06",0.01,0.1,1e-06,46001228182,96.708,96.705,-0.003,29844,0.65,29844,0.65,1.0,1.0
"U(0.01,0.1), eps=1e-06",0.01,0.1,1e-06,55489097899,97.875,97.925,0.05,29844,0.9,20314,0.95,1.0,1.0
"U(0.01,0.1), eps=1e-06",0.01,0.1,1e-06,66933864754,98.66,98.71,0.05,20314,0.9,20314,0.95,1.0,1.0
"U(0.001,0.01), eps=1e-06",0.001,0.01,1e-06,85656050,25.643,24.848,-0.796,295,0.65,93,0.65,1.0,1.0
"U(0.001,0.01), eps=1e-06",0.001,0.01,1e-06,103322828,28.64,27.508,-1.133,295,0.8,295,0.65,1.0,1.0
"U(0.001,0.01), eps=1e-06",0.001,0.01,1e-06,124633422,31.278,30.478,-0.8,295,0.8,2020,0.65,1.0,1.0
"U(0.001,0.01), eps=1e-06",0.001,0.01,1e-06,150339381,34.092,33.51,-0.582,295,0.8,936,0.8,1.0,1.0
"U(0.001,0.01), eps=1e-06",0.001,0.01,1e-06,181347259,36.802,36.392,-0.41,2020,0.8,2968,0.65,1.0,1.0
"U(0.001,0.01), eps=1e-06",0.001,0.01,1e-06,218750591,40.032,39.86,-0.172,2968,0.65,2968,0.65,1.0,1.0
"U(0.001,0.01), eps=1e-06",0.001,0.01,1e-06,263868453,43.9,43.64,-0.26,295,0.8,936,0.8,1.0,1.0
"U(0.001,0.01), eps=1e-06",0.001,0.01,1e-06,318291990,47.385,47.212,-0.172,2968,0.65,2968,0.65,1.0,1.0
"U(0.001,0.01), eps=1e-06",0.001,0.01,1e-06,383940518,51.443,51.37,-0.073,2968,0.65,2968,0.65,1.0,1.0
"U(0.001,0.01), eps=1e-06",0.001,0.01,1e-06,463129222,55.637,55.463,-0.174,2968,0.65,2968,0.65,1.0,1.0
"U(0.001,0.01), eps=1e-06",0.001,0.01,1e-06,558650796,59.815,59.737,-0.078,2968,0.65,2968,0.65,1.0,1.0
"U(0.001,0.01), eps=1e-06",0.001,0.01,1e-06,673873936,64.187,64.045,-0.142,2968,0.65,2968,0.65,1.0,1.0
"U(0.001,0.01), eps=1e-06",0.001,0.01,1e-06,812862141,68.322,68.282,-0.04,2968,0.65,2968,0.65,1.0,1.0
"U(0.001,0.01), eps=1e-06",0.001,0.01,1e-06,980517014,72.608,72.59,-0.018,2968,0.65,2968,0.65,1.0,1.0
"U(0.001,0.01), eps=1e-06",0.001,0.01,1e-06,1182751130,76.202,76.692,0.49,2020,0.8,2968,0.65,1.0,1.0
"U(0.001,0.01), eps=1e-06",0.001,0.01,1e-06,1426696543,80.59,80.617,0.028,2968,0.65,2968,0.65,1.0,1.0
"U(0.001,0.01), eps=1e-06",0.001,0.01,1e-06,1720956316,83.715,84.28,0.565,2020,0.8,2968,0.65,1.0,1.0
"U(0.001,0.01), eps=1e-06",0.001,0.01,1e-06,2075907911,86.982,87.072,0.09,2020,0.8,2020,0.8,1.0,1.0
"U(0.001,0.01), eps=1e-06",0.001,0.01,1e-06,2504069171,90.068,90.282,0.215,4361,0.9,4361,0.8,1.0,1.0
"U(0.001,0.01), eps=1e-06",0.001,0.01,1e-06,3020539774,92.292,92.535,0.243,2020,0.8,2020,0.5,1.0,1.0
"U(0.001,0.01), eps=1e-06",0.001,0.01,1e-06,3643533745,94.663,94.6,-0.063,13828,0.5,13828,0.8,1.0,1.0
"U(0.001,0.01), eps=1e-06",0.001,0.01,1e-06,4395021800,96.055,96.41,0.355,4361,0.9,4361,0.9,1.0,1.0
"U(0.001,0.01), eps=1e-06",0.001,0.01,1e-06,5301506168,97.705,97.685,-0.02,13828,0.65,4361,0.9,1.0,1.0
"U(0.001,0.01), eps=1e-06",0.001,0.01,1e-06,6394955231,98.515,98.633,0.118,29844,0.9,4361,0.9,1.0,1.0
"U(0.01,0.1), eps=1e-07",0.01,0.1,1e-07,89653333333,27.46,27.477,0.017,300000,0.95,300000,0.95,1.0,1.0
"U(0.01,0.1), eps=1e-07",0.01,0.1,1e-07,108144560197,29.952,29.962,0.01,300000,0.95,300000,0.95,1.0,1.0
"U(0.01,0.1), eps=1e-07",0.01,0.1,1e-07,130449649394,32.665,32.68,0.015,300000,0.95,300000,0.95,1.0,1.0
"U(0.01,0.1), eps=1e-07",0.01,0.1,1e-07,157355219680,35.615,35.627,0.012,300000,0.95,300000,0.95,1.0,1.0
"U(0.01,0.1), eps=1e-07",0.01,0.1,1e-07,189810131921,39.003,39.005,0.002,300000,0.9,300000,0.95,1.0,1.0
"U(0.01,0.1), eps=1e-07",0.01,0.1,1e-07,228958951938,42.318,42.337,0.02,300000,0.9,300000,0.9,1.0,1.0
"U(0.01,0.1), eps=1e-07",0.01,0.1,1e-07,276182315148,46.04,45.99,-0.05,139006,0.9,139006,0.9,1.0,1.0
"U(0.01,0.1), eps=1e-07",0.01,0.1,1e-07,333145616517,49.6,49.553,-0.047,94621,0.95,94621,0.95,1.0,1.0
"U(0.01,0.1), eps=1e-07",0.01,0.1,1e-07,401857742938,53.78,53.788,0.008,300000,0.95,300000,0.95,1.0,1.0
"U(0.01,0.1), eps=1e-07",0.01,0.1,1e-07,484741919306,57.637,57.545,-0.092,139006,0.9,139006,0.95,1.0,1.0
"U(0.01,0.1), eps=1e-07",0.01,0.1,1e-07,584721166785,61.703,61.692,-0.011,139006,0.95,139006,0.95,1.0,1.0
"U(0.01,0.1), eps=1e-07",0.01,0.1,1e-07,705321387051,65.992,65.99,-0.002,300000,0.9,300000,0.9,1.0,1.0
"U(0.01,0.1), eps=1e-07",0.01,0.1,1e-07,850795707922,69.865,69.88,0.015,300000,0.9,300000,0.9,1.0,1.0
"U(0.01,0.1), eps=1e-07",0.01,0.1,1e-07,1026274475590,73.823,73.835,0.012,300000,0.9,300000,0.9,1.0,1.0
"U(0.01,0.1), eps=1e-07",0.01,0.1,1e-07,1237946183132,77.487,77.453,-0.034,139006,0.9,139006,0.9,1.0,1.0
"U(0.01,0.1), eps=1e-07",0.01,0.1,1e-07,1493275715983,81.283,81.29,0.007,139006,0.9,139006,0.9,1.0,1.0
"U(0.01,0.1), eps=1e-07",0.01,0.1,1e-07,1801267611087,84.75,84.78,0.03,139006,0.9,139006,0.9,1.0,1.0
"U(0.01,0.1), eps=1e-07",0.01,0.1,1e-07,2172783613919,87.865,87.897,0.032,300000,0.9,300000,0.9,1.0,1.0
"U(0.01,0.1), eps=1e-07",0.01,0.1,1e-07,2620925732443,90.78,90.795,0.015,300000,0.9,300000,0.9,1.0,1.0
"U(0.01,0.1), eps=1e-07",0.01,0.1,1e-07,3161498296921,93.112,93.135,0.023,300000,0.9,300000,0.9,1.0,1.0
"U(0.01,0.1), eps=1e-07",0.01,0.1,1e-07,3813565320723,95.055,95.075,0.02,29844,0.8,29844,0.8,1.0,1.0
"U(0.01,0.1), eps=1e-07",0.01,0.1,1e-07,4600122818216,96.705,96.715,0.01,29844,0.65,29844,0.65,1.0,1.0
"U(0.01,0.1), eps=1e-07",0.01,0.1,1e-07,5548909789924,97.888,97.922,0.035,29844,0.9,20314,0.95,1.0,1.0
"U(0.01,0.1), eps=1e-07",0.01,0.1,1e-07,6693386475420,98.655,98.703,0.047,20314,0.9,20314,0.95,1.0,1.0
"U(0.001,0.01), eps=1e-07",0.001,0.01,1e-07,8565605095,26.743,26.627,-0.116,2968,0.65,2968,0.65,1.0,1.0
"U(0.001,0.01), eps=1e-07",0.001,0.01,1e-07,10332282821,29.2,29.087,-0.113,2968,0.65,2968,0.65,1.0,1.0
"U(0.001,0.01), eps=1e-07",0.001,0.01,1e-07,12463342298,31.843,31.735,-0.108,2968,0.65,13828,0.8,1.0,1.0
"U(0.001,0.01), eps=1e-07",0.001,0.01,1e-07,15033938186,34.715,34.578,-0.138,2968,0.65,2968,0.65,1.0,1.0
"U(0.001,0.01), eps=1e-07",0.001,0.01,1e-07,18134725979,37.807,37.665,-0.142,2968,0.65,2968,0.65,1.0,1.0
"U(0.001,0.01), eps=1e-07",0.001,0.01,1e-07,21875059102,41.115,40.987,-0.128,2968,0.65,2968,0.65,1.0,1.0
"U(0.001,0.01), eps=1e-07",0.001,0.01,1e-07,26386845396,44.603,44.498,-0.105,2968,0.65,2968,0.65,1.0,1.0
"U(0.001,0.01), eps=1e-07",0.001,0.01,1e-07,31829199030,48.218,48.115,-0.103,2968,0.65,2968,0.65,1.0,1.0
"U(0.001,0.01), eps=1e-07",0.001,0.01,1e-07,38394051873,52.205,52.068,-0.137,13828,0.8,13828,0.8,1.0,1.0
"U(0.001,0.01), eps=1e-07",0.001,0.01,1e-07,46312922226,56.175,56.063,-0.112,2968,0.65,2968,0.65,1.0,1.0
"U(0.001,0.01), eps=1e-07",0.001,0.01,1e-07,55865079629,60.29,60.142,-0.148,2968,0.65,2968,0.65,1.0,1.0
"U(0.001,0.01), eps=1e-07",0.001,0.01,1e-07,67387393667,64.592,64.48,-0.112,2968,0.65,2968,0.65,1.0,1.0
"U(0.001,0.01), eps=1e-07",0.001,0.01,1e-07,81286214132,68.732,68.66,-0.072,2968,0.65,2968,0.65,1.0,1.0
"U(0.001,0.01), eps=1e-07",0.001,0.01,1e-07,98051701489,72.87,72.82,-0.05,2968,0.65,2968,0.65,1.0,1.0
"U(0.001,0.01), eps=1e-07",0.001,0.01,1e-07,118275113038,76.815,76.912,0.097,43843,0.95,43843,0.95,1.0,1.0
"U(0.001,0.01), eps=1e-07",0.001,0.01,1e-07,142669654393,80.678,80.775,0.097,43843,0.95,43843,0.95,1.0,1.0
"U(0.001,0.01), eps=1e-07",0.001,0.01,1e-07,172095631632,83.718,84.335,0.617,2020,0.8,2968,0.65,1.0,1.0
"U(0.001,0.01), eps=1e-07",0.001,0.01,1e-07,207590791138,86.985,87.147,0.162,2020,0.8,2020,0.8,1.0,1.0
"U(0.001,0.01), eps=1e-07",0.001,0.01,1e-07,250406917112,90.24,90.392,0.153,4361,0.8,4361,0.9,1.0,1.0
"U(0.001,0.01), eps=1e-07",0.001,0.01,1e-07,302053977412,92.568,92.81,0.242,6407,0.5,4361,0.9,1.0,1.0
"U(0.001,0.01), eps=1e-07",0.001,0.01,1e-07,364353374591,94.87,94.983,0.112,64409,0.95,64409,0.95,1.0,1.0
"U(0.001,0.01), eps=1e-07",0.001,0.01,1e-07,439502180084,96.408,96.43,0.022,64409,0.9,4361,0.9,1.0,1.0
"U(0.001,0.01), eps=1e-07",0.001,0.01,1e-07,530150616871,97.81,97.707,-0.103,29844,0.5,4361,0.9,1.0,1.0
"U(0.001,0.01), eps=1e-07",0.001,0.01,1e-07,639495523129,98.35,98.67,0.32,4361,0.9,4361,0.9,1.0,1.0
"U(0.01,0.1), eps=1e-08",0.01,0.1,1e-08,8965333333333,27.513,27.487,-0.026,300000,0.95,300000,0.95,1.0,1.0
"U(0.01,0.1), eps=1e-08",0.01,0.1,1e-08,10814456019797,30.007,29.98,-0.027,300000,0.95,300000,0.95,1.0,1.0
"U(0.01,0.1), eps=1e-08",0.01,0.1,1e-08,13044964939485,32.717,32.703,-0.014,300000,0.95,300000,0.95,1.0,1.0
"U(0.01,0.1), eps=1e-08",0.01,0.1,1e-08,15735521968084,35.695,35.665,-0.03,300000,0.95,300000,0.95,1.0,1.0
"U(0.01,0.1), eps=1e-08",0.01,0.1,1e-08,18981013192192,39.027,39.01,-0.017,300000,0.9,300000,0.95,1.0,1.0
"U(0.01,0.1), eps=1e-08",0.01,0.1,1e-08,22895895193876,42.34,42.325,-0.015,300000,0.9,300000,0.9,1.0,1.0
"U(0.01,0.1), eps=1e-08",0.01,0.1,1e-08,27618231514879,46.025,45.98,-0.045,139006,0.9,139006,0.9,1.0,1.0
"U(0.01,0.1), eps=1e-08",0.01,0.1,1e-08,33314561651797,49.6,49.547,-0.053,94621,0.95,94621,0.95,1.0,1.0
"U(0.01,0.1), eps=1e-08",0.01,0.1,1e-08,40185774293819,53.773,53.76,-0.013,300000,0.95,300000,0.95,1.0,1.0
"U(0.01,0.1), eps=1e-08",0.01,0.1,1e-08,48474191930623,57.568,57.545,-0.023,139006,0.95,139006,0.95,1.0,1.0
"U(0.01,0.1), eps=1e-08",0.01,0.1,1e-08,58472116678571,61.682,61.667,-0.015,139006,0.95,139006,0.95,1.0,1.0
"U(0.01,0.1), eps=1e-08",0.01,0.1,1e-08,70532138705184,65.97,65.975,0.005,300000,0.9,300000,0.9,1.0,1.0
"U(0.01,0.1), eps=1e-08",0.01,0.1,1e-08,85079570792251,69.863,69.87,0.007,300000,0.9,300000,0.9,1.0,1.0
"U(0.01,0.1), eps=1e-08",0.01,0.1,1e-08,102627447559047,73.818,73.835,0.017,300000,0.9,300000,0.9,1.0,1.0
"U(0.01,0.1), eps=1e-08",0.01,0.1,1e-08,123794618313287,77.472,77.448,-0.024,139006,0.9,139006,0.9,1.0,1.0
"U(0.01,0.1), eps=1e-08",0.01,0.1,1e-08,149327571598378,81.28,81.29,0.01,139006,0.9,139006,0.9,1.0,1.0
"U(0.01,0.1), eps=1e-08",0.01,0.1,1e-08,180126761108769,84.747,84.78,0.033,139006,0.9,139006,0.9,1.0,1.0
"U(0.01,0.1), eps=1e-08",0.01,0.1,1e-08,217278361391956,87.88,87.9,0.02,139006,0.9,300000,0.9,1.0,1.0
"U(0.01,0.1), eps=1e-08",0.01,0.1,1e-08,262092573244382,90.785,90.797,0.012,300000,0.9,300000,0.9,1.0,1.0
"U(0.01,0.1), eps=1e-08",0.01,0.1,1e-08,316149829692175,93.117,93.14,0.023,300000,0.9,300000,0.9,1.0,1.0
"U(0.01,0.1), eps=1e-08",0.01,0.1,1e-08,381356532072333,95.042,95.062,0.02,29844,0.8,29844,0.8,1.0,1.0
"U(0.01,0.1), eps=1e-08",0.01,0.1,1e-08,460012281821689,96.7,96.71,0.01,29844,0.65,29844,0.65,1.0,1.0
"U(0.01,0.1), eps=1e-08",0.01,0.1,1e-08,554890978992489,97.89,97.925,0.035,29844,0.9,20314,0.95,1.0,1.0
"U(0.01,0.1), eps=1e-08",0.01,0.1,1e-08,669338647542012,98.655,98.703,0.047,20314,0.9,20314,0.95,1.0,1.0
"U(0.001,0.01), eps=1e-08",0.001,0.01,1e-08,856560509554,26.675,26.562,-0.112,2968,0.65,2968,0.65,1.0,1.0
"U(0.001,0.01), eps=1e-08",0.001,0.01,1e-08,1033228282146,29.155,29.023,-0.132,2968,0.65,2968,0.65,1.0,1.0
"U(0.001,0.01), eps=1e-08",0.001,0.01,1e-08,1246334229887,31.957,31.843,-0.114,13828,0.8,13828,0.8,1.0,1.0
"U(0.001,0.01), eps=1e-08",0.001,0.01,1e-08,1503393818606,34.718,35.06,0.342,2968,0.65,300000,0.65,1.0,1.0
"U(0.001,0.01), eps=1e-08",0.001,0.01,1e-08,1813472597980,37.79,37.653,-0.137,2968,0.65,2968,0.65,1.0,1.0
"U(0.001,0.01), eps=1e-08",0.001,0.01,1e-08,2187505910242,41.165,41.008,-0.157,2968,0.65,2968,0.65,1.0,1.0
"U(0.001,0.01), eps=1e-08",0.001,0.01,1e-08,2638684539638,44.627,44.455,-0.172,2968,0.65,2968,0.65,1.0,1.0
"U(0.001,0.01), eps=1e-08",0.001,0.01,1e-08,3182919903037,48.228,48.127,-0.101,2968,0.65,2968,0.65,1.0,1.0
"U(0.001,0.01), eps=1e-08",0.001,0.01,1e-08,3839405187307,52.205,52.115,-0.09,13828,0.8,13828,0.8,1.0,1.0
"U(0.001,0.01), eps=1e-08",0.001,0.01,1e-08,4631292222671,56.17,56.073,-0.097,2968,0.65,2968,0.65,1.0,1.0
"U(0.001,0.01), eps=1e-08",0.001,0.01,1e-08,5586507962920,60.283,60.148,-0.136,2968,0.65,2968,0.65,1.0,1.0
"U(0.001,0.01), eps=1e-08",0.001,0.01,1e-08,6738739366737,64.565,64.435,-0.13,2968,0.65,2968,0.65,1.0,1.0
"U(0.001,0.01), eps=1e-08",0.001,0.01,1e-08,8128621413272,68.74,68.657,-0.082,2968,0.65,2968,0.65,1.0,1.0
"U(0.001,0.01), eps=1e-08",0.001,0.01,1e-08,9805170148953,72.88,72.81,-0.07,2968,0.65,2968,0.65,1.0,1.0
"U(0.001,0.01), eps=1e-08",0.001,0.01,1e-08,11827511303817,76.875,76.492,-0.383,43843,0.95,6407,0.95,1.0,1.0
"U(0.001,0.01), eps=1e-08",0.001,0.01,1e-08,14266965439335,80.72,80.795,0.075,43843,0.95,43843,0.95,1.0,1.0
"U(0.001,0.01), eps=1e-08",0.001,0.01,1e-08,17209563163258,83.688,84.358,0.669,2020,0.8,43843,0.95,1.0,1.0
"U(0.001,0.01), eps=1e-08",0.001,0.01,1e-08,20759079113881,86.967,87.1,0.133,2020,0.8,2020,0.8,1.0,1.0
"U(0.001,0.01), eps=1e-08",0.001,0.01,1e-08,25040691711246,90.233,90.38,0.147,4361,0.8,4361,0.9,1.0,1.0
"U(0.001,0.01), eps=1e-08",0.001,0.01,1e-08,30205397741290,92.88,92.79,-0.09,64409,0.9,4361,0.9,1.0,1.0
"U(0.001,0.01), eps=1e-08",0.001,0.01,1e-08,36435337459140,94.898,94.947,0.049,64409,0.9,64409,0.9,1.0,1.0
"U(0.001,0.01), eps=1e-08",0.001,0.01,1e-08,43950218008441,96.395,96.435,0.04,64409,0.9,4361,0.9,1.0,1.0
"U(0.001,0.01), eps=1e-08",0.001,0.01,1e-08,53015061687180,97.815,97.707,-0.108,29844,0.5,4361,0.9,1.0,1.0
"U(0.001,0.01), eps=1e-08",0.001,0.01,1e-08,63949552312931,98.582,98.67,0.088,29844,0.9,4361,0.9,1.0,1.0
"U(0.001,0.1), eps=1e-04",0.001,0.1,0.0001,89653,16.315,15.662,-0.652,20,0.65,20,0.9,1.0072,1.0077
"U(0.001,0.1), eps=1e-04",0.001,0.1,0.0001,108144,18.685,18.052,-0.633,20,0.8,20,0.9,1.0089,1.01
"U(0.001,0.1), eps=1e-04",0.001,0.1,0.0001,130449,21.388,19.867,-1.52,20,0.8,29,0.9,1.0124,1.0059
"U(0.001,0.1), eps=1e-04",0.001,0.1,0.0001,157355,24.088,23.288,-0.8,20,0.8,29,0.9,1.0066,1.0076
"U(0.001,0.1), eps=1e-04",0.001,0.1,0.0001,189810,27.125,26.468,-0.657,29,0.65,29,0.9,1.0092,1.0102
"U(0.001,0.1), eps=1e-04",0.001,0.1,0.0001,228958,30.345,30.76,0.415,29,0.65,20,0.8,1.0044,1.0026
"U(0.001,0.1), eps=1e-04",0.001,0.1,0.0001,276182,33.655,35.447,1.792,43,0.65,20,0.8,1.0083,1.0007
"U(0.001,0.1), eps=1e-04",0.001,0.1,0.0001,333145,37.043,39.312,2.27,63,0.5,20,0.95,1.0059,0.9999
"U(0.001,0.1), eps=1e-04",0.001,0.1,0.0001,401857,41.32,44.083,2.763,63,0.65,20,0.95,1.0074,1.0
"U(0.001,0.1), eps=1e-04",0.001,0.1,0.0001,484741,45.935,48.788,2.853,63,0.5,20,0.95,1.0038,1.0
"U(0.001,0.1), eps=1e-04",0.001,0.1,0.0001,584721,50.7,53.788,3.087,63,0.5,20,0.9,1.0024,1.0
"U(0.001,0.1), eps=1e-04",0.001,0.1,0.0001,705321,55.02,58.162,3.142,93,0.5,29,0.95,1.0031,1.0
"U(0.001,0.1), eps=1e-04",0.001,0.1,0.0001,850795,60.025,63.082,3.058,93,0.5,29,0.95,1.0024,1.0
"U(0.001,0.1), eps=1e-04",0.001,0.1,0.0001,1026274,64.905,67.888,2.983,93,0.5,43,0.9,1.0013,1.0
"U(0.001,0.1), eps=1e-04",0.001,0.1,0.0001,1237946,69.255,71.433,2.178,93,0.5,93,0.5,1.0003,1.0003
"U(0.001,0.1), eps=1e-04",0.001,0.1,0.0001,1493275,73.708,76.945,3.237,93,0.5,93,0.5,1.0,1.0
"U(0.001,0.1), eps=1e-04",0.001,0.1,0.0001,1801267,77.77,81.608,3.838,201,0.5,93,0.5,1.0014,1.0
"U(0.001,0.1), eps=1e-04",0.001,0.1,0.0001,2172783,81.905,84.945,3.04,201,0.5,63,0.95,1.0008,1.0
"U(0.001,0.1), eps=1e-04",0.001,0.1,0.0001,2620925,85.34,88.312,2.972,295,0.5,63,0.9,1.0013,1.0
"U(0.001,0.1), eps=1e-04",0.001,0.1,0.0001,3161498,88.797,91.172,2.376,295,0.5,63,0.5,1.0005,1.0
"U(0.001,0.1), eps=1e-04",0.001,0.1,0.0001,3813565,91.443,93.695,2.252,295,0.5,63,0.5,1.0001,1.0
"U(0.001,0.1), eps=1e-04",0.001,0.1,0.0001,4600122,93.212,95.75,2.538,201,0.5,201,0.9,1.0,1.0
"U(0.001,0.1), eps=1e-04",0.001,0.1,0.0001,5548909,95.315,97.178,1.862,201,0.5,201,0.8,1.0,1.0
"U(0.001,0.1), eps=1e-04",0.001,0.1,0.0001,6693386,97.16,98.242,1.082,295,0.5,201,0.65,1.0,1.0
"U(0.001,0.1), eps=1e-04",0.001,0.1,0.0001,8073914,98.233,98.998,0.764,201,0.5,201,0.8,1.0,1.0
"U(0.001,0.1), eps=1e-04",0.001,0.1,0.0001,9739179,98.975,99.5,0.525,201,0.5,295,0.65,1.0,1.0
"U(0.001,0.1), eps=1e-06",0.001,0.1,1e-06,896533333,30.843,30.643,-0.2,13828,0.65,13828,0.9,1.0,1.0
"U(0.001,0.1), eps=1e-06",0.001,0.1,1e-06,1081445601,33.345,33.413,0.068,13828,0.9,13828,0.9,1.0,1.0
"U(0.001,0.1), eps=1e-06",0.001,0.1,1e-06,1304496493,36.373,36.19,-0.183,13828,0.65,13828,0.9,1.0,1.0
"U(0.001,0.1), eps=1e-06",0.001,0.1,1e-06,1573552196,39.308,39.263,-0.045,20314,0.9,29844,0.95,1.0,1.0
"U(0.001,0.1), eps=1e-06",0.001,0.1,1e-06,1898101319,42.573,42.555,-0.018,29844,0.8,29844,0.95,1.0,1.0
"U(0.001,0.1), eps=1e-06",0.001,0.1,1e-06,2289589519,45.743,45.983,0.239,13828,0.9,13828,0.9,1.0,1.0
"U(0.001,0.1), eps=1e-06",0.001,0.1,1e-06,2761823151,49.295,49.608,0.312,13828,0.9,13828,0.9,1.0,1.0
"U(0.001,0.1), eps=1e-06",0.001,0.1,1e-06,3331456165,52.89,53.197,0.307,13828,0.9,13828,0.9,1.0,1.0
"U(0.001,0.1), eps=1e-06",0.001,0.1,1e-06,4018577429,56.585,56.975,0.39,13828,0.9,13828,0.9,1.0,1.0
"U(0.001,0.1), eps=1e-06",0.001,0.1,1e-06,4847419193,60.05,60.398,0.347,29844,0.95,29844,0.95,1.0,1.0
"U(0.001,0.1), eps=1e-06",0.001,0.1,1e-06,5847211667,63.77,64.177,0.407,29844,0.95,29844,0.95,1.0,1.0
"U(0.001,0.1), eps=1e-06",0.001,0.1,1e-06,7053213870,67.845,68.225,0.38,20314,0.9,20314,0.9,1.0,1.0
"U(0.001,0.1), eps=1e-06",0.001,0.1,1e-06,8507957079,71.65,72.055,0.405,20314,0.9,20314,0.9,1.0,1.0
"U(0.001,0.1), eps=1e-06",0.001,0.1,1e-06,10262744755,75.46,75.843,0.382,43843,0.95,43843,0.95,1.0,1.0
"U(0.001,0.1), eps=1e-06",0.001,0.1,1e-06,12379461831,79.007,79.335,0.328,29844,0.9,29844,0.9,1.0,1.0
"U(0.001,0.1), eps=1e-06",0.001,0.1,1e-06,14932757159,82.498,82.828,0.329,29844,0.9,29844,0.9,1.0,1.0
"U(0.001,0.1), eps=1e-06",0.001,0.1,1e-06,18012676110,86.09,86.133,0.043,204210,0.5,204210,0.5,1.0,1.0
"U(0.001,0.1), eps=1e-06",0.001,0.1,1e-06,21727836139,88.872,89.0,0.128,204210,0.9,204210,0.9,1.0,1.0
"U(0.001,0.1), eps=1e-06",0.001,0.1,1e-06,26209257324,91.592,91.695,0.103,204210,0.9,204210,0.9,1.0,1.0
"U(0.001,0.1), eps=1e-06",0.001,0.1,1e-06,31614982969,93.812,93.905,0.093,204210,0.9,204210,0.9,1.0,1.0
"U(0.001,0.1), eps=1e-06",0.001,0.1,1e-06,38135653207,95.647,95.683,0.035,204210,0.5,204210,0.9,1.0,1.0
"U(0.001,0.1), eps=1e-06",0.001,0.1,1e-06,46001228182,96.975,97.022,0.047,204210,0.9,204210,0.9,1.0,1.0
"U(0.001,0.1), eps=1e-06",0.001,0.1,1e-06,55489097899,98.133,97.97,-0.163,204210,0.9,2020,0.9,1.0,1.0
"U(0.001,0.1), eps=1e-06",0.001,0.1,1e-06,66933864754,98.887,98.79,-0.097,204210,0.9,2020,0.9,1.0,1.0
"U(0.0001,0.1), eps=1e-04",0.0001,0.1,0.0001,333145,8.155,7.928,-0.227,20,0.5,20,0.65,1.0226,1.0235
"U(0.0001,0.1), eps=1e-04",0.0001,0.1,0.0001,401857,19.698,19.28,-0.418,20,0.65,20,0.5,1.0685,1.0706
"U(0.0001,0.1), eps=1e-04",0.0001,0.1,0.0001,484741,27.12,26.835,-0.285,20,0.65,20,0.5,1.0353,1.0362
"U(0.0001,0.1), eps=1e-04",0.0001,0.1,0.0001,584721,33.675,33.348,-0.327,20,0.65,20,0.5,1.0078,1.0076
"U(0.0001,0.1), eps=1e-04",0.0001,0.1,0.0001,705321,39.72,39.403,-0.317,20,0.65,20,0.5,1.0244,1.0242
"U(0.0001,0.1), eps=1e-04",0.0001,0.1,0.0001,850795,45.267,45.002,-0.265,20,0.65,20,0.5,1.0148,1.015
"U(0.0001,0.1), eps=1e-04",0.0001,0.1,0.0001,1026274,50.46,50.195,-0.265,20,0.5,20,0.9,1.0157,1.0177
"U(0.0001,0.1), eps=1e-04",0.0001,0.1,0.0001,1237946,55.665,55.398,-0.267,20,0.65,20,0.65,1.0082,1.0088
"U(0.0001,0.1), eps=1e-04",0.0001,0.1,0.0001,1493275,60.347,60.22,-0.127,20,0.65,29,0.8,1.0091,1.0137
"U(0.0001,0.1), eps=1e-04",0.0001,0.1,0.0001,1801267,65.325,65.33,0.005,29,0.5,29,0.95,1.0069,1.0071
"U(0.0001,0.1), eps=1e-04",0.0001,0.1,0.0001,2172783,69.995,69.998,0.003,43,0.5,29,0.95,1.0094,1.0078
"U(0.0001,0.1), eps=1e-04",0.0001,0.1,0.0001,2620925,74.875,75.713,0.838,43,0.5,20,0.5,1.0072,1.0036
"U(0.0001,0.1), eps=1e-04",0.0001,0.1,0.0001,3161498,78.94,82.392,3.453,43,0.5,20,0.5,1.0069,1.0018
"U(0.0001,0.1), eps=1e-04",0.0001,0.1,0.0001,3813565,82.54,88.977,6.437,63,0.5,20,0.5,1.0045,1.0002
"U(0.0001,0.1), eps=1e-04",0.0001,0.1,0.0001,4600122,85.365,93.195,7.83,93,0.5,20,0.5,1.0078,1.0
"U(0.0001,0.1), eps=1e-04",0.0001,0.1,0.0001,5548909,88.348,95.535,7.187,93,0.5,20,0.9,1.0049,1.0
"U(0.0001,0.1), eps=1e-04",0.0001,0.1,0.0001,6693386,90.773,96.983,6.209,136,0.5,29,0.65,1.0065,1.0
"U(0.0001,0.1), eps=1e-04",0.0001,0.1,0.0001,8073914,92.58,98.433,5.853,136,0.5,29,0.5,1.0038,1.0
"U(0.0001,0.1), eps=1e-04",0.0001,0.1,0.0001,9739179,93.645,99.185,5.54,136,0.5,29,0.8,1.0048,1.0
"U(0.0001,0.1), eps=1e-04",0.0001,0.1,0.0001,11747910,95.16,99.612,4.453,295,0.5,29,0.5,1.0044,1.0
"U(0.0001,0.1), eps=1e-04",0.0001,0.1,0.0001,14170946,96.093,99.805,3.712,295,0.5,29,0.5,1.0039,1.0
"U(0.0001,0.1), eps=1e-04",0.0001,0.1,0.0001,17093739,98.203,99.918,1.715,63,0.5,29,0.5,1.0,1.0
"U(0.0001,0.1), eps=1e-06",0.0001,0.1,1e-06,896533333,29.663,30.062,0.399,2968,0.5,2968,0.5,1.0,1.0
"U(0.0001,0.1), eps=1e-06",0.0001,0.1,1e-06,1081445601,32.44,32.438,-0.003,6407,0.65,1375,0.65,1.0001,1.0
"U(0.0001,0.1), eps=1e-06",0.0001,0.1,1e-06,1304496493,35.452,35.28,-0.172,6407,0.5,1375,0.65,1.0,1.0
"U(0.0001,0.1), eps=1e-06",0.0001,0.1,1e-06,1573552196,38.54,39.032,0.492,6407,0.5,4361,0.9,1.0,1.0
"U(0.0001,0.1), eps=1e-06",0.0001,0.1,1e-06,1898101319,41.79,42.292,0.502,6407,0.5,4361,0.9,1.0,1.0
"U(0.0001,0.1), eps=1e-06",0.0001,0.1,1e-06,2289589519,45.125,45.71,0.585,6407,0.65,4361,0.9,1.0,1.0
"U(0.0001,0.1), eps=1e-06",0.0001,0.1,1e-06,2761823151,48.257,48.355,0.098,13828,0.65,1375,0.95,1.0,1.0
"U(0.0001,0.1), eps=1e-06",0.0001,0.1,1e-06,3331456165,52.133,52.59,0.457,13828,0.65,13828,0.65,1.0,1.0
"U(0.0001,0.1), eps=1e-06",0.0001,0.1,1e-06,4018577429,56.245,56.545,0.3,6407,0.5,13828,0.65,1.0,1.0
"U(0.0001,0.1), eps=1e-06",0.0001,0.1,1e-06,4847419193,60.135,60.482,0.347,13828,0.65,13828,0.9,1.0,1.0
"U(0.0001,0.1), eps=1e-06",0.0001,0.1,1e-06,5847211667,63.828,64.278,0.45,6407,0.5,13828,0.9,1.0,1.0
"U(0.0001,0.1), eps=1e-06",0.0001,0.1,1e-06,7053213870,67.805,68.163,0.358,13828,0.65,13828,0.65,1.0,1.0
"U(0.0001,0.1), eps=1e-06",0.0001,0.1,1e-06,8507957079,71.69,71.385,-0.305,6407,0.5,1375,0.65,1.0,1.0
"U(0.0001,0.1), eps=1e-06",0.0001,0.1,1e-06,10262744755,75.465,75.215,-0.25,9413,0.5,1375,0.65,1.0,1.0
"U(0.0001,0.1), eps=1e-06",0.0001,0.1,1e-06,12379461831,79.317,78.885,-0.432,9413,0.5,1375,0.65,1.0,1.0
"U(0.0001,0.1), eps=1e-06",0.0001,0.1,1e-06,14932757159,82.522,82.862,0.341,9413,0.5,2020,0.65,1.0,1.0
"U(0.0001,0.1), eps=1e-06",0.0001,0.1,1e-06,18012676110,85.94,85.877,-0.063,20314,0.65,2968,0.65,1.0,1.0
"U(0.0001,0.1), eps=1e-06",0.0001,0.1,1e-06,21727836139,88.777,89.075,0.298,2968,0.5,2968,0.5,1.0,1.0
"U(0.0001,0.1), eps=1e-06",0.0001,0.1,1e-06,26209257324,91.397,91.657,0.261,2968,0.5,2968,0.5,1.0,1.0
"U(0.0001,0.1), eps=1e-06",0.0001,0.1,1e-06,31614982969,93.69,93.883,0.193,4361,0.5,4361,0.9,1.0,1.0
"U(0.0001,0.1), eps=1e-06",0.0001,0.1,1e-06,38135653207,95.505,95.627,0.123,4361,0.5,4361,0.9,1.0,1.0
"U(0.0001,0.1), eps=1e-06",0.0001,0.1,1e-06,46001228182,96.932,97.072,0.14,2968,0.5,2968,0.5,1.0,1.0
"U(0.0001,0.1), eps=1e-06",0.0001,0.1,1e-06,55489097899,97.972,98.167,0.195,4361,0.5,4361,0.9,1.0,1.0
"U(0.0001,0.1), eps=1e-06",0.0001,0.1,1e-06,66933864754,98.903,98.75,-0.153,94621,0.5,1375,0.95,1.0,1.0
"U(0.0001,0.01), eps=1e-04",0.0001,0.01,0.0001,8565,1.498,1.498,-0.0,20,0.5,20,0.5,18.8885,18.8885
"U(0.0001,0.01), eps=1e-04",0.0001,0.01,0.0001,10332,1.498,1.498,-0.0,20,0.5,20,0.5,15.6581,15.6581
"U(0.0001,0.01), eps=1e-04",0.0001,0.01,0.0001,12463,1.498,1.498,-0.0,20,0.5,20,0.5,12.9808,12.9808
"U(0.0001,0.01), eps=1e-04",0.0001,0.01,0.0001,15033,1.498,1.498,-0.0,20,0.5,20,0.5,10.7617,10.7617
"U(0.0001,0.01), eps=1e-04",0.0001,0.01,0.0001,18134,1.498,1.498,-0.0,20,0.5,20,0.5,8.9214,8.9214
"U(0.0001,0.01), eps=1e-04",0.0001,0.01,0.0001,21875,1.498,1.498,-0.0,20,0.5,20,0.5,7.3957,7.3957
"U(0.0001,0.01), eps=1e-04",0.0001,0.01,0.0001,26386,1.498,1.498,-0.0,20,0.5,20,0.5,6.1313,6.1313
"U(0.0001,0.01), eps=1e-04",0.0001,0.01,0.0001,31829,1.498,1.498,-0.0,20,0.5,20,0.5,5.0828,5.0828
"U(0.0001,0.01), eps=1e-04",0.0001,0.01,0.0001,38394,1.498,1.498,-0.0,20,0.5,20,0.5,4.2137,4.2137
"U(0.0001,0.01), eps=1e-04",0.0001,0.01,0.0001,46312,1.498,1.498,-0.0,20,0.5,20,0.5,3.4933,3.4933
"U(0.0001,0.01), eps=1e-04",0.0001,0.01,0.0001,55865,1.498,1.498,-0.0,20,0.5,20,0.5,2.8959,2.8959
"U(0.0001,0.01), eps=1e-04",0.0001,0.01,0.0001,67387,1.498,1.498,-0.0,20,0.5,20,0.5,2.4008,2.4008
"U(0.0001,0.01), eps=1e-04",0.0001,0.01,0.0001,81286,1.498,1.498,-0.0,20,0.5,20,0.5,1.9903,1.9903
"U(0.0001,0.01), eps=1e-04",0.0001,0.01,0.0001,98051,1.498,1.498,-0.0,20,0.5,20,0.5,1.65,1.65
"U(0.0001,0.01), eps=1e-04",0.0001,0.01,0.0001,118275,1.498,1.498,-0.0,20,0.5,20,0.5,1.3678,1.3678
"U(0.0001,0.01), eps=1e-04",0.0001,0.01,0.0001,142669,1.498,1.498,-0.0,20,0.5,20,0.5,1.134,1.134
"U(0.0001,0.01), eps=1e-04",0.0001,0.01,0.0001,172095,1.487,1.487,0.0,29,0.5,29,0.5,1.3631,1.3631
"U(0.0001,0.01), eps=1e-04",0.0001,0.01,0.0001,207590,1.487,1.487,0.0,29,0.5,29,0.5,1.13,1.13
"U(0.0001,0.01), eps=1e-04",0.0001,0.01,0.0001,250406,1.493,1.493,-0.0,43,0.5,43,0.5,1.3891,1.3891
"U(0.0001,0.01), eps=1e-04",0.0001,0.01,0.0001,302053,3.703,3.703,-0.0,20,0.5,20,0.5,1.052,1.0525
"U(0.0001,0.01), eps=1e-04",0.0001,0.01,0.0001,364353,17.033,17.242,0.209,20,0.65,20,0.65,1.0143,1.0146
"U(0.0001,0.01), eps=1e-04",0.0001,0.01,0.0001,439502,50.448,50.41,-0.038,20,0.5,20,0.5,1.0495,1.0501
"U(0.0001,0.01), eps=1e-04",0.0001,0.01,0.0001,530150,68.042,68.165,0.123,20,0.5,20,0.5,1.0203,1.0207
"U(0.0001,0.01), eps=1e-04",0.0001,0.01,0.0001,639495,77.592,77.93,0.338,20,0.65,20,0.5,1.0178,1.0185
"U(0.0001,0.01), eps=1e-04",0.0001,0.01,0.0001,771393,83.115,83.365,0.25,20,0.5,20,0.5,1.0102,1.0105
"U(0.0001,0.01), eps=1e-04",0.0001,0.01,0.0001,930494,86.167,86.56,0.393,20,0.5,20,0.5,1.0105,1.0111
"U(0.0001,0.01), eps=1e-04",0.0001,0.01,0.0001,1122411,88.805,89.093,0.287,29,0.5,29,0.5,1.0182,1.0186
"U(0.0001,0.01), eps=1e-04",0.0001,0.01,0.0001,1353912,90.49,90.755,0.265,29,0.5,43,0.5,1.0078,1.0138
"U(0.0001,0.01), eps=1e-04",0.0001,0.01,0.0001,1633159,92.243,92.67,0.427,43,0.5,43,0.5,1.0071,1.0078
"U(0.0001,0.01), eps=1e-04",0.0001,0.01,0.0001,1970003,93.63,94.078,0.448,63,0.5,63,0.5,1.0117,1.0118
"U(0.0001,0.01), eps=1e-04",0.0001,0.01,0.0001,2376321,94.483,94.82,0.337,63,0.5,63,0.5,1.0066,1.0066
"U(0.0001,0.01), eps=1e-04",0.0001,0.01,0.0001,2866443,95.465,95.773,0.308,93,0.5,93,0.5,1.0098,1.0103
"U(0.0001,0.01), eps=1e-04",0.0001,0.01,0.0001,3457654,95.837,97.942,2.105,93,0.5,20,0.5,1.006,1.0002
"U(0.0001,0.01), eps=1e-04",0.0001,0.01,0.0001,4170804,96.63,99.983,3.352,136,0.5,20,0.5,1.0079,1.0
"U(0.0001,0.01), eps=1e-06",0.0001,0.01,1e-06,85656050,26.153,26.655,0.502,201,0.5,201,0.5,1.0,1.0
"U(0.0001,0.01), eps=1e-06",0.0001,0.01,1e-06,103322828,28.7,29.282,0.582,201,0.5,201,0.5,1.0,1.0
"U(0.0001,0.01), eps=1e-06",0.0001,0.01,1e-06,124633422,32.5,32.405,-0.095,637,0.5,637,0.5,1.0,1.0
"U(0.0001,0.01), eps=1e-06",0.0001,0.01,1e-06,150339381,35.773,35.815,0.042,637,0.5,637,0.5,1.0,1.0
"U(0.0001,0.01), eps=1e-06",0.0001,0.01,1e-06,181347259,38.938,39.14,0.202,637,0.5,637,0.5,1.0,1.0
"U(0.0001,0.01), eps=1e-06",0.0001,0.01,1e-06,218750591,42.352,42.42,0.068,637,0.65,637,0.8,1.0,1.0
"U(0.0001,0.01), eps=1e-06",0.0001,0.01,1e-06,263868453,45.992,46.215,0.223,637,0.5,637,0.5,1.0,1.0
"U(0.0001,0.01), eps=1e-06",0.0001,0.01,1e-06,318291990,49.722,50.135,0.413,637,0.5,637,0.5,1.0,1.0
"U(0.0001,0.01), eps=1e-06",0.0001,0.01,1e-06,383940518,53.492,53.925,0.433,637,0.5,637,0.65,1.0,1.0
"U(0.0001,0.01), eps=1e-06",0.0001,0.01,1e-06,463129222,57.273,57.788,0.515,637,0.5,637,0.5,1.0,1.0
"U(0.0001,0.01), eps=1e-06",0.0001,0.01,1e-06,558650796,61.157,61.53,0.373,2020,0.65,2020,0.9,1.0,1.0
"U(0.0001,0.01), eps=1e-06",0.0001,0.01,1e-06,673873936,65.202,65.888,0.686,2020,0.65,2020,0.9,1.0,1.0
"U(0.0001,0.01), eps=1e-06",0.0001,0.01,1e-06,812862141,68.507,69.965,1.458,2020,0.9,936,0.9,1.0,1.0
"U(0.0001,0.01), eps=1e-06",0.0001,0.01,1e-06,980517014,73.09,74.093,1.002,2020,0.65,936,0.9,1.0,1.0
"U(0.0001,0.01), eps=1e-06",0.0001,0.01,1e-06,1182751130,77.05,77.688,0.638,2020,0.5,2020,0.9,1.0,1.0
"U(0.0001,0.01), eps=1e-06",0.0001,0.01,1e-06,1426696543,80.678,81.685,1.007,2020,0.5,936,0.65,1.0,1.0
"U(0.0001,0.01), eps=1e-06",0.0001,0.01,1e-06,1720956316,83.867,84.892,1.025,936,0.65,936,0.65,1.0,1.0
"U(0.0001,0.01), eps=1e-06",0.0001,0.01,1e-06,2075907911,87.597,87.858,0.26,2968,0.5,936,0.8,1.0,1.0
"U(0.0001,0.01), eps=1e-06",0.0001,0.01,1e-06,2504069171,90.058,90.665,0.607,2020,0.5,936,0.8,1.0,1.0
"U(0.0001,0.01), eps=1e-06",0.0001,0.01,1e-06,3020539774,92.875,93.065,0.19,2968,0.5,936,0.65,1.0,1.0
"U(0.0001,0.01), eps=1e-06",0.0001,0.01,1e-06,3643533745,94.665,95.057,0.392,2020,0.5,2020,0.8,1.0,1.0
"U(0.0001,0.01), eps=1e-06",0.0001,0.01,1e-06,4395021800,96.293,96.625,0.332,2020,0.5,2020,0.8,1.0,1.0
"U(0.0001,0.01), eps=1e-06",0.0001,0.01,1e-06,5301506168,97.698,97.757,0.059,2020,0.5,637,0.5,1.0,1.0
"U(0.0001,0.01), eps=1e-06",0.0001,0.01,1e-06,6394955231,98.38,98.627,0.248,637,0.5,637,0.5,1.0,1.0
"U(0.005,0.05), eps=1e-04",0.005,0.05,0.0001,43380,18.48,18.43,-0.05,20,0.5,20,0.5,0.9999,0.9999
"U(0.005,0.05), eps=1e-04",0.005,0.05,0.0001,52328,21.3,21.28,-0.02,20,0.65,20,0.5,0.9993,0.9994
"U(0.005,0.05), eps=1e-04",0.005,0.05,0.0001,63120,24.477,24.16,-0.317,20,0.65,20,0.5,0.9995,0.9995
"U(0.005,0.05), eps=1e-04",0.005,0.05,0.0001,76139,27.595,27.175,-0.42,20,0.65,20,0.5,0.9996,0.9996
"U(0.005,0.05), eps=1e-04",0.005,0.05,0.0001,91843,30.17,29.5,-0.67,20,0.8,20,0.95,0.9997,0.9997
"U(0.005,0.05), eps=1e-04",0.005,0.05,0.0001,110786,33.87,32.903,-0.967,20,0.8,20,0.8,0.9997,0.9997
"U(0.005,0.05), eps=1e-04",0.005,0.05,0.0001,133636,37.49,36.49,-1.0,20,0.8,20,0.8,0.9998,0.9998
"U(0.005,0.05), eps=1e-04",0.005,0.05,0.0001,161199,40.797,40.09,-0.707,29,0.8,29,0.8,0.9998,0.9998
"U(0.005,0.05), eps=1e-04",0.005,0.05,0.0001,194447,45.165,43.49,-1.675,20,0.8,43,0.95,0.9998,0.9998
"U(0.005,0.05), eps=1e-04",0.005,0.05,0.0001,234552,49.052,48.23,-0.822,20,0.8,43,0.95,0.9998,0.9999
"U(0.005,0.05), eps=1e-04",0.005,0.05,0.0001,282929,53.04,52.863,-0.177,20,0.8,43,0.95,0.9999,0.9999
"U(0.005,0.05), eps=1e-04",0.005,0.05,0.0001,341284,57.547,57.38,-0.167,63,0.8,43,0.95,0.9999,0.9999
"U(0.005,0.05), eps=1e-04",0.005,0.05,0.0001,411675,62.2,62.015,-0.185,63,0.8,43,0.95,0.9999,0.9999
"U(0.005,0.05), eps=1e-04",0.005,0.05,0.0001,496584,66.912,65.895,-1.017,63,0.8,93,0.8,0.9999,0.9999
"U(0.005,0.05), eps=1e-04",0.005,0.05,0.0001,599006,71.37,70.892,-0.478,93,0.5,93,0.8,0.9999,0.9999
"U(0.005,0.05), eps=1e-04",0.005,0.05,0.0001,722552,75.933,75.688,-0.245,93,0.5,93,0.5,1.0,1.0
"U(0.005,0.05), eps=1e-04",0.005,0.05,0.0001,871581,79.963,79.873,-0.09,93,0.5,93,0.5,1.0,1.0
"U(0.005,0.05), eps=1e-04",0.005,0.05,0.0001,1051346,83.865,83.91,0.045,93,0.5,93,0.5,1.0,1.0
"U(0.005,0.05), eps=1e-04",0.005,0.05,0.0001,1268189,87.287,87.45,0.163,93,0.5,93,0.5,1.0,1.0
"U(0.005,0.05), eps=1e-04",0.005,0.05,0.0001,1529757,90.345,90.52,0.175,93,0.5,93,0.5,1.0,1.0
"U(0.005,0.05), eps=1e-04",0.005,0.05,0.0001,1845273,92.917,92.98,0.063,93,0.5,63,0.5,1.0,1.0
"U(0.005,0.05), eps=1e-04",0.005,0.05,0.0001,2225865,94.965,95.4,0.435,295,0.65,93,0.5,1.0,1.0
"U(0.005,0.05), eps=1e-04",0.005,0.05,0.0001,2684956,96.39,96.788,0.398,93,0.5,93,0.5,1.0,1.0
"U(0.005,0.05), eps=1e-04",0.005,0.05,0.0001,3238735,97.657,98.037,0.38,93,0.5,93,0.95,1.0,1.0
"U(0.005,0.05), eps=1e-04",0.005,0.05,0.0001,3906732,98.545,98.887,0.342,936,0.5,93,0.95,1.0,1.0
"U(0.005,0.05), eps=1e-06",0.005,0.05,1e-06,433806451,26.81,26.748,-0.062,1375,0.95,1375,0.95,1.0,1.0
"U(0.005,0.05), eps=1e-06",0.005,0.05,1e-06,523280129,29.263,29.155,-0.108,1375,0.95,1375,0.95,1.0,1.0
"U(0.005,0.05), eps=1e-06",0.005,0.05,1e-06,631207980,31.92,31.83,-0.09,1375,0.95,1375,0.95,1.0,1.0
"U(0.005,0.05), eps=1e-06",0.005,0.05,1e-06,761396224,34.79,34.678,-0.112,1375,0.95,1375,0.95,1.0,1.0
"U(0.005,0.05), eps=1e-06",0.005,0.05,1e-06,918436122,37.85,37.735,-0.115,1375,0.95,1375,0.95,1.0,1.0
"U(0.005,0.05), eps=1e-06",0.005,0.05,1e-06,1107865896,41.075,41.062,-0.013,1375,0.95,1375,0.95,1.0,1.0
"U(0.005,0.05), eps=1e-06",0.005,0.05,1e-06,1336366041,44.593,44.47,-0.123,2020,0.95,1375,0.95,1.0,1.0
"U(0.005,0.05), eps=1e-06",0.005,0.05,1e-06,1611994918,48.287,48.197,-0.09,2020,0.95,2020,0.95,1.0,1.0
"U(0.005,0.05), eps=1e-06",0.005,0.05,1e-06,1944472949,51.933,52.038,0.105,2020,0.95,1375,0.95,1.0,1.0
"U(0.005,0.05), eps=1e-06",0.005,0.05,1e-06,2345525415,55.868,56.01,0.142,2020,0.95,1375,0.95,1.0,1.0
"U(0.005,0.05), eps=1e-06",0.005,0.05,1e-06,2829295968,60.035,60.193,0.157,1375,0.95,1375,0.95,1.0,1.0
"U(0.005,0.05), eps=1e-06",0.005,0.05,1e-06,3412845421,64.087,64.32,0.233,1375,0.95,1375,0.95,1.0,1.0
"U(0.005,0.05), eps=1e-06",0.005,0.05,1e-06,4116753425,68.653,68.623,-0.03,204210,0.5,204210,0.5,1.0,1.0
"U(0.005,0.05), eps=1e-06",0.005,0.05,1e-06,4965844236,72.775,72.8,0.025,204210,0.5,204210,0.5,1.0,1.0
"U(0.005,0.05), eps=1e-06",0.005,0.05,1e-06,5990062176,77.272,77.267,-0.004,20314,0.5,20314,0.5,1.0,1.0
"U(0.005,0.05), eps=1e-06",0.005,0.05,1e-06,7225527657,80.837,80.535,-0.302,29844,0.5,139006,0.5,1.0,1.0
"U(0.005,0.05), eps=1e-06",0.005,0.05,1e-06,8715811021,84.518,84.54,0.022,20314,0.5,20314,0.5,1.0,1.0
"U(0.005,0.05), eps=1e-06",0.005,0.05,1e-06,10513469099,87.692,87.69,-0.002,20314,0.5,20314,0.5,1.0,1.0
"U(0.005,0.05), eps=1e-06",0.005,0.05,1e-06,12681898705,90.555,90.547,-0.007,13828,0.5,13828,0.5,1.0,1.0
"U(0.005,0.05), eps=1e-06",0.005,0.05,1e-06,15297572404,92.837,92.862,0.025,20314,0.5,20314,0.5,1.0,1.0
"U(0.005,0.05), eps=1e-06",0.005,0.05,1e-06,18452735422,95.098,94.688,-0.41,94621,0.95,2020,0.65,1.0,1.0
"U(0.005,0.05), eps=1e-06",0.005,0.05,1e-06,22258658797,96.53,96.55,0.02,20314,0.5,20314,0.5,1.0,1.0
"U(0.005,0.05), eps=1e-06",0.005,0.05,1e-06,26849563499,97.818,97.695,-0.123,29844,0.5,4361,0.9,1.0,1.0
"U(0.005,0.05), eps=1e-06",0.005,0.05,1e-06,32387353913,98.542,98.627,0.085,1375,0.5,1375,0.65,1.0,1.0
"U(0.0001,0.001), eps=1e-04",0.0001,0.001,0.0001,36435,14.72,14.72,0.0,20,0.5,20,0.5,5.6034,5.6034
"U(0.0001,0.001), eps=1e-04",0.0001,0.001,0.0001,43950,14.72,14.72,0.0,20,0.5,20,0.5,4.6453,4.6453
"U(0.0001,0.001), eps=1e-04",0.0001,0.001,0.0001,53015,14.72,14.72,0.0,20,0.5,20,0.5,3.851,3.851
"U(0.0001,0.001), eps=1e-04",0.0001,0.001,0.0001,63949,14.708,14.708,-0.0,36,0.5,36,0.5,5.7466,5.7466
"U(0.0001,0.001), eps=1e-04",0.0001,0.001,0.0001,77139,14.708,14.708,-0.0,36,0.5,36,0.5,4.764,4.764
"U(0.0001,0.001), eps=1e-04",0.0001,0.001,0.0001,93049,14.713,14.713,-0.001,50,0.5,50,0.5,5.4853,5.4853
"U(0.0001,0.001), eps=1e-04",0.0001,0.001,0.0001,112241,14.713,14.713,-0.001,50,0.5,50,0.5,4.5474,4.5474
"U(0.0001,0.001), eps=1e-04",0.0001,0.001,0.0001,135391,14.713,14.713,-0.001,50,0.5,50,0.5,3.7698,3.7698
"U(0.0001,0.001), eps=1e-04",0.0001,0.001,0.0001,163315,14.713,14.713,-0.001,50,0.5,50,0.5,3.1252,3.1252
"U(0.0001,0.001), eps=1e-04",0.0001,0.001,0.0001,197000,14.713,14.713,-0.001,50,0.5,50,0.5,2.5909,2.5909
"U(0.0001,0.001), eps=1e-04",0.0001,0.001,0.0001,237632,26.48,26.48,0.0,20,0.5,20,0.5,1.3317,1.333
"U(0.0001,0.001), eps=1e-04",0.0001,0.001,0.0001,286644,26.48,26.48,0.0,20,0.5,20,0.5,1.104,1.105
"U(0.0001,0.001), eps=1e-04",0.0001,0.001,0.0001,345765,40.768,40.767,-0.001,20,0.5,20,0.5,1.1107,1.1125
"U(0.0001,0.001), eps=1e-04",0.0001,0.001,0.0001,417080,53.88,53.88,0.0,20,0.5,20,0.5,1.0308,1.0311
"U(0.0001,0.001), eps=1e-04",0.0001,0.001,0.0001,503104,82.64,82.64,0.0,20,0.5,20,0.5,1.0781,1.0793
"U(0.0001,0.001), eps=1e-04",0.0001,0.001,0.0001,606870,88.128,88.127,-0.001,20,0.5,20,0.5,1.0535,1.0543
"U(0.0001,0.001), eps=1e-04",0.0001,0.001,0.0001,732039,88.875,88.775,-0.1,20,0.5,20,0.5,1.0399,1.0409
"U(0.0001,0.001), eps=1e-04",0.0001,0.001,0.0001,883024,95.035,94.89,-0.145,20,0.5,20,0.5,1.0258,1.0263
"U(0.0001,0.001), eps=1e-04",0.0001,0.001,0.0001,1065150,98.493,98.515,0.022,20,0.5,20,0.5,1.0138,1.0141
"U(0.0001,0.001), eps=1e-06",0.0001,0.001,1e-06,8565605,21.757,21.477,-0.28,20,0.5,20,0.5,0.9998,0.9998
"U(0.0001,0.001), eps=1e-06",0.0001,0.001,1e-06,10332282,23.975,23.207,-0.767,20,0.5,20,0.8,0.9999,0.9999
"U(0.0001,0.001), eps=1e-06",0.0001,0.001,1e-06,12463342,26.843,25.58,-1.263,29,0.65,43,0.5,0.9999,0.9999
"U(0.0001,0.001), eps=1e-06",0.0001,0.001,1e-06,15033938,29.665,28.782,-0.883,29,0.65,43,0.5,0.9999,0.9999
"U(0.0001,0.001), eps=1e-06",0.0001,0.001,1e-06,18134725,32.608,31.852,-0.755,29,0.65,43,0.5,0.9999,0.9999
"U(0.0001,0.001), eps=1e-06",0.0001,0.001,1e-06,21875059,35.735,35.148,-0.587,43,0.8,43,0.8,0.9999,0.9999
"U(0.0001,0.001), eps=1e-06",0.0001,0.001,1e-06,26386845,39.327,38.46,-0.867,29,0.65,63,0.5,0.9999,0.9999
"U(0.0001,0.001), eps=1e-06",0.0001,0.001,1e-06,31829199,43.102,42.04,-1.062,29,0.65,63,0.65,1.0,1.0
"U(0.0001,0.001), eps=1e-06",0.0001,0.001,1e-06,38394051,46.953,46.28,-0.673,63,0.8,63,0.5,1.0,1.0
"U(0.0001,0.001), eps=1e-06",0.0001,0.001,1e-06,46312922,51.058,50.515,-0.543,63,0.8,63,0.5,1.0,1.0
"U(0.0001,0.001), eps=1e-06",0.0001,0.001,1e-06,55865079,55.322,54.28,-1.042,63,0.65,43,0.8,1.0,1.0
"U(0.0001,0.001), eps=1e-06",0.0001,0.001,1e-06,67387393,59.035,58.398,-0.638,136,0.8,136,0.95,1.0,1.0
"U(0.0001,0.001), eps=1e-06",0.0001,0.001,1e-06,81286214,63.977,63.482,-0.495,136,0.8,136,0.8,1.0,1.0
"U(0.0001,0.001), eps=1e-06",0.0001,0.001,1e-06,98051701,68.305,68.062,-0.243,136,0.8,136,0.8,1.0,1.0
"U(0.0001,0.001), eps=1e-06",0.0001,0.001,1e-06,118275113,72.928,72.647,-0.281,136,0.8,136,0.5,1.0,1.0
"U(0.0001,0.001), eps=1e-06",0.0001,0.001,1e-06,142669654,77.297,76.802,-0.495,136,0.8,136,0.9,1.0,1.0
"U(0.0001,0.001), eps=1e-06",0.0001,0.001,1e-06,172095631,81.11,80.797,-0.312,201,0.5,136,0.9,1.0,1.0
"U(0.0001,0.001), eps=1e-06",0.0001,0.001,1e-06,207590791,84.928,84.618,-0.31,201,0.5,136,0.9,1.0,1.0
"U(0.0001,0.001), eps=1e-06",0.0001,0.001,1e-06,250406917,88.055,88.21,0.155,201,0.5,201,0.9,1.0,1.0
"U(0.0001,0.001), eps=1e-06",0.0001,0.001,1e-06,302053977,91.097,90.825,-0.272,295,0.5,93,0.8,1.0,1.0
"U(0.0001,0.001), eps=1e-06",0.0001,0.001,1e-06,364353374,92.995,93.627,0.632,93,0.5,295,0.5,1.0,1.0
"U(0.0001,0.001), eps=1e-06",0.0001,0.001,1e-06,439502180,95.052,95.67,0.618,93,0.5,201,0.9,1.0,1.0
"U(0.0001,0.001), eps=1e-06",0.0001,0.001,1e-06,530150616,96.77,97.323,0.553,136,0.5,433,0.95,1.0,1.0
"U(0.0001,0.001), eps=1e-06",0.0001,0.001,1e-06,639495523,98.172,98.377,0.206,936,0.5,433,0.95,1.0,1.0
"U(0.0001,0.001), eps=1e-06",0.0001,0.001,1e-06,771393092,98.898,99.07,0.172,201,0.5,201,0.9,1.0,1.0
"U(1e-05,0.01), eps=1e-05",1e-05,0.01,1e-05,3182919,1.28,1.28,0.0,20,0.8,20,0.8,1.0296,1.0307
"U(1e-05,0.01), eps=1e-05",1e-05,0.01,1e-05,3839405,16.892,16.8,-0.092,20,0.8,20,0.5,1.0029,1.003
"U(1e-05,0.01), eps=1e-05",1e-05,0.01,1e-05,4631292,25.265,24.677,-0.587,20,0.65,20,0.65,1.0412,1.0425
"U(1e-05,0.01), eps=1e-05",1e-05,0.01,1e-05,5586507,32.277,32.072,-0.205,20,0.5,20,0.5,1.0131,1.0135
"U(1e-05,0.01), eps=1e-05",1e-05,0.01,1e-05,6738739,38.88,38.54,-0.34,20,0.5,20,0.5,1.0294,1.0301
"U(1e-05,0.01), eps=1e-05",1e-05,0.01,1e-05,8128621,44.67,44.348,-0.322,20,0.5,20,0.5,1.0204,1.0208
"U(1e-05,0.01), eps=1e-05",1e-05,0.01,1e-05,9805170,50.448,49.735,-0.713,20,0.65,20,0.65,1.0189,1.0192
"U(1e-05,0.01), eps=1e-05",1e-05,0.01,1e-05,11827511,55.605,55.03,-0.575,20,0.5,20,0.9,1.0103,1.0107
"U(1e-05,0.01), eps=1e-05",1e-05,0.01,1e-05,14266965,60.355,60.035,-0.32,20,0.5,20,0.9,1.0115,1.0117
"U(1e-05,0.01), eps=1e-05",1e-05,0.01,1e-05,17209563,65.433,64.78,-0.653,29,0.5,20,0.9,1.0081,1.0074
"U(1e-05,0.01), eps=1e-05",1e-05,0.01,1e-05,20759079,70.075,69.935,-0.14,29,0.5,29,0.5,1.0094,1.0098
"U(1e-05,0.01), eps=1e-05",1e-05,0.01,1e-05,25040691,74.63,74.66,0.03,43,0.5,43,0.5,1.0054,1.0053
"U(1e-05,0.01), eps=1e-05",1e-05,0.01,1e-05,30205397,78.73,78.963,0.233,43,0.5,43,0.65,1.0023,1.0024
"U(1e-05,0.01), eps=1e-05",1e-05,0.01,1e-05,36435337,82.168,84.422,2.255,43,0.5,20,0.65,1.0051,1.0019
"U(1e-05,0.01), eps=1e-05",1e-05,0.01,1e-05,43950218,85.377,89.925,4.548,93,0.5,20,0.65,1.0072,1.0008
"U(1e-05,0.01), eps=1e-05",1e-05,0.01,1e-05,53015061,88.465,94.72,6.255,93,0.5,20,0.65,1.0047,1.0
"U(1e-05,0.01), eps=1e-05",1e-05,0.01,1e-05,63949552,90.543,97.002,6.46,93,0.5,20,0.65,1.0027,1.0
"U(1e-05,0.01), eps=1e-05",1e-05,0.01,1e-05,77139309,92.04,98.37,6.33,93,0.5,20,0.65,1.0039,1.0
"U(1e-05,0.01), eps=1e-05",1e-05,0.01,1e-05,93049487,93.547,99.133,5.586,201,0.65,20,0.65,1.0032,1.0
"U(1e-05,0.01), eps=1e-05",1e-05,0.01,1e-05,112241179,95.098,99.6,4.502,295,0.5,20,0.95,1.0024,1.0
"U(1e-05,0.01), eps=1e-05",1e-05,0.01,1e-05,135391206,96.152,99.835,3.683,295,0.5,20,0.65,1.0012,1.0
"U(1e-05,0.01), eps=1e-05",1e-05,0.01,1e-05,163315985,97.032,99.913,2.881,433,0.5,20,0.8,1.0016,1.0
"U(1e-05,0.01), eps=1e-05",1e-05,0.01,1e-05,197000320,98.708,99.97,1.262,43,0.65,20,0.5,1.0,1.0
