setting,budget,m,conf,rate,re,lin,brute,oracle,probes,accepted,explore_share,pilot_gain,pilot_alias,depth_ratio,abs_dist,at_opt,overshoot,L_over_Nopt,vs_brute,share_hl
"U(0.0001,0.001), eps=1e-04",36435,4,0.5,82.73,75.79,73.615,82.73700000000001,95.088,1.0,1.0,0.17236174008508104,1.0,0.0,0.6565237948245622,0.34728040777475166,0.0695,0.0135,0.551260619831439,-0.007000000000005002,87.00361770149756
"U(0.0001,0.001), eps=1e-04",43950,5,0.5,86.495,81.355,79.60000000000001,86.1,96.678,1.0,1.0,0.17861205915813572,1.0,0.0,0.6593745822094699,0.3429870303411376,0.06805,0.00955,0.551260619831439,0.39500000000001023,89.46709696104595
"U(0.0001,0.001), eps=1e-04",53015,7,0.5,89.61,86.48,84.77,89.89,97.879,1.0,1.0,0.20729982080543147,1.0,0.0,0.6695576897999309,0.3317186163936376,0.06665,0.0067,0.551260619831439,-0.28000000000000114,91.55181397439695
"U(0.0001,0.001), eps=1e-04",63949,7,0.5,92.97,89.325,88.84,93.015,98.734,1.0,1.0,0.17185569750895072,1.0,0.0,0.6586190608406688,0.3421194753778866,0.06425,0.0042,0.551260619831439,-0.045000000000001705,94.16209208580631
"U(0.0001,0.001), eps=1e-04",77139,9,0.5,95.22,93.53,92.43,95.60499999999999,99.302,1.0,1.0,0.1831758254579381,1.0,0.0,0.6626871246422338,0.33771424368347025,0.06255,0.00255,0.551260619831439,-0.3849999999999909,95.88930736541056
"U(0.0001,0.001), eps=1e-04",93049,12,0.5,96.84,95.98,95.06,97.178,99.65,1.0,1.0,0.202473965330096,1.0,0.0,0.6699520370564784,0.33022856883432633,0.06115,0.00115,0.551260619831439,-0.33799999999999386,97.18013045659809
"U(0.0001,0.001), eps=1e-04",112241,13,0.5,98.27,97.41,96.97,98.285,99.843,1.0,1.0,0.18184086029169527,1.0,0.0,0.66298813609166,0.3370823700163552,0.06025,0.0006,0.551260619831439,-0.015000000000000568,98.42452650661538
"U(0.0001,0.001), eps=1e-06",8565605,1058,0.5,22.795,24.445,18.605,18.279999999999998,27.355,1.0,1.0,0.19392208723143178,1.0,0.0,0.9416311296474643,0.058455980664313595,0.54735,0.0035,0.551260619831439,4.515000000000004,83.3302869676476
"U(0.0001,0.001), eps=1e-06",10332282,1131,0.5,25.45,27.66,20.225,20.192,29.878,1.0,1.0,0.17185651727275783,1.0,0.0,0.9430902462102966,0.05701339545938191,0.5646,0.00385,0.551260619831439,5.257999999999999,85.17973090568312
"U(0.0001,0.001), eps=1e-06",15033938,11,0.7,29.025000000000002,32.34,24.055,24.213,35.52,14.87425,6.88885,0.04441718926870656,2.295606624203825,0.4907,0.8317038294177883,0.20584743609477468,0.12615,0.05385,0.9430615058860502,4.812000000000001,81.71452702702702
"U(0.0001,0.001), eps=1e-06",18134725,18,0.7,32.555,36.545,26.474999999999998,26.479999999999997,38.647,14.87445,6.7633,0.05911548809259575,2.2378356050955444,0.47205,0.8380839775030249,0.18080853575665323,0.12215,0.0384,0.9215177993980953,6.075000000000003,84.23681010168966
"U(0.0001,0.001), eps=1e-06",26386845,42,0.7,39.53,43.095,33.08,31.662000000000003,45.5,14.87095,6.2653,0.09211591569208066,2.153247038216562,0.4146,0.8612172582992491,0.14497668504202765,0.1362,0.01925,0.8964163822955771,7.8679999999999986,86.87912087912088
"U(0.0001,0.001), eps=1e-06",38394051,4218,0.5,47.654999999999994,50.849999999999994,37.395,37.51,53.06999999999999,1.0,1.0,0.17248140864323075,1.0,0.0,0.96597406254251,0.03404802006325959,0.81835,0.0016,0.551260619831439,10.144999999999996,89.79649519502543
"U(0.0001,0.001), eps=1e-06",46312922,68,0.8,50.91,54.84,42.175000000000004,40.892,57.065999999999995,14.8548,6.94305,0.0884352116024983,2.2974069745222945,0.564,0.9033177216696393,0.10274492866468465,0.2558,0.0242,0.9383450441500385,10.017999999999994,89.21249080012618
"U(0.0001,0.001), eps=1e-06",67387393,103,0.8,59.965,63.285000000000004,50.480000000000004,48.47,65.29599999999999,14.85475,6.7938,0.09130130302191682,2.2713767197452235,0.528,0.9109019337015403,0.09277880308354637,0.2852,0.01755,0.9286230477327514,11.495000000000005,91.83564077432003
"U(0.0001,0.001), eps=1e-06",81286214,144,0.8,64.25999999999999,67.69500000000001,54.285000000000004,52.44,69.429,14.852,6.7173,0.10548858299637388,2.2633050955414014,0.5175,0.9190474287306575,0.08370724079843542,0.34445,0.01335,0.9254174212315179,11.819999999999993,92.5549842284924
"U(0.0001,0.001), eps=1e-06",118275113,65,0.6,72.54,75.805,63.315,60.93300000000001,77.43900000000001,14.8824,4.96895,0.029944387453259075,1.9594748726114664,0.2234,0.8453153619988983,0.15666888183248723,0.0889,0.0078,0.837216918710528,11.607,93.67373029093868
"U(0.0001,0.001), eps=1e-06",172095631,338,0.7,81.05499999999999,83.7,72.55,70.127,84.677,14.8667,5.42705,0.11005142507772328,2.0604899363057325,0.29115,0.9202378053416698,0.08013118329054719,0.30905,0.0035,0.8653566311005183,10.927999999999997,95.7225692927241
"U(0.0001,0.001), eps=1e-06",207590791,266,0.5,84.93,86.935,77.375,74.695,87.854,14.95385,2.5319,0.06581087669876468,1.7734797770700632,0.07195,0.8871369551898819,0.11309475520988256,0.0979,0.00165,0.7815835019463281,10.235000000000014,96.67175085938034
"U(0.0001,0.001), eps=1e-06",302053977,336,0.8,90.945,92.44,85.39,83.327,93.086,14.8563,6.39485,0.06538058301016843,2.2220157006369425,0.4441,0.9303075055117154,0.07030317299425813,0.4192,0.0053,0.911509741111913,7.617999999999995,97.69997636594117
"U(0.0001,0.001), eps=1e-06",439502180,218,0.9,94.57,96.095,91.57,90.35,96.678,14.83625,7.2309,0.030800043866221573,2.4166891082802544,0.69,0.9364819643839857,0.06606951060196069,0.46445,0.0138,0.9699530964994006,4.219999999999999,97.81956598191937
"U(0.0001,0.01), eps=1e-04",8565,9,0.5,19.165,16.845,14.674999999999999,16.848,31.238,1.0,1.0,0.16497373029772255,1.0,0.0,0.7507572137470816,0.29715947655955044,0.0909,0.0713,0.5073784373108994,2.317,61.351558998655484
"U(0.0001,0.01), eps=1e-04",10332,10,0.5,21.72,19.625,17.52,18.325,33.919,1.0,1.0,0.15195509097948312,1.0,0.0,0.7525966084416987,0.2913947454219352,0.0919,0.0675,0.5073784373108994,3.3949999999999996,64.03490668946608
"U(0.0001,0.01), eps=1e-04",15033,15,0.5,27.694999999999997,24.25,22.3,22.33,39.741,1.0,1.0,0.156655358211935,1.0,0.0,0.7647823866647849,0.2666905848248369,0.09615,0.0561,0.5073784373108994,5.364999999999998,69.68873455625172
"U(0.0001,0.01), eps=1e-04",21875,15,0.5,33.865,31.345,27.075,27.544999999999998,46.198,1.0,1.0,0.10765714285714273,1.0,0.0,0.7595347532884756,0.26782354630155264,0.09445,0.0523,0.5073784373108994,6.320000000000004,73.30403913589333
"U(0.0001,0.01), eps=1e-04",26386,21,0.5,37.445,35.504999999999995,29.154999999999998,30.335,49.645,1.0,1.0,0.12495262639278362,1.0,0.0,0.7719815227932665,0.24941770757211493,0.09585,0.0451,0.5073784373108994,7.109999999999999,75.42552120052372
"U(0.0001,0.01), eps=1e-04",38394,32,0.5,45.335,42.86,35.965,36.555,56.904999999999994,1.0,1.0,0.13085377923633942,1.0,0.0,0.7847857256190656,0.2281353567382146,0.0981,0.0327,0.5073784373108994,8.780000000000001,79.66786749846236
"U(0.0001,0.01), eps=1e-04",55865,30,0.5,53.669999999999995,52.190000000000005,44.145,43.585,64.48899999999999,1.0,1.0,0.08431039112145346,1.0,0.0,0.774171312367005,0.235854788258091,0.0948,0.0289,0.5073784373108994,10.084999999999994,83.22349547984928
"U(0.0001,0.01), eps=1e-04",67387,47,0.5,58.545,56.775,48.559999999999995,47.387,68.32000000000001,1.0,1.0,0.10950183269770229,1.0,0.0,0.7915487243205055,0.21425582962462503,0.0985,0.0208,0.5073784373108994,11.158000000000001,85.69233021077282
"U(0.0001,0.01), eps=1e-04",98051,55,0.5,67.75,66.39,57.735,55.879999999999995,75.849,1.0,1.0,0.08806641441698626,1.0,0.0,0.7911711182600074,0.21200376464658108,0.0971,0.0145,0.5073784373108994,11.870000000000005,89.32220596184524
"U(0.0001,0.01), eps=1e-04",142669,39,0.5,76.35499999999999,75.13499999999999,66.955,65.11200000000001,82.86099999999999,1.0,1.0,0.0429175223769708,1.0,0.0,0.7638409009857147,0.23904611506143314,0.0876,0.0124,0.5073784373108994,11.24299999999998,92.14829654481602
"U(0.0001,0.01), eps=1e-04",172095,35,0.5,80.135,79.735,71.38,69.73,86.039,1.0,1.0,0.031930038641448166,1.0,0.0,0.7522484735349156,0.2499708003534211,0.084,0.01105,0.5073784373108994,10.405000000000001,93.13799556015296
"U(0.0001,0.01), eps=1e-04",250406,53,0.5,87.51,87.165,79.735,78.568,91.49199999999999,1.0,1.0,0.03323003442409527,1.0,0.0,0.7622907925240037,0.23835193784229786,0.08225,0.00525,0.5073784373108994,8.942000000000007,95.64770690333582
"U(0.0001,0.01), eps=1e-04",364353,111,0.5,93.47999999999999,92.705,88.52,86.63300000000001,95.517,1.0,1.0,0.04782998904908118,1.0,0.0,0.7900625027930254,0.21001892363414537,0.088,0.00195,0.5073784373108994,6.84699999999998,97.86739533276797
"U(0.0001,0.01), eps=1e-04",530150,79,0.5,96.92,96.64,93.405,92.755,98.06099999999999,1.0,1.0,0.023395265490898855,1.0,0.0,0.7558555340854982,0.24417369956397034,0.07235,0.00075,0.5073784373108994,4.165000000000006,98.83643854335567
"U(0.0001,0.01), eps=1e-06",85656050,21908,0.5,30.44,29.92,22.745,18.44,31.268,1.0,1.0,0.040155435605541245,1.0,0.0,0.9757353420393072,0.02427569621907776,0.8977,0.00085,0.5073784373108994,12.0,97.35192529103236
"U(0.0001,0.01), eps=1e-06",103322828,20169,0.5,33.64,32.815,24.62,20.253,33.927,1.0,1.0,0.030646983452678724,1.0,0.0,0.9746919894399518,0.02531977613335192,0.892,0.0009,0.5073784373108994,13.387,99.15406608306068
"U(0.0001,0.01), eps=1e-06",150339381,47964,0.5,38.66,38.745000000000005,29.24,24.293,39.742,1.0,1.0,0.05008899165282554,1.0,0.0,0.9821629591102717,0.01784183659022641,0.93045,0.00055,0.5073784373108994,14.366999999999997,97.27743948467615
"U(0.0001,0.01), eps=1e-06",181347259,25479,0.5,42.27,41.515,33.015,26.515,42.893,1.0,1.0,0.022058249030386726,1.0,0.0,0.9763927982223051,0.023618389863291362,0.90305,0.0007,0.5073784373108994,15.755000000000003,98.54754855104562
"U(0.0001,0.01), eps=1e-06",263868453,55134,0.5,49.230000000000004,48.225,39.805,31.727,49.646,1.0,1.0,0.0328043686222693,1.0,0.0,0.9825324536207816,0.01747153628649542,0.9316,0.00045,0.5073784373108994,17.503000000000004,99.1620674374572
"U(0.0001,0.01), eps=1e-06",383940518,94692,0.5,55.794999999999995,55.67999999999999,46.235,37.795,56.904999999999994,1.0,1.0,0.03872121670680218,1.0,0.0,0.9856170392884404,0.014384836828322404,0.946,0.00025,0.5073784373108994,17.999999999999993,98.0493805465249
"U(0.0001,0.01), eps=1e-06",463129222,175499,0.5,59.5,59.435,50.375,41.108,60.671,1.0,1.0,0.059493855475178554,1.0,0.0,0.9887971896832123,0.011203817594368516,0.96035,0.0001,0.5073784373108994,18.392000000000003,98.06991808277431
"U(0.0001,0.01), eps=1e-06",673873936,97747,0.5,67.4,67.80000000000001,58.97,48.555,68.32000000000001,1.0,1.0,0.02277321941117464,1.0,0.0,0.9846481417275107,0.01535248907365415,0.94125,0.0001,0.5073784373108994,18.845000000000006,98.65339578454333
"U(0.0001,0.01), eps=1e-06",812862141,1023,0.6,69.28999999999999,71.71499999999999,59.870000000000005,52.54,72.123,14.9699,2.8901,0.026877440555076834,3.1591101910828034,0.08275,0.9365830941058423,0.0701747428927245,0.55025,0.01095,0.8020263217687632,16.749999999999993,96.07198813138665
"U(0.0001,0.01), eps=1e-06",1182751130,2439,0.5,77.49000000000001,78.535,72.265,61.141999999999996,79.44600000000001,14.9727,2.55135,0.04257544089068001,2.7410550955414026,0.04,0.9454619911831668,0.05590846832153936,0.76355,0.00435,0.7542212084115842,16.348000000000013,97.53795030586814
"U(0.0001,0.01), eps=1e-06",1720956316,1150,0.5,84.3,85.52,79.05,70.33500000000001,86.039,14.9764,2.499,0.013904637492843847,2.8170480891719754,0.04905,0.9261562065170001,0.07773355618637764,0.5078,0.0061,0.7568944885451395,13.96499999999999,97.97882355675914
"U(0.0001,0.01), eps=1e-06",2075907911,297067,0.5,88.565,88.5,83.505,74.77000000000001,88.92999999999999,1.0,1.0,0.022467046227273493,1.0,0.0,0.9877749683610757,0.012225492468417956,0.95275,5e-05,0.5073784373108994,13.794999999999987,99.58956482626786
"U(0.0001,0.01), eps=1e-06",3020539774,1850,0.5,92.81,93.29499999999999,89.595,83.37299999999999,93.693,14.9752,2.5336,0.012667883818105978,2.7572563694267536,0.04545,0.9307961007940586,0.06981366058026925,0.6554,0.00355,0.7553950361031357,9.437000000000012,99.05756033001398
"U(0.0001,0.01), eps=1e-06",4395021800,709398,0.5,96.63000000000001,96.755,94.19999999999999,90.402,96.966,1.0,1.0,0.025341281811161964,1.0,0.0,0.9834266531153942,0.016573346884606363,0.9573,0.0,0.5073784373108994,6.228000000000009,99.65348678918386
"U(0.0001,0.1), eps=1e-04",89653,628,0.5,27.91,27.435,20.225,18.285,32.339,1.0,1.0,0.10507177673920658,1.0,0.0,0.9100124098567605,0.0932069446888208,0.41385,0.01195,0.49012428957094445,9.625,86.30446210457961
"U(0.0001,0.1), eps=1e-04",108144,484,0.5,30.865,30.8,22.245,20.075000000000003,35.001,1.0,1.0,0.06713271193963542,1.0,0.0,0.9010886941013947,0.10217019398173749,0.365,0.0127,0.49012428957094445,10.789999999999996,88.18319476586383
"U(0.0001,0.1), eps=1e-04",157355,468,0.5,37.03,37.305,28.384999999999998,24.032999999999998,40.814,1.0,1.0,0.04461250039719061,1.0,0.0,0.8974701860096653,0.10519358842724962,0.3504,0.0114,0.49012428957094445,12.997000000000003,90.72867153427745
"U(0.0001,0.1), eps=1e-04",189810,375,0.5,40.225,40.315,30.435000000000002,26.27,43.958999999999996,1.0,1.0,0.029634898055950994,1.0,0.0,0.8892990449679892,0.11357222361460613,0.3137,0.0116,0.49012428957094445,13.955000000000002,91.5057212402466
"U(0.0001,0.1), eps=1e-04",276182,563,0.5,47.81,47.394999999999996,37.86,31.467,50.686,1.0,1.0,0.030577662555851037,1.0,0.0,0.89951056779998,0.10176258884279436,0.38305,0.00805,0.49012428957094445,16.343000000000004,94.32584934695971
"U(0.0001,0.1), eps=1e-04",401857,743,0.5,55.67999999999999,55.34,45.265,37.492999999999995,57.9,1.0,1.0,0.027733746083805858,1.0,0.0,0.9053426825257873,0.09542603576556508,0.4272,0.0062,0.49012428957094445,18.186999999999998,96.16580310880828
"U(0.0001,0.1), eps=1e-04",484741,357,0.5,58.77,58.945,49.265,40.897,61.634,1.0,1.0,0.011047136512075595,1.0,0.0,0.879521209388081,0.12167833423948973,0.29795,0.00765,0.49012428957094445,17.873000000000005,95.35321413505532
"U(0.0001,0.1), eps=1e-04",705321,874,0.5,67.14,66.94,57.69499999999999,48.375,69.199,1.0,1.0,0.018587281535641174,1.0,0.0,0.9042895176020904,0.09611147381428711,0.44185,0.00375,0.49012428957094445,18.765,97.02452347577277
"U(0.0001,0.1), eps=1e-04",850795,301,0.5,70.17999999999999,71.045,62.324999999999996,52.327999999999996,72.949,1.0,1.0,0.005306801285856203,1.0,0.0,0.8654226050547528,0.13530031515593927,0.254,0.0062,0.49012428957094445,17.851999999999997,96.20419745301511
"U(0.0001,0.1), eps=1e-04",1237946,4305,0.5,78.89,78.865,69.65,61.087,80.145,1.0,1.0,0.05216301841922085,1.0,0.0,0.9386572667300083,0.0613899272866348,0.6899,0.0007,0.49012428957094445,17.802999999999997,98.43408821511012
"U(0.0001,0.1), eps=1e-04",1801267,936,0.5,85.36500000000001,85.22,78.66499999999999,70.185,86.589,1.0,1.0,0.007794513528533021,1.0,0.0,0.8931001553728606,0.10705223169213182,0.4197,0.0018,0.49012428957094445,15.180000000000007,98.58642552749194
"U(0.0001,0.1), eps=1e-04",2172783,4341,0.5,88.515,88.18,82.195,74.7,89.402,1.0,1.0,0.029968478214345163,1.0,0.0,0.9322269220675969,0.06781460109126163,0.6657,0.0005,0.49012428957094445,13.814999999999998,99.00785217332945
"U(0.0001,0.1), eps=1e-04",3161498,5052,0.5,93.66499999999999,92.94,88.94,83.27,94.009,1.0,1.0,0.023969649830554877,1.0,0.0,0.9302792007419223,0.069729407316686,0.66495,0.0001,0.49012428957094445,10.394999999999996,99.63407758831602
"U(0.0001,0.1), eps=1e-04",4600122,8262,0.5,96.78999999999999,96.6,93.39,90.307,97.146,1.0,1.0,0.026940589836530086,1.0,0.0,0.9346853572100916,0.06532130945657519,0.70285,5e-05,0.49012428957094445,6.48299999999999,99.63354126778252
"U(0.0001,0.1), eps=1e-06",896533333,148578,0.5,31.979999999999997,31.929999999999996,26.41,18.488,32.339,1.0,1.0,0.0024858752240057673,1.0,0.0,0.9873860077249724,0.012628604933632184,0.9474,0.00025,0.49012428957094445,13.491999999999997,98.88988527783789
"U(0.0001,0.1), eps=1e-06",1081445601,464579,0.5,34.875,33.985,28.470000000000002,20.217,35.001,1.0,1.0,0.006443860878028522,1.0,0.0,0.9918681681611948,0.008134805911827987,0.96895,0.00015,0.49012428957094445,14.658000000000001,99.64001028542042
"U(0.0001,0.1), eps=1e-06",1573552196,478655,0.5,40.57,40.699999999999996,34.2,24.252000000000002,40.814,1.0,1.0,0.004562813371079327,1.0,0.0,0.9916374114772869,0.00836508147152549,0.96835,0.00015,0.49012428957094445,16.317999999999998,99.40216592345763
"U(0.0001,0.1), eps=1e-06",1898101319,545350,0.5,43.895,43.82,36.714999999999996,26.505000000000003,43.958999999999996,1.0,1.0,0.004309701446448429,1.0,0.0,0.991869536718716,0.00813228252069358,0.96925,0.0001,0.49012428957094445,17.39,99.85440979094157
"U(0.0001,0.1), eps=1e-06",2761823151,1285258,0.5,50.59,50.03999999999999,43.82,31.752999999999997,50.686,1.0,1.0,0.006980486782080753,1.0,0.0,0.993980305167434,0.006019694832566232,0.97825,0.0,0.49012428957094445,18.837000000000007,99.81059858738114
"U(0.0001,0.1), eps=1e-06",4018577429,918938,0.5,57.86,57.555,51.105000000000004,37.7,57.9,1.0,1.0,0.0034300869508019326,1.0,0.0,0.992614227927747,0.007385772072253272,0.97235,0.0,0.49012428957094445,20.159999999999997,99.93091537132989
"U(0.0001,0.1), eps=1e-06",4847419193,1438231,0.5,61.44500000000001,61.415,55.13,41.132000000000005,61.634,1.0,1.0,0.004450505339243911,1.0,0.0,0.9935381386731744,0.006461861326825887,0.9765,0.0,0.49012428957094445,20.313000000000002,99.69335107246002
"U(0.0001,0.1), eps=1e-06",7053213870,2157402,0.5,68.95,69.33500000000001,62.92,48.573,69.199,1.0,1.0,0.004588125441317404,1.0,0.0,0.9936875631334812,0.006312436866518969,0.97785,0.0,0.49012428957094445,20.377000000000002,99.64016821052327
"U(0.0001,0.1), eps=1e-06",8507957079,1229006,0.5,72.64500000000001,72.77,66.79,52.553000000000004,72.949,1.0,1.0,0.002166805712443325,1.0,0.0,0.9918876092982164,0.008112390701784128,0.97025,0.0,0.49012428957094445,20.092000000000006,99.58327050405079
"U(0.0001,0.1), eps=1e-06",12379461831,3895275,0.5,80.065,79.59,73.47,61.182,80.145,1.0,1.0,0.004719843705457779,1.0,0.0,0.9928354012705946,0.007164598729405606,0.9791,0.0,0.49012428957094445,18.882999999999996,99.90018092207873
"U(0.0001,0.1), eps=1e-06",18012676110,8158527,0.5,86.465,86.105,81.22500000000001,70.375,86.589,1.0,1.0,0.0067939879811672755,1.0,0.0,0.9916221742660609,0.008377825733939092,0.98245,0.0,0.49012428957094445,16.090000000000003,99.85679474298121
"U(0.0001,0.1), eps=1e-06",21727836139,5903623,0.5,89.37,89.08500000000001,85.685,74.777,89.402,1.0,1.0,0.0040756173064584005,1.0,0.0,0.9895968399790541,0.010403160020945816,0.9784,0.0,0.49012428957094445,14.593000000000004,99.96420661730163
"U(0.0001,0.1), eps=1e-06",31614982969,4907032,0.5,94.04,93.67,90.7,83.41300000000001,94.009,1.0,1.0,0.002328183446189881,1.0,0.0,0.9848433860660752,0.01515661393392507,0.971,0.0,0.49012428957094445,10.626999999999995,100.0329755661692
"U(0.0001,0.1), eps=1e-06",46001228182,6474494,0.5,97.175,96.745,94.91000000000001,90.448,97.146,1.0,1.0,0.0021111916754866515,1.0,0.0,0.9784299876062689,0.021570012393731366,0.9592,0.0,0.49012428957094445,6.727000000000004,100.02985197537727
"U(0.001,0.01), eps=1e-03",3643,5,0.5,82.195,75.785,75.325,82.73700000000001,95.06700000000001,1.0,1.0,0.21548174581388954,1.0,0.0,0.6705450941232483,0.3329983114456353,0.0761,0.0134,0.552332277242648,-0.5420000000000158,86.46007552568189
"U(0.001,0.01), eps=1e-03",4395,5,0.5,86.47500000000001,81.395,81.095,86.1,96.662,1.0,1.0,0.17861205915813572,1.0,0.0,0.6601334485575496,0.3422558844273766,0.0725,0.0094,0.552332277242648,0.3750000000000142,89.46121536901781
"U(0.001,0.01), eps=1e-03",5301,7,0.5,89.58500000000001,86.425,85.815,89.89,97.866,1.0,1.0,0.20731937370307327,1.0,0.0,0.6705942797530415,0.3307099759927037,0.0711,0.00655,0.552332277242648,-0.3049999999999926,91.53843009829767
"U(0.001,0.01), eps=1e-03",6394,7,0.5,93.025,89.325,90.23,93.015,98.725,1.0,1.0,0.17187988739443055,1.0,0.0,0.6600187000541752,0.3407344733594887,0.0686,0.0042,0.552332277242648,0.010000000000005116,94.22638642694353
"U(0.001,0.01), eps=1e-03",7713,9,0.5,95.22500000000001,93.49499999999999,93.44,95.60499999999999,99.29599999999999,1.0,1.0,0.18319719953325486,1.0,0.0,0.6637248270093963,0.33668867489203214,0.0672,0.00255,0.552332277242648,-0.37999999999998124,95.90013696422817
"U(0.001,0.01), eps=1e-03",9304,12,0.5,96.825,95.99,96.125,97.178,99.64699999999999,1.0,1.0,0.2024935511607892,1.0,0.0,0.6712471383559331,0.3289369151481395,0.0656,0.00115,0.552332277242648,-0.35299999999999443,97.16800305076923
"U(0.001,0.01), eps=1e-03",11224,13,0.5,98.275,97.435,97.76,98.285,99.84100000000001,1.0,1.0,0.1818424803991445,1.0,0.0,0.6642181433745544,0.3358539116493759,0.06465,0.0006,0.552332277242648,-0.009999999999990905,98.43150609469055
"U(0.001,0.01), eps=1e-04",8565,9,0.5,19.27,17.465,16.605,17.465,27.337,1.0,1.0,0.16497373029772255,1.0,0.0,0.7579813564240907,0.25701077243328674,0.1001,0.0446,0.552332277242648,1.8049999999999997,70.49054395142115
"U(0.001,0.01), eps=1e-04",10332,12,0.5,21.14,20.9,19.470000000000002,19.57,29.858,1.0,1.0,0.18234610917537908,1.0,0.0,0.7690663215224304,0.24263954115511815,0.0993,0.0385,0.552332277242648,1.5700000000000003,70.8017951637752
"U(0.001,0.01), eps=1e-04",15033,18,0.5,25.665,25.64,23.825,23.385,35.496,1.0,1.0,0.18798642985431976,1.0,0.0,0.7867102269911476,0.22097896576063372,0.1017,0.0305,0.552332277242648,2.2799999999999976,72.30392156862744
"U(0.001,0.01), eps=1e-04",21875,23,0.5,31.97,32.445,28.83,28.597,41.949999999999996,1.0,1.0,0.16507428571428412,1.0,0.0,0.7967279021103036,0.209029629248811,0.1031,0.02545,0.552332277242648,3.3729999999999976,76.20977353992849
"U(0.001,0.01), eps=1e-04",26386,27,0.5,35.67,35.160000000000004,31.855,31.275,45.471000000000004,1.0,1.0,0.16065337679072067,1.0,0.0,0.8034250064948606,0.2009350686917093,0.1052,0.02245,0.552332277242648,4.395000000000003,78.44560269182556
"U(0.001,0.01), eps=1e-04",38394,44,0.5,42.525,43.6,37.085,37.6,53.038,1.0,1.0,0.17992394644996532,1.0,0.0,0.825086629917341,0.177327140606576,0.1108,0.01675,0.552332277242648,4.924999999999997,80.17836268335911
"U(0.001,0.01), eps=1e-04",55865,60,0.5,51.015,52.364999999999995,44.080000000000005,44.567,61.123000000000005,1.0,1.0,0.1686207822429069,1.0,0.0,0.8371147520825911,0.16436153646621773,0.11345,0.01265,0.552332277242648,6.448,83.46285359030152
"U(0.001,0.01), eps=1e-04",67387,67,0.5,55.445,57.21000000000001,48.339999999999996,48.152,65.25999999999999,1.0,1.0,0.15609835724991564,1.0,0.0,0.8406468873947198,0.1605157064218119,0.11435,0.0109,0.552332277242648,7.292999999999999,84.96015936254982
"U(0.001,0.01), eps=1e-04",98051,154,0.5,62.83,66.27,56.435,56.355,73.462,1.0,1.0,0.2465859603675654,1.0,0.0,0.8757190791319411,0.12463912494442034,0.15585,0.0065,0.552332277242648,6.475000000000001,85.52721134736326
"U(0.001,0.01), eps=1e-04",142669,153,0.5,73.35000000000001,74.845,66.645,65.405,81.151,1.0,1.0,0.16836874163273186,1.0,0.0,0.8706383042361846,0.12958301240293832,0.14575,0.005,0.552332277242648,7.945000000000007,90.3870562285123
"U(0.001,0.01), eps=1e-04",172095,175,0.5,77.77,78.905,69.44,70.095,84.64399999999999,1.0,1.0,0.15965019320724122,1.0,0.0,0.8738393412448003,0.12630066882258517,0.1517,0.0031,0.552332277242648,7.674999999999997,91.878928217003
"U(0.001,0.01), eps=1e-04",250406,253,0.5,85.245,86.58,80.94,78.72200000000001,90.641,1.0,1.0,0.15862639074143622,1.0,0.0,0.8831367463512264,0.11692238362980113,0.1742,0.00195,0.552332277242648,6.522999999999996,94.04684414337882
"U(0.001,0.01), eps=1e-04",364353,429,0.5,91.015,92.27,88.285,86.657,95.068,1.0,1.0,0.1848564441626659,1.0,0.0,0.8979721564579554,0.10204069711661322,0.2434,0.0006,0.552332277242648,4.358000000000004,95.73673581015694
"U(0.001,0.01), eps=1e-04",530150,576,0.5,95.53,96.5,93.765,92.83200000000001,97.867,1.0,1.0,0.17057813826275534,1.0,0.0,0.901710095968425,0.09829414424733578,0.28125,0.0002,0.552332277242648,2.6979999999999933,97.61206535400083
"U(0.001,0.01), eps=1e-05",856560,969,0.5,23.375,24.83,20.465,18.279999999999998,27.337,1.0,1.0,0.1776092743065292,1.0,0.0,0.9410159218065784,0.05908847915082082,0.5429,0.00365,0.552332277242648,5.095000000000002,85.50682225555109
"U(0.001,0.01), eps=1e-05",1033228,1131,0.5,25.480000000000004,27.41,22.555,20.192,29.858,1.0,1.0,0.17185655053870122,1.0,0.0,0.9445123464030115,0.05560023195381972,0.58165,0.00385,0.552332277242648,5.288000000000004,85.33726304508006
"U(0.001,0.01), eps=1e-05",1503393,21,0.8,29.805,33.785,26.919999999999998,24.213,35.497,11.6523,5.248,0.06992096118579771,2.397362420382167,0.6306,0.887187893163266,0.142325941271371,0.20005,0.0561,0.9757167855724185,5.591999999999999,83.96484209933234
"U(0.001,0.01), eps=1e-05",1813472,36,0.7,32.83,35.935,28.970000000000002,26.479999999999997,38.623000000000005,11.70725,4.2904,0.09368810160840638,2.150124203821655,0.38105,0.8553760194889408,0.1529839582532811,0.12565,0.02305,0.8935436852643533,6.350000000000001,85.00116510887294
"U(0.001,0.01), eps=1e-05",2638684,67,0.8,39.48,43.445,35.809999999999995,31.662000000000003,45.472,11.6632,4.8855,0.12370848165221758,2.2958226114649682,0.53745,0.9043400351059836,0.10243492151302869,0.25265,0.02515,0.9379263713845339,7.817999999999994,86.82266009852215
"U(0.001,0.01), eps=1e-05",3839405,63,0.7,47.0,51.125,41.985,37.51,53.038,11.67605,4.1991,0.07680491978574806,2.1309171974522294,0.3742,0.8752557826848515,0.1289552504065324,0.1428,0.0161,0.8883820996428793,9.490000000000002,88.61570949130812
"U(0.001,0.01), eps=1e-05",4631292,68,0.8,51.51,54.584999999999994,45.95,40.892,57.033,11.6629,4.8842,0.07147282486183125,2.2936528662420383,0.54245,0.9037393069203868,0.10258140224984673,0.24845,0.02375,0.9381038339372458,10.617999999999995,90.31613276524118
"U(0.001,0.01), eps=1e-05",6738739,102,0.9,59.61,63.43,54.49,48.47,65.25999999999999,11.5901,5.2836,0.07603728667930303,2.449058280254778,0.7379,0.9400106751664195,0.06827122656647575,0.5001,0.036,0.9851586504512879,11.14,91.3423230156298
"U(0.001,0.01), eps=1e-05",8128621,142,0.8,64.525,67.69,57.345,52.44,69.393,11.61565,4.6808,0.08391699053258855,2.2571073248407645,0.4968,0.9191936635557731,0.08354539546804446,0.3332,0.01335,0.9246202979845055,12.085000000000008,92.98488320147567
"U(0.001,0.01), eps=1e-05",11827511,65,0.6,72.795,75.885,68.695,60.93300000000001,77.403,11.6938,3.11155,0.02452679691018681,1.9573496815286624,0.19505,0.8485583976633836,0.153614731422256,0.0919,0.00795,0.8377539175351196,11.861999999999995,94.04674237432657
"U(0.001,0.01), eps=1e-05",17209563,212,0.8,81.32000000000001,83.69,76.21,70.127,84.64399999999999,11.5609,4.5111,0.05879561432210686,2.238725796178343,0.4511,0.9248432468626564,0.07670116326380456,0.3646,0.00905,0.9183959380707176,11.193000000000012,96.07296441567036
"U(0.001,0.01), eps=1e-05",20759079,234,0.5,84.99,86.825,81.75,74.695,87.823,11.80965,2.3646,0.04816476241070221,1.779717515923567,0.0783,0.8859206109066147,0.11439616801748327,0.10145,0.00195,0.7858495349767427,10.295000000000002,96.7741935483871
"U(0.001,0.01), eps=1e-05",30205397,533,0.5,91.08000000000001,92.34,87.995,83.327,93.062,11.75735,2.4363,0.07482382848502202,1.768583439490445,0.0566,0.9138518291363267,0.08621949593485442,0.18275,0.0009,0.7814983733506464,7.753000000000014,97.87023704627025
"U(0.001,0.01), eps=1e-05",43950218,401,0.7,95.515,96.055,93.43,90.35,96.662,11.66955,3.5475,0.04165785674373675,2.0582328025477707,0.22285,0.9182231914623757,0.08204117587721825,0.25125,0.00315,0.8645299215049957,5.165000000000006,98.81339099128922
"U(0.001,0.01), eps=1e-06",85656050,1107,0.8,25.895000000000003,26.76,22.6,18.44,27.337,11.62375,4.1022,0.06095662100750625,2.19894076433121,0.3259,0.9617095581706119,0.03852308962058575,0.807,0.00445,0.903751742243712,7.455000000000002,94.72509785272709
"U(0.001,0.01), eps=1e-06",103322828,1085,0.9,28.325,28.815,25.27,20.217,29.858,11.52365,4.8088,0.05149120047798153,2.371453184713375,0.56585,0.9719656077130358,0.028673868005645017,0.89145,0.0102,0.9532430149926262,8.108,94.86569763547458
"U(0.001,0.01), eps=1e-06",150339381,1319,0.8,34.015,34.894999999999996,28.985,24.268,35.497,11.6254,4.09245,0.041401631881802174,2.2023474522292994,0.31675,0.9645055026813454,0.03574538077881396,0.85615,0.0046,0.90459428292066,9.747,95.82499929571513
"U(0.001,0.01), eps=1e-06",181347259,1455,0.9,37.114999999999995,37.84,32.269999999999996,26.525,38.623000000000005,11.58055,4.7545,0.0392703471382493,2.359523885350318,0.52355,0.9742770010712353,0.02619526175296353,0.93745,0.0084,0.9505031557705556,10.589999999999996,96.09559071019856
"U(0.001,0.01), eps=1e-06",263868453,949,0.9,44.045,45.265,38.62,31.767,45.472,11.50135,4.79135,0.01762471665587851,2.3705267515923554,0.56925,0.970038421353694,0.03067153268481926,0.86095,0.01105,0.9532918648525552,12.278000000000002,96.86180506685433
"U(0.001,0.01), eps=1e-06",383940518,1619,0.8,51.68000000000001,53.035,45.53,37.735,53.038,11.62445,4.10145,0.01988372015544866,2.2013267515923562,0.31415,0.9671225852455138,0.0330432906004941,0.89455,0.0037,0.9049703359663125,13.945000000000007,97.43957162788946
"U(0.001,0.01), eps=1e-06",463129222,1800,0.8,55.67999999999999,56.725,48.29,41.115,57.033,11.62875,4.1018,0.018347856443401013,2.203029617834395,0.30385,0.9684344878053859,0.0317338061924258,0.9067,0.0037,0.9048791612398039,14.56499999999999,97.62768923254956
"U(0.001,0.01), eps=1e-06",673873936,1818,0.6,64.045,64.375,58.53,48.52,65.25999999999999,11.6528,2.84785,0.011790559516609641,1.9013898089171966,0.06195,0.9566577643083005,0.043400475606758686,0.8,0.0013,0.8188237909393885,15.524999999999999,98.13821636530801
"U(0.001,0.01), eps=1e-06",812862141,7856,0.8,67.82000000000001,68.39,62.65500000000001,52.565,69.393,11.55095,3.8512,0.045104525416936596,2.178371019108279,0.15855,0.9825998191330418,0.017446833173341867,0.97245,0.0019,0.8965423338030086,15.25500000000001,97.7332007551194
"U(0.001,0.01), eps=1e-06",1182751130,1543,0.8,76.175,76.96499999999999,71.05,61.135,77.403,11.62535,4.1162,0.006161745409873333,2.2060289808917197,0.31955,0.9651403017841359,0.03502185114319018,0.87335,0.0038,0.9055305418405691,15.04,98.41349818482487
"U(0.001,0.01), eps=1e-06",1720956316,4708,0.6,83.78999999999999,84.03,79.715,70.352,84.64399999999999,11.64115,2.87165,0.011901117188845591,1.889012101910828,0.04735,0.9699949653926978,0.03002978665309962,0.9028,0.00095,0.8158490241992876,13.437999999999988,98.99106847502482
"U(0.001,0.01), eps=1e-06",2075907911,2060,0.9,86.735,87.24,83.655,74.775,87.823,11.6181,4.7641,0.004869746817974336,2.363413694267516,0.5154,0.9752202468355663,0.02509788489747653,0.95515,0.0062,0.9509036051244266,11.959999999999994,98.76114457488357
"U(0.001,0.01), eps=1e-06",3020539774,3837,0.7,92.485,92.61,90.42999999999999,83.37299999999999,93.062,11.5838,3.29325,0.005723678774954618,2.0341993630573243,0.09275,0.9689706498937701,0.03105981493769911,0.90975,0.0014,0.8570511913958422,9.112000000000009,99.3799832369818
"U(0.001,0.01), eps=1e-06",4395021800,28536,0.9,96.175,96.48,93.895,90.405,96.662,11.5599,4.49175,0.031507294476309546,2.3343092356687896,0.2289,0.9908409270850665,0.009180187747925913,0.99505,0.00115,0.9405600158467669,5.769999999999996,99.49618257433117
"U(0.001,0.01), eps=1e-07",8565605095,23604,0.6,27.12,27.134999999999998,23.765,18.5,27.337,11.63345,2.90705,0.011941682000435492,1.8809283439490434,0.0272,0.9868684646800124,0.013135997026207644,0.9813,0.0002,0.8118669395996477,8.620000000000001,99.20620404579874
"U(0.001,0.01), eps=1e-07",10332282821,16532,0.5,29.580000000000002,29.654999999999998,25.074999999999996,20.225,29.858,11.6872,2.56335,0.006668161678208075,1.736906050955414,0.0186,0.9829427154009883,0.0170614332050877,0.9627,0.0002,0.7723123925594457,9.355,99.06892625092102
"U(0.001,0.01), eps=1e-07",15033938186,22718,0.8,35.235,35.545,30.5,24.25,35.497,11.5533,3.84765,0.007041902661631709,2.1722754777070055,0.1111,0.9895224898344389,0.010497240827047656,0.99185,0.00085,0.8947895076874627,10.985,99.26190945713722
"U(0.001,0.01), eps=1e-07",18134725979,12808,0.8,38.265,38.365,33.184999999999995,26.505000000000003,38.623000000000005,11.5529,3.83995,0.003292979176721643,2.176183121019107,0.13465,0.9863094501112406,0.013720396541902857,0.98435,0.0013,0.8958379884947075,11.759999999999998,99.07309116329647
"U(0.001,0.01), eps=1e-07",26386845396,72900,0.6,45.12,44.885000000000005,39.65,31.745,45.472,11.6233,2.9163,0.01194269428727435,1.8768601910828016,0.01665,0.9923564090467757,0.007644217212151702,0.99865,0.0002,0.810624516330747,13.374999999999996,99.2258972554539
"U(0.001,0.01), eps=1e-07",38394051873,127631,0.6,52.785000000000004,52.705,46.635,37.714999999999996,53.038,11.63025,2.915,0.014362605448407822,1.8739124203821644,0.01275,0.9941216098373427,0.005878855278936782,1.0,0.0001,0.8095004781759533,15.070000000000007,99.52298352124892
"U(0.001,0.01), eps=1e-07",46312922226,71532,0.5,56.76,56.82000000000001,50.934999999999995,41.120000000000005,57.033,11.68435,2.57605,0.006434764746528923,1.7373547770700632,0.00945,0.9914899228548935,0.008510309703246377,0.9981,0.0001,0.7715267804069251,15.639999999999993,99.52132975645678
"U(0.001,0.01), eps=1e-07",67387393667,10673,0.5,64.86,64.895,58.294999999999995,48.565000000000005,65.25999999999999,11.6854,2.5581,0.0006606140411377914,1.7391388535031844,0.0209,0.9785532645550818,0.02145402550404882,0.93535,0.0003,0.7733087470307899,16.294999999999995,99.38706711615079
"U(0.001,0.01), eps=1e-07",81286214132,24592,0.7,69.065,69.28,63.129999999999995,52.54299999999999,69.393,11.58295,3.32595,0.001359274640471949,2.0242633757961777,0.0501,0.9880689535907077,0.01193717126242654,0.9858,0.0003,0.8524864683761704,16.522000000000006,99.52732984594988
"U(0.001,0.01), eps=1e-07",118275113038,165240,0.99,77.065,77.08500000000001,71.825,61.17700000000001,77.403,11.5753,5.0341,0.007074880717595723,2.507599999999999,0.33085,0.9974627172126193,0.002546908794035631,1.0,0.0014,0.9895010809821204,15.887999999999991,99.56332441895016
"U(0.001,0.01), eps=1e-07",172095631632,21057,0.5,84.38,84.495,78.39,70.337,84.64399999999999,11.68445,2.5659,0.0005102839910392656,1.7390296178343942,0.0169,0.9835725728324481,0.016430836640538116,0.96145,0.00015,0.7723330392573255,14.042999999999992,99.68810547705687
"U(0.001,0.01), eps=1e-07",207590791138,143061,0.9,87.69500000000001,87.215,83.25,74.767,87.823,11.5491,4.4993,0.0033351584449427627,2.327901592356687,0.1211,0.9961301861156365,0.003871379396629836,0.99995,0.00035,0.9389449769428191,12.928000000000011,99.85425230292749
"U(0.001,0.01), eps=1e-07",302053977412,176839,0.99,92.955,92.61,89.51,83.405,93.062,11.57525,5.0298,0.0029646520719025784,2.507433121019108,0.3209,0.99732035324463,0.0026851824977509567,1.0,0.00085,0.9894215707928763,9.549999999999997,99.88502288796717
"U(0.001,0.01), eps=1e-07",439502180084,1449195,0.9,96.61,96.355,93.32000000000001,90.45,96.662,11.55115,4.51485,0.015940496473042513,2.3244159235668787,0.0437,0.9986524549217273,0.0013475450782725207,1.0,0.0,0.9376344888917015,6.159999999999997,99.9462042995179
"U(0.001,0.01), eps=1e-08",856560509554,57160,0.5,27.355,27.16,22.965,18.5,27.337,11.68605,2.5736,0.00027819572471310345,1.7387894904458594,0.00985,0.9906883859393356,0.009311614060665295,0.99615,0.0,0.7715970491092208,8.855,100.06584482569411
"U(0.001,0.01), eps=1e-08",1033228282146,892986,0.95,29.875,29.815,25.580000000000002,20.227999999999998,29.858,11.5659,4.8201,0.004278292166640933,2.4175990445859865,0.08435,0.998734609833717,0.0012656224543203447,1.0,5e-05,0.9635430868002451,9.647000000000002,100.05693616451202
"U(0.001,0.01), eps=1e-08",1503393818606,645100,0.9,35.42,35.52,31.195,24.238,35.497,11.551,4.5127,0.002073695542140604,2.3246398089171962,0.06035,0.998317129593057,0.0016832991586345873,1.0,0.0001,0.9376846665856984,11.182000000000002,99.78308026030369
"U(0.001,0.01), eps=1e-08",1813472597980,711404,0.5,38.615,38.42,33.345,26.490000000000002,38.623000000000005,11.68795,2.5678,0.0016304566095460824,1.7302124203821645,0.00285,0.9972635059125005,0.00273649408749951,1.0,0.0,0.7696051215469107,12.125,99.97928695336974
"U(0.001,0.01), eps=1e-08",2638684539638,343338,0.5,45.515,45.214999999999996,39.25,31.745,45.472,11.6878,2.56575,0.0005411021668499555,1.732208598726114,0.0039,0.996083646321187,0.003916353678812969,1.0,0.0,0.7700411025895428,13.77,100.09456368754398
"U(0.001,0.01), eps=1e-08",3839405187307,1875241,0.8,53.25,51.24999999999999,46.685,37.714999999999996,53.038,11.54705,3.8831,0.0022674351358636757,2.165171337579617,0.01515,0.9987886108793901,0.001211505129890544,1.0,5e-05,0.8923206977210817,15.535000000000004,100.39971341302463
"U(0.001,0.01), eps=1e-08",4631292222671,827398,0.5,57.095,56.785,50.77,41.128,57.033,11.68515,2.56785,0.0007429590503406519,1.7321251592356683,0.0025,0.997424478287927,0.0025755217120730415,1.0,0.0,0.7698126130688486,15.966999999999999,100.10870899303912
"U(0.001,0.01), eps=1e-08",6738739366737,705527,0.5,65.325,64.92999999999999,58.989999999999995,48.568,65.25999999999999,11.6855,2.5673,0.0004352793006292616,1.731677707006369,0.0028,0.9971944994049462,0.00280550059505382,1.0,0.0,0.7699235961490787,16.757000000000005,100.09960159362551
"U(0.001,0.01), eps=1e-08",8128621413272,45531,0.5,69.12,69.52000000000001,63.349999999999994,52.547999999999995,69.393,11.6856,2.5723,2.3348582127114136e-05,1.7380904458598718,0.01165,0.9891981924146843,0.010802004435710244,0.9894,5e-05,0.7715275854121912,16.57200000000001,99.60658856080585
"U(0.001,0.01), eps=1e-08",11827511303817,53594,0.7,77.29,76.86,68.985,61.182,77.403,11.57585,3.3361,2.0310434764173492e-05,2.0202675159235657,0.03595,0.991668622894552,0.008333215908892522,0.99455,0.00025,0.8511347180880897,16.108000000000004,99.85401082645376
"U(0.001,0.01), eps=1e-08",17209563163258,41780,0.6,84.52,84.03,79.07499999999999,70.355,84.64399999999999,11.6266,2.91,1.0508454916920941e-05,1.8797187898089163,0.0211,0.9892753341392059,0.010725600440234252,0.9863,5e-05,0.8113118717904183,14.164999999999992,99.85350408770853
"U(0.001,0.01), eps=1e-08",20759079113881,7382,0.5,87.625,87.30499999999999,81.235,74.765,87.823,11.68675,2.5648,1.4863783311836598e-06,1.7448840764331206,0.02415,0.9729246722817848,0.027082266996717647,0.90475,0.00035,0.7748538742878228,12.86,99.77454653109095
"U(0.001,0.01), eps=1e-08",30205397741290,31973,0.95,92.89,92.625,90.55499999999999,83.39999999999999,93.062,11.5793,4.81305,5.2649022993169286e-06,2.4282471337579614,0.34805,0.9930161598368541,0.007019068607611928,0.99835,0.00225,0.9667903399621058,9.490000000000009,99.81517697878834
"U(0.001,0.01), eps=1e-08",43950218008441,30427,0.6,96.60499999999999,96.325,95.44500000000001,90.443,96.662,11.63075,2.9119,2.998691664146881e-06,1.8815105095541391,0.0245,0.9860514378669184,0.013949657544979453,0.9712,0.0001,0.8120037413346141,6.161999999999992,99.94103163601
"U(0.001,0.1), eps=1e-04",89653,1045,0.5,26.8,27.525,19.63,18.252,31.727,1.0,1.0,0.17484077498800896,1.0,0.0,0.9280609037680915,0.07348393371169797,0.502,0.00895,0.49454307636043093,8.548000000000002,84.47064014876919
"U(0.001,0.1), eps=1e-04",108144,261,0.5,30.925000000000004,30.78,21.25,20.185,34.412,1.0,1.0,0.0362017310252996,1.0,0.0,0.8850125149041491,0.11924510289052818,0.25465,0.0149,0.49454307636043093,10.740000000000006,89.86690689294434
"U(0.001,0.1), eps=1e-04",157355,441,0.5,36.614999999999995,37.165,26.39,24.15,40.276,1.0,1.0,0.04203870229735321,1.0,0.0,0.9013169770812405,0.10070794954251266,0.34995,0.0117,0.49454307636043093,12.464999999999996,90.91021948554969
"U(0.001,0.1), eps=1e-04",189810,473,0.5,39.93,40.015,30.345,26.267000000000003,43.449,1.0,1.0,0.03737948474790551,1.0,0.0,0.9025323665651891,0.09927935801550247,0.3569,0.0107,0.49454307636043093,13.662999999999997,91.90084927155976
"U(0.001,0.1), eps=1e-04",276182,563,0.5,47.044999999999995,47.48,37.515,31.535000000000004,50.23800000000001,1.0,1.0,0.030577662555851037,1.0,0.0,0.9057400022302491,0.09551526887671843,0.3891,0.00895,0.49454307636043093,15.509999999999991,93.64425335403476
"U(0.001,0.1), eps=1e-04",401857,936,0.5,54.745,55.215,45.145,37.574999999999996,57.516999999999996,1.0,1.0,0.034937801257661015,1.0,0.0,0.917785228395418,0.08273326328171475,0.46825,0.00475,0.49454307636043093,17.17,95.18055531408106
"U(0.001,0.1), eps=1e-04",484741,1087,0.5,58.80499999999999,58.865,47.68,41.042,61.285999999999994,1.0,1.0,0.03363651929587152,1.0,0.0,0.9205745390631491,0.07985780539734619,0.49095,0.0043,0.49454307636043093,17.76299999999999,95.95176712462879
"U(0.001,0.1), eps=1e-04",705321,1114,0.5,66.595,66.28500000000001,57.91,48.497,68.919,1.0,1.0,0.02369134053856342,1.0,0.0,0.9180319801052076,0.08227106631512979,0.4881,0.0033,0.49454307636043093,18.098,96.62792553577388
"U(0.001,0.1), eps=1e-04",850795,5251,0.5,69.715,70.895,60.845000000000006,52.502,72.70299999999999,1.0,1.0,0.09257811811305974,1.0,0.0,0.9524414148737865,0.047626053154686536,0.7331,0.00105,0.49454307636043093,17.213,95.89012833033026
"U(0.001,0.1), eps=1e-04",1237946,2630,0.5,78.5,78.91,70.37,61.17,79.965,1.0,1.0,0.031867302774111525,1.0,0.0,0.9345716775139404,0.06552736122308028,0.6211,0.00145,0.49454307636043093,17.33,98.16794847745888
"U(0.001,0.1), eps=1e-04",1801267,4508,0.5,85.345,85.37,78.415,70.235,86.467,1.0,1.0,0.037540242507079734,1.0,0.0,0.9422656988602855,0.05777633677535564,0.68585,0.0006,0.49454307636043093,15.11,98.7023951334035
"U(0.001,0.1), eps=1e-04",2172783,10357,0.5,87.79,88.35,82.765,74.703,89.305,1.0,1.0,0.07150046737294956,1.0,0.0,0.9556851678066627,0.044334423197293284,0.77755,0.00025,0.49454307636043093,13.087000000000003,98.30356642965118
"U(0.001,0.1), eps=1e-04",3161498,11643,0.5,93.305,93.065,88.51,83.368,93.955,1.0,1.0,0.055241217928969466,1.0,0.0,0.9534426178942854,0.04657572456147053,0.77075,0.00025,0.49454307636043093,9.937000000000012,99.3081794476079
"U(0.001,0.1), eps=1e-04",4600122,8262,0.5,96.99,96.665,93.415,90.31700000000001,97.121,1.0,1.0,0.026940589836530086,1.0,0.0,0.9418138608680361,0.058196139131963774,0.7074,0.0001,0.49454307636043093,6.672999999999988,99.8651167100833
"U(0.001,0.1), eps=1e-06",896533333,18112,0.7,30.56,31.535000000000004,25.55,18.482000000000003,31.727,11.7403,2.569,0.0399358812141344,3.4397900000000003,0.02685,0.9858273158624945,0.014530192927971327,0.9391,0.0032,0.8348957776535526,12.077999999999996,96.3217448860592
"U(0.001,0.1), eps=1e-06",1081445601,15852,0.7,33.35,33.11,28.825,20.233,34.412,11.74035,2.5695,0.028951842209028446,3.4295166666666685,0.02905,0.9848282033590602,0.015611221115358802,0.9333,0.00345,0.83448218183203,13.117,96.91386725560851
"U(0.001,0.1), eps=1e-06",1573552196,17078,0.6,39.37,40.435,33.125,24.255,40.276,11.76595,2.3196,0.021072601128637795,3.0742433333333343,0.01625,0.9825742687865657,0.01770183987321742,0.92065,0.00225,0.7874821784761747,15.114999999999998,97.75052140232394
"U(0.001,0.1), eps=1e-06",1898101319,8437,0.8,42.480000000000004,42.5,35.24,26.51,43.449,11.7223,2.8479,0.008984305071572418,3.866593333333335,0.06405,0.9839218167419058,0.017552886091100162,0.9301,0.007,0.8859695029763761,15.970000000000002,97.76979907477732
"U(0.001,0.1), eps=1e-06",2761823151,12928,0.8,49.595,49.09,42.370000000000005,31.755,50.23800000000001,11.721,2.8455,0.009442434589541901,3.8467866666666675,0.05385,0.9864306858842948,0.014381970462791497,0.9432,0.00545,0.8834180458711357,17.84,98.72009236036465
"U(0.001,0.1), eps=1e-06",4018577429,27047,0.5,57.04,56.98,50.72,37.717,57.516999999999996,11.7971,2.11285,0.012839756705506526,2.7326266666666683,0.0076,0.9831985844586275,0.016900261516252523,0.9252,0.0012,0.7424692223221162,19.323,99.1706799728776
"U(0.001,0.1), eps=1e-06",4847419193,21845,0.7,60.614999999999995,60.995,55.010000000000005,41.137,61.285999999999994,11.7387,2.5716,0.008911468292319391,3.4556400000000007,0.02405,0.9861520138434616,0.01412672602357668,0.94355,0.00255,0.8353112068439985,19.477999999999994,98.90513330940182
"U(0.001,0.1), eps=1e-06",7053213870,33471,0.5,68.415,69.015,62.995000000000005,48.577999999999996,68.919,11.7985,2.1154,0.009054375295421175,2.733913333333334,0.0072,0.9838928385253863,0.016153832345402398,0.9293,0.00095,0.7425082521587945,19.83700000000001,99.26870674269797
"U(0.001,0.1), eps=1e-06",8507957079,38719,0.5,72.075,71.71499999999999,65.715,52.547999999999995,72.70299999999999,11.79655,2.11485,0.008692872802297061,2.7496400000000003,0.007,0.9846480519587292,0.015395519916047562,0.93385,0.001,0.7423558335355654,19.527000000000008,99.13621171065844
"U(0.001,0.1), eps=1e-06",12379461831,14592,0.6,79.515,79.52,74.6,61.185,79.965,11.76505,2.3242,0.002286624312109809,3.0644066666666667,0.01765,0.978329814555831,0.02195175529617685,0.90225,0.0023,0.7878128302453967,18.33,99.43725379853686
"U(0.001,0.1), eps=1e-06",18012676110,87984,0.5,86.175,85.76,81.82000000000001,70.357,86.467,11.7907,2.11515,0.009338641091548527,2.7640500000000006,0.00385,0.9875755591611179,0.012447145562485646,0.94635,0.00055,0.7422192344718844,15.817999999999998,99.66229891172355
"U(0.001,0.1), eps=1e-06",21727836139,12030,0.5,88.92999999999999,88.97,85.61999999999999,74.77000000000001,89.305,11.7943,2.11175,0.0010574096230070963,2.7449200000000014,0.0138,0.9700400427383787,0.030158322552099492,0.86265,0.002,0.7439161489568829,14.159999999999982,99.5800907004087
"U(0.001,0.1), eps=1e-06",31614982969,45696,0.6,93.895,93.27,91.55,83.41300000000001,93.955,11.76635,2.3314,0.0028100608092786845,3.1026133333333332,0.01045,0.9813231804902453,0.018703928757107226,0.92885,0.0006,0.7883756946833761,10.481999999999985,99.93613964131765
"U(0.001,0.1), eps=1e-06",46001228182,12987,0.5,96.99,96.81,95.33,90.445,97.121,11.7938,2.1105,0.0005383777042987897,2.7216200000000006,0.01285,0.9615174755281131,0.0384999667405597,0.84015,0.0006,0.7431504406075814,6.545000000000002,99.8651167100833
"U(0.005,0.05), eps=1e-04",43380,229,0.5,22.795,22.335,19.095000000000002,18.22,27.422,1.0,1.0,0.16364684186261,1.0,0.0,0.9022826741383717,0.09835570146535441,0.24915,0.00895,0.5501185561087728,4.575000000000003,83.12668660199839
"U(0.005,0.05), eps=1e-04",52328,265,0.5,25.009999999999998,26.085,21.245,20.058,29.95,1.0,1.0,0.15699052132701605,1.0,0.0,0.9069025879515692,0.09364798641969492,0.2692,0.008,0.5501185561087728,4.951999999999998,83.50584307178632
"U(0.005,0.05), eps=1e-04",76139,450,0.5,29.81,30.759999999999998,26.165,24.099999999999998,35.601,1.0,1.0,0.18321753634799576,1.0,0.0,0.9236868510516173,0.07666919161419973,0.37745,0.0061,0.5501185561087728,5.710000000000001,83.73360298868009
"U(0.005,0.05), eps=1e-04",91843,520,0.5,33.135,34.075,28.994999999999997,26.474999999999998,38.732,1.0,1.0,0.1755169147349279,1.0,0.0,0.9279771986218808,0.07229246639613757,0.41465,0.00485,0.5501185561087728,6.66,85.54941650314986
"U(0.005,0.05), eps=1e-04",133636,28,0.9,35.725,42.26,35.535,31.483,45.592,9.1635,3.7947,0.17802965967254336,2.5990225806451632,0.7405,0.937469419576962,0.10801625719008477,0.3149,0.09035,1.0277899518445608,4.242000000000001,78.3580452711002
"U(0.005,0.05), eps=1e-04",194447,17,0.8,44.955,49.36,42.875,37.53,53.16499999999999,9.16785,3.45175,0.07226701774776655,2.4579693548387103,0.5852,0.8845133160708752,0.15657588221088206,0.1709,0.0644,0.9858885576988125,7.424999999999997,84.55750963980063
"U(0.005,0.05), eps=1e-04",234552,38,0.6,49.04,53.795,47.08,40.92,57.160999999999994,9.47555,2.263,0.12398339216890053,2.000472580645163,0.1876,0.8318982343414738,0.1735221600670427,0.08405,0.0139,0.8449278072435733,8.119999999999997,85.79276079844651
"U(0.005,0.05), eps=1e-04",341284,71,0.5,57.415000000000006,62.765,55.894999999999996,48.402,65.384,9.4634,2.10635,0.15211301262291832,1.8265854838709692,0.11115,0.8464626500009536,0.15528012843933414,0.08125,0.0066,0.7963563871681537,9.013000000000005,87.81200293649825
"U(0.005,0.05), eps=1e-04",411675,65,0.5,62.55500000000001,66.62,59.62499999999999,52.459999999999994,69.512,9.4731,2.10095,0.1162489573085562,1.8448338709677443,0.11275,0.8418550562625873,0.16003044466113087,0.0776,0.0072,0.8005832905528576,10.095000000000013,89.99165611692946
"U(0.005,0.05), eps=1e-04",599006,73,0.5,71.675,75.17,69.215,61.133,77.505,9.46445,2.1081,0.08906955205790955,1.828130645161292,0.11525,0.8451519056679615,0.15633825562272685,0.0816,0.00605,0.7984777024939075,10.541999999999994,92.47790465131283
"U(0.005,0.05), eps=1e-04",871581,4732,0.5,80.685,83.49499999999999,78.08500000000001,70.10300000000001,84.724,1.0,1.0,0.16830564227535794,1.0,0.0,0.9681525554543953,0.03187690663335262,0.819,0.00065,0.5501185561087728,10.581999999999994,95.23275577168216
"U(0.005,0.05), eps=1e-04",1051346,230,0.5,83.08,86.72999999999999,82.41000000000001,74.675,87.89099999999999,9.43015,2.2087,0.15726402535416545,1.7967870967741955,0.07665,0.8934775295039699,0.10694243697810522,0.13545,0.0029,0.7894798080689882,8.405000000000001,94.52617446610006
"U(0.005,0.05), eps=1e-04",1529757,86,0.5,90.27,92.205,88.94999999999999,83.35000000000001,93.105,9.4544,2.1228,0.04099989566970448,1.824291935483873,0.1104,0.8423827726166494,0.15852398067130546,0.0749,0.0046,0.7963738833360421,6.9199999999999875,96.95505074915418
"U(0.005,0.05), eps=1e-04",2225865,340,0.7,94.755,96.1,93.975,90.335,96.685,9.3316,2.6613,0.11667182106731523,2.080182258064517,0.15475,0.9171941272766954,0.08327934361539617,0.22425,0.00505,0.8677119883148809,4.420000000000002,98.00382686042302
"U(0.005,0.05), eps=1e-06",433806451,8491,0.99,26.88,27.02,24.26,18.488,27.423,9.20965,3.7366,0.01622930299047121,2.541309677419356,0.32435,0.9912089013447134,0.009103061615515651,0.9991,0.0074,0.9944432042929259,8.392,98.01991029427853
"U(0.005,0.05), eps=1e-06",523280129,2341,0.95,29.470000000000002,29.425,26.46,20.225,29.95,9.229,3.58115,0.0036670099794674223,2.467196774193549,0.34975,0.9822647062681837,0.018332689965745934,0.9846,0.0091,0.9749155634388939,9.245000000000001,98.39732888146914
"U(0.005,0.05), eps=1e-06",761396224,5966,0.6,35.0,35.495,31.840000000000003,24.23,35.602000000000004,9.3703,2.47285,0.005727292417594119,1.9016903225806472,0.0311,0.9778362936191551,0.02219581943909839,0.9324,0.0009,0.8162706818880726,10.77,98.30908375933936
"U(0.005,0.05), eps=1e-06",918436122,11123,0.7,38.235,38.6,34.53,26.482,38.733000000000004,9.3142,2.73825,0.009097355714140722,2.0398983870967755,0.0401,0.9851837931761149,0.014839138228196757,0.97165,0.0008,0.8552469158785949,11.753,98.71427464952365
"U(0.005,0.05), eps=1e-06",1336366041,13016,0.6,45.065,43.86,41.005,31.745,45.592,9.3692,2.46815,0.007113805098853139,1.8977258064516158,0.02265,0.98465975737244,0.015351581849544422,0.9661,0.00055,0.8148859208201259,13.319999999999997,98.84409545534305
"U(0.005,0.05), eps=1e-06",1944472949,11701,0.9,52.915,53.154999999999994,48.18,37.717,53.16499999999999,9.234,3.39475,0.004810588120375036,2.35744677419355,0.1212,0.9893955805997002,0.010666435253410848,0.9929,0.0018,0.9430932873453168,15.198,99.52976582338006
"U(0.005,0.05), eps=1e-06",2345525415,5862,0.8,56.65,57.11000000000001,52.605000000000004,41.132000000000005,57.160999999999994,9.2688,3.03585,0.0019380524212311674,2.198785483870969,0.0853,0.9822270190260722,0.01783135167779726,0.9681,0.0016,0.898992115060442,15.517999999999994,99.10603383425763
"U(0.005,0.05), eps=1e-06",3412845421,12544,0.9,64.96499999999999,65.01,59.724999999999994,48.562,65.384,9.2346,3.3926,0.0029392213563135196,2.3580806451612912,0.11605,0.9896277999630353,0.010430182276630236,0.9934,0.00175,0.9430530775946252,16.40299999999999,99.35917043925117
"U(0.005,0.05), eps=1e-06",4116753425,6804,0.7,68.91000000000001,69.435,64.61,52.553000000000004,69.512,9.31245,2.73535,0.0012419907225801373,2.0423193548387117,0.04805,0.9804994872862975,0.019536161604028754,0.952,0.00115,0.8559187349790426,16.357000000000006,99.13396248129821
"U(0.005,0.05), eps=1e-06",5990062176,69663,0.9,77.24499999999999,77.16499999999999,72.265,61.193,77.505,9.2285,3.40975,0.009266605164650618,2.349172580645162,0.0548,0.9953831002976699,0.004629025329754328,0.9992,0.00055,0.9402015581920552,16.051999999999992,99.66453777175666
"U(0.005,0.05), eps=1e-06",8715811021,34735,0.7,84.57000000000001,84.425,80.47,70.368,84.724,9.31175,2.7394,0.002993311880201445,2.041901612903227,0.02445,0.9907954221849166,0.009211450267035154,0.98955,0.0003,0.8541007628560259,14.202000000000012,99.81823332231717
"U(0.005,0.05), eps=1e-06",10513469099,12015,0.8,87.675,87.405,84.21499999999999,74.77000000000001,87.89099999999999,9.2704,3.045,0.0008858840332146771,2.1967258064516137,0.0645,0.9863310182121815,0.013700861261287195,0.97925,0.00115,0.8980456037256676,12.904999999999987,99.75424104857153
"U(0.005,0.05), eps=1e-06",15297572404,19115,0.9,92.985,92.73,90.435,83.41,93.105,9.2326,3.3987,0.0009980825487714423,2.355891935483872,0.10105,0.9904635261911527,0.009565229724243613,0.99335,0.00105,0.9422613907148769,9.575000000000003,99.87111325922345
"U(0.005,0.05), eps=1e-06",22258658797,25326,0.7,96.60499999999999,96.16,94.925,90.455,96.685,9.3128,2.74005,0.0008554456681939142,2.0440112903225827,0.0276,0.9878420006212653,0.012165656879605526,0.97835,0.0004,0.8544446404275683,6.1499999999999915,99.91725707193461
"U(0.01,0.1), eps=1e-03",896,9,0.5,19.405,18.07,17.854999999999997,17.505000000000003,27.739000000000004,1.0,1.0,0.15066964285714338,1.0,0.0,0.7653568301150137,0.25393021407378424,0.07395,0.04995,0.5383572596236285,1.8999999999999986,69.95565809870578
"U(0.01,0.1), eps=1e-03",1081,14,0.5,21.44,20.89,19.85,19.545,30.293999999999997,1.0,1.0,0.19426456984273957,1.0,0.0,0.7761430180639239,0.23659207797764562,0.06955,0.03975,0.5383572596236285,1.8949999999999996,70.77309038093352
"U(0.01,0.1), eps=1e-03",1573,20,0.5,26.045,26.11,23.135,23.474999999999998,35.997,1.0,1.0,0.19071837253655236,1.0,0.0,0.7949543886531807,0.21424638093571174,0.07655,0.0324,0.5383572596236285,2.570000000000004,72.35325165986055
"U(0.01,0.1), eps=1e-03",1898,23,0.5,29.385,30.165,25.52,26.227,39.158,1.0,1.0,0.18177028451000954,1.0,0.0,0.7990010224693599,0.20863001551822252,0.0809,0.029,0.5383572596236285,3.1580000000000013,75.04213698350273
"U(0.01,0.1), eps=1e-03",2761,29,0.5,36.645,36.059999999999995,32.36,31.825,46.06,1.0,1.0,0.1575516117348788,1.0,0.0,0.8107174790574831,0.1947965938599164,0.0912,0.0239,0.5383572596236285,4.820000000000004,79.55927051671733
"U(0.01,0.1), eps=1e-03",4018,47,0.5,43.915,44.59,37.964999999999996,37.580000000000005,53.671,1.0,1.0,0.17546042807366763,1.0,0.0,0.8310900391856688,0.17205345228818522,0.1021,0.01825,0.5383572596236285,6.334999999999994,81.82258575394533
"U(0.01,0.1), eps=1e-03",4847,54,0.5,47.86,49.05,41.125,40.858,57.679,1.0,1.0,0.16711367856406012,1.0,0.0,0.8390209279397363,0.163596960516602,0.11425,0.01635,0.5383572596236285,7.0020000000000024,82.97647323982731
"U(0.01,0.1), eps=1e-03",7053,72,0.5,57.38999999999999,57.65,48.69,48.245,65.905,1.0,1.0,0.15312632922160713,1.0,0.0,0.8482520959929946,0.15336319342748644,0.12195,0.0119,0.5383572596236285,9.144999999999996,87.07988771716863
"U(0.01,0.1), eps=1e-03",8507,85,0.5,61.575,62.45,53.205000000000005,52.35999999999999,70.02000000000001,1.0,1.0,0.14987657223463158,1.0,0.0,0.8543756274804915,0.14684614765349102,0.12995,0.0102,0.5383572596236285,9.21500000000001,87.93916023993144
"U(0.01,0.1), eps=1e-03",12379,151,0.5,69.73,71.58,61.205,60.977000000000004,77.971,1.0,1.0,0.18297116083689982,1.0,0.0,0.8762220175837209,0.12438633734363946,0.1733,0.0067,0.5383572596236285,8.753,89.43068576778545
"U(0.01,0.1), eps=1e-03",18012,187,0.5,78.69,80.14,71.41999999999999,70.085,85.115,1.0,1.0,0.15572951365756188,1.0,0.0,0.8796824370024223,0.12064777835768675,0.181,0.00365,0.5383572596236285,8.605000000000004,92.4513892968337
"U(0.01,0.1), eps=1e-03",21727,272,0.5,82.44,84.3,75.305,74.613,88.236,1.0,1.0,0.18778478390942133,1.0,0.0,0.8932367631460305,0.10701292236771498,0.2325,0.0029,0.5383572596236285,7.826999999999998,93.43125254997959
"U(0.01,0.1), eps=1e-03",31614,316,0.5,89.545,90.385,84.315,83.017,93.35,1.0,1.0,0.14993357373315636,1.0,0.0,0.8918227461969318,0.10835801433736982,0.23645,0.00205,0.5383572596236285,6.528000000000006,95.92394215318694
"U(0.01,0.1), eps=1e-03",46001,535,0.5,94.28,95.575,90.955,90.05300000000001,96.833,1.0,1.0,0.1744527292884938,1.0,0.0,0.9051726433588727,0.09488602181522349,0.30245,0.0006,0.5383572596236285,4.22699999999999,97.36350211188335
"U(0.01,0.1), eps=1e-04",89653,1045,0.5,24.135,25.21,21.21,18.395,27.747,1.0,1.0,0.17484077498800896,1.0,0.0,0.947768873980442,0.052564137331058046,0.54635,0.00485,0.5383572596236285,5.740000000000002,86.98237647313223
"U(0.01,0.1), eps=1e-04",108144,20,0.8,25.445,26.974999999999998,23.59,20.197000000000003,30.299,8.30895,2.85995,0.06914041463234201,2.4790400000000004,0.51755,0.8862938912609621,0.15324336705537128,0.14595,0.06135,0.9717393913344745,5.2479999999999976,83.97966929601637
"U(0.01,0.1), eps=1e-04",157355,1663,0.5,32.225,34.425,29.509999999999998,24.3,36.003,1.0,1.0,0.15852689777890822,1.0,0.0,0.9574615829472636,0.0427347479654672,0.6398,0.00295,0.5383572596236285,7.925000000000001,89.50643001972058
"U(0.01,0.1), eps=1e-04",189810,39,0.8,34.0,37.445,32.015,26.435,39.159,8.2984,2.6695,0.07572094199462621,2.401223333333337,0.41045,0.8895244232910596,0.1280973032850797,0.1376,0.03825,0.9441687558634998,7.565000000000001,86.8255062693123
"U(0.01,0.1), eps=1e-04",276182,70,0.8,41.02,43.95,38.83,31.602999999999998,46.066,8.29045,2.64245,0.09226479640237222,2.3588500000000057,0.34325,0.899164711551101,0.10923597933285857,0.15955,0.0256,0.9311053819787878,9.417000000000005,89.04615117440194
"U(0.01,0.1), eps=1e-04",401857,83,0.9,47.345,51.519999999999996,46.36,37.605,53.674,8.26815,2.962,0.07770921136125543,2.542550000000002,0.50175,0.9307343166307406,0.08299673802333718,0.3009,0.0456,0.9814397195362491,9.740000000000002,88.20844356671759
"U(0.01,0.1), eps=1e-04",484741,113,0.7,52.53,55.495000000000005,49.39,41.155,57.68,8.3234,2.4069,0.08178174550945758,2.1659200000000043,0.2058,0.8973610210860812,0.10584706075110309,0.1422,0.01335,0.8804160560737478,11.375,91.07142857142857
"U(0.01,0.1), eps=1e-04",705321,107,0.6,61.3,64.44,58.595,48.597,65.905,8.38105,2.21685,0.05177272887096799,2.010003333333339,0.1446,0.8786854220115223,0.12338537115920709,0.0928,0.00865,0.8368059987984109,12.702999999999996,93.01266975191564
"U(0.01,0.1), eps=1e-04",850795,73,0.6,65.11,68.19,63.044999999999995,52.417,70.023,8.3916,2.19195,0.029468757926410103,2.026903333333339,0.15565,0.8617468584720591,0.1410149552692074,0.07475,0.00995,0.8412111710881202,12.692999999999998,92.98373391599904
"U(0.01,0.1), eps=1e-04",1237946,136,0.6,74.53999999999999,76.4,71.585,61.157,77.971,8.3781,2.2224,0.03735650666507254,2.0028633333333388,0.12655,0.8878297523741298,0.11366046270943785,0.1112,0.00755,0.833609761888031,13.382999999999996,95.59964602223903
"U(0.01,0.1), eps=1e-04",1801267,511,0.6,81.92,83.91499999999999,80.4,70.285,85.115,8.3675,2.27835,0.09551120433561482,1.982563333333338,0.0776,0.9313096173314288,0.06906079693652023,0.37125,0.0035,0.8252409583228176,11.635000000000005,96.24625506667451
"U(0.01,0.1), eps=1e-04",2172783,492,0.5,85.61,87.41,83.625,74.792,88.236,8.4251,2.09505,0.07411593721048061,1.830126666666671,0.0563,0.9219824033337902,0.07825893140300559,0.3033,0.00235,0.7837401670395935,10.817999999999998,97.02389047554286
"U(0.01,0.1), eps=1e-04",3161498,475,0.5,91.77,92.77,90.045,83.32000000000001,93.35,8.4241,2.09475,0.0490962729535177,1.8253000000000048,0.05495,0.9173441987726665,0.08283301291202869,0.27295,0.0019,0.7827589836386725,8.449999999999989,98.30744509908945
"U(0.01,0.1), eps=1e-04",4600122,917,0.6,95.82000000000001,96.2,95.09,90.36999999999999,96.833,8.3668,2.2839,0.06678790373385746,1.9681100000000047,0.06195,0.939259825847959,0.06086367842158116,0.47235,0.00165,0.8219291222036134,5.450000000000017,98.9538690322514
"U(0.01,0.1), eps=1e-05",8965333,728,0.9,26.625,27.205000000000002,24.185000000000002,18.505,27.747,8.23515,2.95875,0.029689859506612862,2.454623333333336,0.25875,0.9673232937338635,0.034023234934042024,0.7686,0.01225,0.9545415526465182,8.120000000000001,95.95631960211915
"U(0.01,0.1), eps=1e-05",10814456,632,0.9,29.049999999999997,29.354999999999997,27.02,20.24,30.299,8.2369,2.9655,0.021403150301781262,2.458976666666668,0.26855,0.9655215886882941,0.036071097514578085,0.7381,0.01375,0.9557524705671306,8.809999999999999,95.87775174098154
"U(0.01,0.1), eps=1e-05",15735521,757,0.6,34.665,35.175,31.490000000000002,24.302,36.003,8.3659,2.28745,0.016150864858557934,1.9764066666666709,0.0678,0.947452151243598,0.05278874867271553,0.562,0.00275,0.823519685477852,10.363,96.28364302974752
"U(0.01,0.1), eps=1e-05",18981013,961,0.6,37.935,38.235,35.18,26.587,39.159,8.36625,2.2883,0.016939396825132517,1.9648633333333383,0.0609,0.9523170347572665,0.047852775782994544,0.6273,0.0019,0.8218239098714349,11.348000000000003,96.87428177430476
"U(0.01,0.1), eps=1e-05",27618231,3711,0.5,44.555,45.23,40.794999999999995,31.783,46.066,8.426,2.10475,0.04367653794336076,1.809090000000004,0.0201,0.9715106331219867,0.028520459677181656,0.82005,0.00065,0.7766771268417658,12.771999999999998,96.71992358789562
"U(0.01,0.1), eps=1e-05",40185774,2258,0.7,52.54,52.544999999999995,48.71,37.743,53.674,8.3141,2.50655,0.019339126393335123,2.123016666666671,0.06425,0.9708353325782313,0.029306584644800165,0.8357,0.0022,0.8636640032575628,14.796999999999997,97.88724522114991
"U(0.01,0.1), eps=1e-05",48474191,1634,0.95,56.225,56.71000000000001,51.934999999999995,41.14,57.68,8.21955,3.13865,0.012474693407467086,2.5367766666666687,0.2601,0.9786962753087699,0.022217855818128556,0.90815,0.01,0.9771793748939716,15.085,97.47746185852982
"U(0.01,0.1), eps=1e-05",70532138,4806,0.9,64.66499999999999,64.97500000000001,60.24,48.562,65.905,8.23435,2.99835,0.024680480865332702,2.4287166666666695,0.11615,0.9844512229725567,0.015747889289381322,0.94005,0.0034,0.9461838105131292,16.102999999999994,98.11850390713904
"U(0.01,0.1), eps=1e-05",85079570,8272,0.5,68.7,69.485,64.685,52.55800000000001,70.023,8.4299,2.09355,0.03158617133584479,1.804286666666672,0.014,0.9797149216794807,0.02029338364264824,0.8875,0.00025,0.7751686501473836,16.141999999999996,98.11062079602416
"U(0.01,0.1), eps=1e-05",123794618,4058,0.8,77.24499999999999,77.52,73.785,61.172000000000004,77.971,8.26825,2.7353,0.011532939114525948,2.2611766666666697,0.07465,0.9788165578068263,0.021275927159056848,0.8967,0.00185,0.9010720057812647,16.072999999999986,99.06888458529451
"U(0.01,0.1), eps=1e-05",180126761,10032,0.7,84.44,84.69,81.195,70.342,85.115,8.31955,2.4911,0.019041552343241244,2.094270000000004,0.0305,0.9837377937113699,0.01629219123260788,0.91905,0.0007,0.8542686446400352,14.097999999999999,99.20695529577631
"U(0.01,0.1), eps=1e-05",217278361,7027,0.8,87.805,87.605,84.24000000000001,74.77000000000001,88.236,8.26755,2.73405,0.011356549469737643,2.2538033333333365,0.05805,0.982789697830779,0.01726095090281106,0.9188,0.001,0.8984073373860684,13.034999999999997,99.5115372410354
"U(0.01,0.1), eps=1e-05",316149829,18083,0.6,93.025,92.595,90.255,83.39800000000001,93.35,8.3719,2.28015,0.01906392226025841,1.9457433333333372,0.0157,0.9854232371572771,0.014584673206868695,0.9315,0.00025,0.8132011268377126,9.626999999999995,99.65184788430638
"U(0.01,0.1), eps=1e-05",460012281,6043,0.7,96.60499999999999,96.635,95.285,90.45,96.833,8.31795,2.49315,0.004497925878309325,2.1003400000000028,0.03865,0.9763636710118384,0.023672174212998585,0.874,0.00075,0.8564668880554979,6.154999999999987,99.76454307932211
"U(0.01,0.1), eps=1e-06",896533333,20952,0.9,27.644999999999996,27.41,24.55,18.5,27.747,8.2359,3.0089,0.008440414971163157,2.416583333333335,0.0592,0.9928093522708216,0.007253961444252785,0.9774,0.00145,0.941517104876946,9.144999999999996,99.63239269110173
"U(0.01,0.1), eps=1e-06",1081445601,6574,0.8,30.03,30.075000000000003,26.615,20.233,30.299,8.27035,2.73555,0.002137563837018192,2.258543333333336,0.06025,0.984854825875583,0.015243512638579966,0.9343,0.00175,0.8992337371516449,9.797,99.11218192019538
"U(0.01,0.1), eps=1e-06",1573552196,27420,0.8,35.855,36.085,32.08,24.25,36.003,8.2705,2.7363,0.006118203663324798,2.2515666666666694,0.0296,0.992409038332529,0.007615017689879923,0.97675,0.00085,0.8958330018406361,11.604999999999997,99.58892314529344
"U(0.01,0.1), eps=1e-06",1898101319,23923,0.5,39.0,39.11,34.92,26.497999999999998,39.159,8.42985,2.09005,0.00408340408813551,1.7936333333333367,0.0088,0.9884669893405346,0.011545966541818659,0.95745,0.0003,0.7721274607956378,12.502000000000002,99.59396307362293
"U(0.01,0.1), eps=1e-06",2761823151,29572,0.95,45.885,45.94,41.095,31.752999999999997,46.066,8.2189,3.16375,0.003929629505520792,2.512456666666669,0.06905,0.9944931805684182,0.005599541201105898,0.9837,0.0018,0.96724868364495,14.132000000000001,99.60708548604175
"U(0.01,0.1), eps=1e-06",4018577429,42936,0.8,53.595000000000006,52.73,48.9,37.717,53.674,8.26855,2.7333,0.003747284860788981,2.2471566666666702,0.02375,0.9937897465941249,0.006237025464698729,0.9836,0.00075,0.8949557745556078,15.878000000000007,99.85281514327237
"U(0.01,0.1), eps=1e-06",4847419193,129032,0.9,57.38999999999999,56.769999999999996,52.790000000000006,41.142,57.68,8.2342,3.01425,0.009587922849155548,2.408656666666669,0.0242,0.9969680909579262,0.003067793029002675,0.9923,0.0008,0.9389657746502413,16.24799999999999,99.49722607489596
"U(0.01,0.1), eps=1e-06",7053213870,17699,0.8,65.62,64.235,61.394999999999996,48.568,65.905,8.2695,2.73305,0.0008807734499762178,2.2502566666666697,0.03725,0.9901518687676689,0.009874201260342701,0.96435,0.00085,0.8961267037500791,17.052000000000007,99.56755936575374
"U(0.01,0.1), eps=1e-06",8507957079,44333,0.7,69.76,69.32000000000001,65.39500000000001,52.553000000000004,70.023,8.3191,2.49335,0.0017808796110465217,2.0915033333333377,0.01545,0.9926997543013546,0.007312429522175169,0.9798,0.0004,0.8522969727003463,17.207,99.62440912271684
"U(0.01,0.1), eps=1e-06",12379461831,11951,0.8,77.815,77.48,73.625,61.193,77.971,8.27105,2.7318,0.0003390401850741015,2.2518400000000027,0.04365,0.9873882329404773,0.012656903751156252,0.94635,0.00105,0.8968980938711999,16.622,99.79992561336907
"U(0.01,0.1), eps=1e-06",18012676110,53766,0.8,84.94500000000001,84.675,81.13,70.355,85.115,8.26905,2.73205,0.0010461968814138621,2.2446900000000025,0.0216,0.9937515946142059,0.006261765679911866,0.98055,0.00045,0.8945198668530329,14.590000000000003,99.80027022263997
"U(0.01,0.1), eps=1e-06",21727836139,7632,0.6,88.075,87.495,84.39999999999999,74.767,88.236,8.37315,2.27475,0.00011705007919472681,1.9450533333333377,0.02265,0.9788933676723436,0.021120443602166528,0.88285,0.00035,0.8140133991984624,13.308000000000007,99.81753479305499
"U(0.01,0.1), eps=1e-06",31614982969,11318,0.9,93.19,92.9,91.095,83.408,93.35,8.2338,3.00905,0.000129360585349996,2.420656666666669,0.07895,0.9879625274150811,0.012109009935820987,0.95355,0.00135,0.9429612480900273,9.781999999999996,99.82860203535084
"U(0.01,0.1), eps=1e-06",46001228182,1189951,0.5,96.74000000000001,96.21,94.53,90.445,96.833,8.43295,2.0848,0.008372260059107545,1.787883333333338,0.0011,0.9977634592647368,0.0022365407352632604,0.99615,0.0,0.7693253331605848,6.295000000000016,99.90395836130244
"U(0.01,0.1), eps=1e-07",89653333333,21245,0.95,27.82,27.275,25.009999999999998,18.505,27.747,8.2181,3.16525,8.696685300076953e-05,2.5123900000000012,0.082,0.9937287797932457,0.006394839329957061,0.9805,0.0022,0.9674427662947793,9.315000000000001,100.26309150538798
"U(0.01,0.1), eps=1e-07",108144560197,4000,0.8,30.085,30.04,27.83,20.237,30.299,8.2685,2.73615,1.301159852549881e-05,2.2594766666666697,0.0747,0.9806266547039614,0.019482687447408574,0.9106,0.00205,0.9008853922869065,9.848000000000003,99.29370606290637
"U(0.01,0.1), eps=1e-07",157355219680,10507,0.9,35.845,35.154999999999994,31.669999999999998,24.245,36.003,8.23605,3.00235,2.413481339782145e-05,2.419760000000003,0.08185,0.9898818452067472,0.010251614270297648,0.96495,0.0023,0.9428197896112548,11.599999999999998,99.5611476821376
"U(0.01,0.1), eps=1e-07",189810131921,28493,0.5,39.12,39.315,34.165,26.503,39.159,8.4301,2.09255,4.8649665854736116e-05,1.7956100000000046,0.00805,0.9893914032861824,0.010613302596170887,0.9645,0.0002,0.7718401890628555,12.616999999999997,99.90040603692637
"U(0.01,0.1), eps=1e-07",276182315148,26188,0.5,46.01,45.945,41.945,31.755,46.066,8.4282,2.09045,3.073018175639496e-05,1.796080000000004,0.0083,0.9888883144596488,0.01111839142270432,0.96015,0.00025,0.7723230648659334,14.254999999999999,99.8784352884991
"U(0.01,0.1), eps=1e-07",401857742938,19105,0.9,53.65,52.775000000000006,49.3,37.722,53.674,8.23635,3.01235,1.7171619670806315e-05,2.4172933333333364,0.06195,0.99236806814879,0.007694120566284286,0.9762,0.00145,0.9415661629208293,15.927999999999997,99.95528561314603
"U(0.01,0.1), eps=1e-07",484741919306,51812,0.8,57.605,56.79,53.410000000000004,41.137,57.68,8.2695,2.73465,3.749822804725407e-05,2.2484233333333368,0.0223,0.9942298359019088,0.0057878773333851444,0.9854,0.0006,0.8951126821276217,16.467999999999996,99.86997226074897
"U(0.01,0.1), eps=1e-07",705321387051,293636,0.9,65.795,65.56,61.495,48.575,65.905,8.2357,3.01175,0.0001498903670901385,2.406760000000002,0.01665,0.9979396098596831,0.0021031131795325076,0.99455,0.00065,0.9383087449465635,17.22,99.83309308853653
"U(0.01,0.1), eps=1e-07",850795707922,20337,0.6,69.695,69.985,65.48,52.553000000000004,70.023,8.37215,2.27805,7.967601356272345e-06,1.9454033333333385,0.01435,0.9880231559173975,0.011985930917336409,0.95225,0.0003,0.8127989255998647,17.14199999999999,99.53158248004226
"U(0.01,0.1), eps=1e-07",1237946183132,18694,0.5,77.815,77.48,73.69,61.193,77.971,8.42775,2.091,4.8939516203136854e-06,1.7954166666666709,0.01015,0.9858102658470465,0.014197644517099544,0.9349,0.00025,0.7730542847246872,16.622,99.79992561336907
"U(0.01,0.1), eps=1e-07",1801267611087,52097,0.8,84.96000000000001,84.73,81.545,70.36200000000001,85.115,8.2697,2.73385,1.0139656025391041e-05,2.2455033333333376,0.0218,0.9936624852306318,0.006352875063486201,0.98025,0.0005,0.8947453065531381,14.597999999999999,99.81789343828937
"U(0.01,0.1), eps=1e-07",2172783613919,12097,0.5,88.065,87.705,84.64,74.77000000000001,88.236,8.42785,2.08755,1.8049121231067004e-06,1.7967866666666712,0.01155,0.9813760927592341,0.018629817604912207,0.8978,0.0002,0.7731084561081552,13.294999999999987,99.8062015503876
"U(0.01,0.1), eps=1e-07",3161498296921,16996,0.9,93.25,93.02,91.17,83.403,93.35,8.23555,3.0047,1.9439002018078788e-06,2.421310000000002,0.06625,0.9902185564521924,0.009825691233838904,0.96435,0.00105,0.9421453770587693,9.846999999999994,99.89287627209427
"U(0.01,0.1), eps=1e-07",4600122818216,1239917,0.5,96.81,96.255,95.57,90.443,96.833,8.433,2.08475,8.722696412201736e-05,1.787320000000004,0.00105,0.9978004730302107,0.002199526969789324,0.99625,0.0,0.7693176642182878,6.367000000000004,99.97624776677372
"U(0.01,0.1), eps=1e-08",8965333333333,15352,0.7,27.77,27.63,24.315,18.509999999999998,27.747,8.3198,2.4898,5.8535110877456e-07,2.0919166666666706,0.02485,0.9883891887574299,0.011642731197509092,0.95515,0.00085,0.8534245602655516,9.260000000000002,100.08289184416333
"U(0.01,0.1), eps=1e-08",10814456019797,113571,0.9,30.43,30.255,27.52,20.24,30.299,8.2343,3.01435,3.7832712822265314e-06,2.4093133333333356,0.0257,0.9968776565318909,0.0031589995138611806,0.9917,0.00075,0.9391960326251876,10.190000000000001,100.43235750354798
"U(0.01,0.1), eps=1e-08",15735521968084,19119,0.9,35.875,36.03,32.324999999999996,24.25,36.003,8.23575,3.0157,4.390116864227007e-07,2.4196333333333353,0.06175,0.9925522159667158,0.007516222748358631,0.97655,0.0015,0.9421601899882694,11.625,99.64447407160515
"U(0.01,0.1), eps=1e-08",18981013192192,25712,0.5,39.135,39.285,35.28,26.5,39.159,8.42875,2.091,4.389048624773622e-07,1.7951500000000036,0.00835,0.9888656108589368,0.011147345023416766,0.96025,0.0003,0.772036581707332,12.634999999999998,99.93871140733931
"U(0.01,0.1), eps=1e-08",27618231514879,29295,0.95,46.01,45.785,41.955,31.755,46.066,8.21805,3.1636,3.8916460490816e-07,2.5115733333333345,0.06975,0.9945164767542847,0.005584443544651199,0.984,0.00185,0.9670869718783166,14.254999999999999,99.8784352884991
"U(0.01,0.1), eps=1e-08",40185774293819,878652,0.8,53.864999999999995,52.795,49.315,37.722,53.674,8.27225,2.72825,7.6512333422052e-06,2.2381800000000025,0.00535,0.9985767402826677,0.0014347728752270444,0.9967,0.00015,0.8922298095478595,16.142999999999994,100.3558519953795
"U(0.01,0.1), eps=1e-08",48474191930623,25660,0.95,57.495,57.245000000000005,53.410000000000004,41.137,57.68,8.2176,3.16205,1.9420494591170002e-07,2.5117900000000017,0.0739,0.994045305297128,0.006057865591517523,0.98265,0.00195,0.9672924382512327,16.357999999999997,99.67926490984743
"U(0.01,0.1), eps=1e-08",70532138705184,20295,0.5,65.645,65.78500000000001,60.985,48.575,65.905,8.4287,2.08995,9.328450705290167e-08,1.7959900000000042,0.00965,0.9869271075620487,0.013081979272685387,0.9453,0.0003,0.7729476286058912,17.069999999999993,99.6054927547227
"U(0.01,0.1), eps=1e-08",85079570792251,19183,0.6,69.69,69.94500000000001,65.605,52.55,70.023,8.3725,2.28075,7.507552264511153e-08,1.9426666666666714,0.0152,0.9876769090746499,0.012332177760084247,0.9501,0.0003,0.8123843553491968,17.14,99.52444196906731
"U(0.01,0.1), eps=1e-08",123794618313287,19590,0.5,77.845,77.46,73.82,61.193,77.971,8.4279,2.0894,5.129105709935805e-08,1.7962000000000051,0.01,0.9861411474742655,0.013866762889880618,0.9375,0.00025,0.7728772735406724,16.652,99.83840145695194
"U(0.01,0.1), eps=1e-08",180126761108769,52081,0.8,84.965,84.355,81.635,70.36,85.115,8.2697,2.73215,1.0137006002303055e-07,2.245236666666669,0.02205,0.9936467883919782,0.006368571902139687,0.9802,0.0005,0.8947337789110341,14.605000000000004,99.82376784350585
"U(0.01,0.1), eps=1e-08",217278361391956,12759,0.5,88.095,87.925,85.41499999999999,74.767,88.236,8.4316,2.0854,1.9054930380901106e-08,1.7976700000000048,0.01155,0.9818810171940889,0.018124893170057044,0.9022,0.0002,0.7736198799629689,13.328000000000003,99.84020127838977
"U(0.01,0.1), eps=1e-08",316149829692175,18018,0.9,93.255,92.81,91.535,83.39999999999999,93.35,8.2354,3.00525,2.059037053835592e-08,2.4182833333333362,0.0643,0.9904567205114896,0.009584751264177783,0.9653,0.00105,0.9418603170693232,9.855000000000004,99.89823245848956
"U(0.01,0.1), eps=1e-08",460012281821689,1160004,0.5,96.81,96.1,95.405,90.44,96.833,8.43265,2.0842,8.163147544390104e-07,1.7882800000000043,0.00115,0.9977351794750693,0.0022648205249308,0.9961,0.0,0.7694013573527798,6.3700000000000045,99.97624776677372
"U(1e-05,0.01), eps=1e-05",856560,752,0.5,26.669999999999998,25.31,21.175,18.18,31.883,1.0,1.0,0.137835061174932,1.0,0.0,0.9109726210774479,0.0921328287109743,0.4328,0.01095,0.5028860179228136,8.489999999999998,83.64959382743154
"U(1e-05,0.01), eps=1e-05",1033228,209,0.5,30.240000000000002,30.085,23.0,20.092,34.52,1.0,1.0,0.031757753370989045,1.0,0.0,0.869020802594435,0.1376554893693681,0.1866,0.018,0.5028860179228136,10.148000000000003,87.60139049826186
"U(1e-05,0.01), eps=1e-05",1503393,326,0.5,36.47,36.285000000000004,27.644999999999996,24.077,40.285,1.0,1.0,0.03404432507002525,1.0,0.0,0.8813083743017652,0.12198038272389254,0.241,0.01205,0.5028860179228136,12.392999999999997,90.52997393570809
"U(1e-05,0.01), eps=1e-05",1813472,296,0.5,39.515,39.845000000000006,30.195,26.382,43.407000000000004,1.0,1.0,0.025625981542587856,1.0,0.0,0.8770451762676432,0.12621371045357427,0.2242,0.01245,0.5028860179228136,13.133,91.0337042412514
"U(1e-05,0.01), eps=1e-05",2638684,614,0.5,46.46,46.75,35.955,31.495,50.099000000000004,1.0,1.0,0.03653260488940692,1.0,0.0,0.8982237626021788,0.10280306720822685,0.37455,0.00685,0.5028860179228136,14.965,92.73638196371185
"U(1e-05,0.01), eps=1e-05",3839405,935,0.5,54.300000000000004,54.505,42.295,37.352000000000004,57.293000000000006,1.0,1.0,0.038233788829258555,1.0,0.0,0.9079867846191755,0.09252102258348222,0.4727,0.0044,0.5028860179228136,16.948,94.7759761227375
"U(1e-05,0.01), eps=1e-05",4631292,1049,0.5,58.46,58.294999999999995,45.440000000000005,40.71,61.026,1.0,1.0,0.03556091906966805,1.0,0.0,0.9098901449575496,0.0905503078099636,0.4957,0.00375,0.5028860179228136,17.75,95.79523481794645
"U(1e-05,0.01), eps=1e-05",6738739,1044,0.5,66.495,66.545,53.400000000000006,48.483,68.606,1.0,1.0,0.024323245046291474,1.0,0.0,0.9062645380463724,0.09396731149944701,0.4865,0.0031,0.5028860179228136,18.012000000000008,96.92300964930182
"U(1e-05,0.01), eps=1e-05",8128621,1844,0.5,70.415,69.49,57.655,52.276999999999994,72.37400000000001,1.0,1.0,0.03561588121773686,1.0,0.0,0.9203668438889933,0.07969827505496595,0.60265,0.00205,0.5028860179228136,18.138000000000012,97.29322684942106
"U(1e-05,0.01), eps=1e-05",11827511,440,0.5,77.74,78.09,66.805,60.980000000000004,79.631,1.0,1.0,0.005840620228550244,1.0,0.0,0.8703678718678064,0.1297510134958642,0.2651,0.00235,0.5028860179228136,16.75999999999999,97.62529668094083
"U(1e-05,0.01), eps=1e-05",17209563,5309,0.5,84.28999999999999,84.63000000000001,75.42999999999999,70.015,86.164,1.0,1.0,0.0484331298824966,1.0,0.0,0.937025090661702,0.06297959551549298,0.73605,0.0005,0.5028860179228136,14.274999999999991,97.82507775869273
"U(1e-05,0.01), eps=1e-05",20759079,2898,0.5,87.87,87.895,80.32000000000001,74.703,89.03,1.0,1.0,0.02191744633757572,1.0,0.0,0.9207839323196575,0.0792201642537527,0.6464,0.0004,0.5028860179228136,13.167000000000002,98.69706840390879
"U(1e-05,0.01), eps=1e-05",30205397,1493,0.5,93.28,93.17999999999999,87.165,83.24000000000001,93.74900000000001,1.0,1.0,0.007760235695627575,1.0,0.0,0.8961214346689896,0.10388333835976278,0.503,0.0003,0.5028860179228136,10.039999999999992,99.49972799709863
"U(1e-05,0.01), eps=1e-05",43950218,18318,0.5,96.35000000000001,96.355,93.16499999999999,90.28,96.993,1.0,1.0,0.06543598941875557,1.0,0.0,0.9485491515275573,0.051451130958319095,0.80755,5e-05,0.5028860179228136,6.070000000000007,99.33706556143227
