setting,budget,risk,L,risk_capL,risk_maxL,n,L_over_Nopt,Nstar_over_Nopt,L_overshoot,Nstar_overshoot,Nstar_deeper_than_L,probes
"U(0.01,0.1), eps=1e-03",3735,10.47,10.47,10.47,10.47,nan,nan,nan,nan,nan,nan,nan
"U(0.01,0.1), eps=1e-03",8786,38.165,34.742,35.998,36.91,5142,0.8947,0.8077,14.9358,0.175,32.7305,8.0
"U(0.01,0.1), eps=1e-03",20667,72.765,63.733,70.715,66.11,5987,0.9167,0.8,17.8554,1.4364,29.5808,8.0
"U(0.01,0.1), eps=1e-03",48613,93.007,82.23,90.528,84.017,6000,0.9167,0.7786,17.8667,1.1833,26.9,8.0
"U(0.01,0.1), eps=1e-03",114346,99.032,92.39,98.85,92.862,6000,0.9231,0.7869,14.2667,0.5167,29.45,8.0
"U(0.01,0.1), eps=1e-03",268960,99.825,96.957,99.825,96.945,6000,0.9231,0.7333,14.2667,0.15,23.95,8.0
"U(0.01,0.1), eps=1e-04",373555,46.46,38.015,45.332,43.433,6000,1.0,0.8966,39.95,3.45,16.3333,8.0
"U(0.01,0.1), eps=1e-04",878661,66.038,57.005,64.207,62.13,6000,0.9,0.9091,7.8167,0.4,48.7167,8.0
"U(0.01,0.1), eps=1e-04",2066751,84.603,75.407,82.42,81.458,6000,0.9,0.9048,7.8167,0.3833,48.2,8.0
"U(0.01,0.1), eps=1e-04",4861325,96.242,91.22,95.395,93.868,6000,0.9474,0.9459,7.8167,0.2,45.8167,8.0
"U(0.01,0.1), eps=1e-04",11434605,99.76,98.205,99.53,98.645,6000,0.8824,0.9474,3.2333,0.0333,61.6333,8.0
"U(0.01,0.1), eps=1e-04",26896000,99.95,99.405,99.95,99.413,6000,0.9268,0.7429,14.3,0.0167,24.6,8.0
"U(0.001,0.01), eps=1e-04",35690,9.678,9.678,9.678,9.678,nan,nan,nan,nan,nan,nan,nan
"U(0.001,0.01), eps=1e-04",83948,26.543,25.35,25.107,26.785,4334,0.8821,0.7929,11.0521,0.0231,31.9105,12.0
"U(0.001,0.01), eps=1e-04",197460,66.465,59.733,65.135,61.985,5577,0.9582,0.836,34.5885,1.8469,19.3115,12.0
"U(0.001,0.01), eps=1e-04",464457,91.612,80.362,91.007,81.34,6000,0.9628,0.8189,35.7833,1.95,17.8333,12.0
"U(0.001,0.01), eps=1e-04",1092478,98.962,92.698,98.688,93.17,6000,0.914,0.7895,13.3,0.4833,29.9,12.0
"U(0.001,0.01), eps=1e-04",2569681,99.903,96.11,99.892,96.203,6000,0.9077,0.799,9.3667,0.1167,34.4333,12.0
