setting,budget,m,conf,rate,probes,p_ge2,p_ge4,steps_useful,explore_share,N_over_Nopt,p_at_opt,overshoot,L_over_Nopt
"U(0.0001,0.001), eps=1e-04",36435,6,0.5,0.8034,1.0,0.0,0.0,0.0,0.2585,0.6807,0.0744,0.0143,0.5512
"U(0.0001,0.001), eps=1e-04",53015,6,0.5,0.9014,1.0,0.0,0.0,0.0,0.1777,0.6602,0.0677,0.0065,0.5512
"U(0.0001,0.001), eps=1e-04",77139,13,0.5,0.9425,1.0,0.0,0.0,0.0,0.2646,0.6886,0.0635,0.0023,0.5512
"U(0.0001,0.001), eps=1e-06",8565605,1477,0.5,0.2202,1.0,0.0,0.0,0.0,0.2707,0.949,0.6351,0.0025,0.5512
"U(0.0001,0.001), eps=1e-06",55865079,103,0.5,0.5458,14.9654,1.0,1.0,13.9654,0.096,0.86,0.1251,0.0092,0.7893
"U(0.0001,0.001), eps=1e-06",364353374,103,0.5,0.9351,14.9654,1.0,1.0,13.9654,0.0147,0.8275,0.0878,0.0011,0.7893
"U(0.0001,0.01), eps=1e-04",8565,17,0.5,0.1853,1.0,0.0,0.0,0.0,0.3116,0.7758,0.098,0.0597,0.5073
"U(0.0001,0.01), eps=1e-04",67387,42,0.5,0.5899,1.0,0.0,0.0,0.0,0.0979,0.7861,0.0991,0.0222,0.5073
"U(0.0001,0.01), eps=1e-04",439502,103,0.5,0.9556,1.0,0.0,0.0,0.0,0.0368,0.7783,0.083,0.0009,0.5073
"U(0.0001,0.01), eps=1e-06",85656050,21051,0.5,0.3036,1.0,0.0,0.0,0.0,0.0386,0.9754,0.8943,0.0012,0.5073
"U(0.0001,0.01), eps=1e-06",558650796,123738,0.5,0.6393,1.0,0.0,0.0,0.0,0.0348,0.9865,0.9488,0.0001,0.5073
"U(0.0001,0.01), eps=1e-06",3643533745,1477,0.5,0.9491,14.9743,1.0,1.0,13.9743,0.0084,0.8989,0.4933,0.0002,0.7565
"U(0.0001,0.1), eps=1e-04",89653,609,0.5,0.2797,1.0,0.0,0.0,0.0,0.1019,0.9092,0.4051,0.0128,0.4901
"U(0.0001,0.1), eps=1e-04",584721,1477,0.5,0.6308,1.0,0.0,0.0,0.0,0.0379,0.9206,0.5357,0.0037,0.4901
"U(0.0001,0.1), eps=1e-04",3161498,1477,0.5,0.9371,1.0,0.0,0.0,0.0,0.007,0.897,0.4652,0.0006,0.4901
"U(0.0001,0.1), eps=1e-06",896533333,123738,0.5,0.318,1.0,0.0,0.0,0.0,0.0021,0.9865,0.9421,0.0002,0.4901
"U(0.0001,0.1), eps=1e-06",5847211667,3581,0.5,0.6427,14.9837,1.0,1.0,13.9837,0.0104,0.9408,0.6813,0.0018,0.7732
"U(0.0001,0.1), eps=1e-06",31614982969,3581,0.5,0.9385,14.9837,1.0,1.0,13.9837,0.0019,0.9215,0.6096,0.0003,0.7732
"U(0.001,0.01), eps=1e-03",3643,5,0.5,0.8224,1.0,0.0,0.0,0.0,0.2155,0.6707,0.0766,0.0139,0.5523
"U(0.001,0.01), eps=1e-03",5301,9,0.5,0.8833,1.0,0.0,0.0,0.0,0.2666,0.6873,0.0718,0.0057,0.5523
"U(0.001,0.01), eps=1e-03",7713,9,0.5,0.9528,1.0,0.0,0.0,0.0,0.1832,0.6639,0.0678,0.0025,0.5523
"U(0.001,0.01), eps=1e-04",8565,17,0.5,0.1769,1.0,0.0,0.0,0.0,0.3116,0.7862,0.1023,0.0327,0.5523
"U(0.001,0.01), eps=1e-04",67387,103,0.5,0.5423,1.0,0.0,0.0,0.0,0.24,0.8607,0.1317,0.0091,0.5523
"U(0.001,0.01), eps=1e-04",439502,609,0.5,0.9287,1.0,0.0,0.0,0.0,0.2175,0.9082,0.3135,0.0001,0.5523
"U(0.001,0.01), eps=1e-05",856560,1477,0.5,0.2217,1.0,0.0,0.0,0.0,0.2707,0.9504,0.6497,0.0026,0.5523
"U(0.001,0.01), eps=1e-05",5586507,103,0.5,0.5525,11.8523,1.0,1.0,10.8523,0.0797,0.861,0.132,0.0092,0.7899
"U(0.001,0.01), eps=1e-05",36435337,609,0.5,0.9382,11.7523,1.0,1.0,10.7523,0.0711,0.909,0.3146,0.0001,0.7826
"U(0.001,0.01), eps=1e-06",85656050,123738,0.5,0.2379,1.0,0.0,0.0,0.0,0.2268,0.9932,1.0,0.0,0.5523
"U(0.001,0.01), eps=1e-06",558650796,1477,0.5,0.5963,11.6973,1.0,1.0,10.6973,0.0111,0.9479,0.6307,0.0018,0.7795
"U(0.001,0.01), eps=1e-06",3643533745,8682,0.8,0.9451,11.5512,1.0,1.0,10.5512,0.0111,0.9694,0.8338,0.0001,0.8965
"U(0.001,0.01), eps=1e-07",8565605095,51037,0.8,0.2691,11.5488,1.0,1.0,10.5488,0.0278,0.9896,0.9961,0.0003,0.894
"U(0.001,0.01), eps=1e-07",55865079629,21051,0.5,0.6091,11.6841,1.0,1.0,10.6841,0.0016,0.9837,0.9631,0.0003,0.7723
"U(0.001,0.01), eps=1e-07",364353374591,3581,0.5,0.9477,11.6898,1.0,1.0,10.6898,0.0,0.9548,0.7159,0.0002,0.7778
"U(0.001,0.01), eps=1e-08",856560509554,123738,0.95,0.2733,11.5747,1.0,1.0,10.5747,0.0007,0.9932,1.0,0.0,0.9649
"U(0.001,0.01), eps=1e-08",5586507962920,123738,0.5,0.6111,11.6865,1.0,1.0,10.6865,0.0001,0.9929,0.9999,0.0,0.7711
"U(0.001,0.01), eps=1e-08",36435337459140,3581,0.5,0.948,11.6898,1.0,1.0,10.6898,0.0,0.9548,0.7159,0.0002,0.7778
"U(0.001,0.1), eps=1e-04",89653,1477,0.5,0.2602,1.0,0.0,0.0,0.0,0.2471,0.9366,0.5624,0.007,0.4945
"U(0.001,0.1), eps=1e-04",584721,1477,0.5,0.6297,1.0,0.0,0.0,0.0,0.0379,0.9273,0.5408,0.0031,0.4945
"U(0.001,0.1), eps=1e-04",3161498,8682,0.5,0.9348,1.0,0.0,0.0,0.0,0.0412,0.9478,0.7377,0.0003,0.4945
"U(0.001,0.1), eps=1e-06",896533333,21051,0.5,0.3047,11.7933,1.0,1.0,10.7933,0.0449,0.9772,0.8784,0.0013,0.7417
"U(0.001,0.1), eps=1e-06",5847211667,3581,0.5,0.6415,11.7888,1.0,1.0,10.7888,0.0012,0.9471,0.6899,0.0017,0.7534
"U(0.001,0.1), eps=1e-06",31614982969,3581,0.5,0.9383,11.7888,1.0,1.0,10.7888,0.0002,0.9287,0.6204,0.0004,0.7534
"U(0.005,0.05), eps=1e-04",43380,251,0.5,0.2276,1.0,0.0,0.0,0.0,0.1794,0.9055,0.2596,0.0091,0.5501
"U(0.005,0.05), eps=1e-04",341284,42,0.5,0.5767,9.4919,1.0,1.0,8.4919,0.0912,0.8221,0.1128,0.0145,0.8046
"U(0.005,0.05), eps=1e-04",2225865,251,0.5,0.9535,9.4355,1.0,1.0,8.4355,0.0813,0.8731,0.1658,0.0009,0.789
"U(0.005,0.05), eps=1e-06",433806451,8682,0.8,0.2685,9.2638,1.0,1.0,8.2638,0.0155,0.9788,0.9132,0.0015,0.8985
"U(0.005,0.05), eps=1e-06",2829295968,51037,0.5,0.6091,9.4273,1.0,1.0,8.4273,0.0128,0.9904,0.995,0.0003,0.7745
"U(0.005,0.05), eps=1e-06",15297572404,51037,0.5,0.9317,9.4273,1.0,1.0,8.4273,0.0024,0.9881,0.9753,0.0,0.7745
"U(0.01,0.1), eps=1e-03",896,13,0.5,0.1905,1.0,0.0,0.0,0.0,0.2176,0.7794,0.0837,0.0437,0.5383
"U(0.01,0.1), eps=1e-03",7053,120,0.5,0.5454,1.0,0.0,0.0,0.0,0.2552,0.8727,0.1639,0.0095,0.5383
"U(0.01,0.1), eps=1e-03",46001,530,0.5,0.9445,1.0,0.0,0.0,0.0,0.1728,0.9045,0.2995,0.0006,0.5383
"U(0.01,0.1), eps=1e-04",89653,1477,0.5,0.2321,1.0,0.0,0.0,0.0,0.2471,0.9551,0.6176,0.0033,0.5383
"U(0.01,0.1), eps=1e-04",584721,251,0.5,0.5564,8.423,1.0,1.0,7.423,0.1411,0.9029,0.2608,0.0066,0.7881
"U(0.01,0.1), eps=1e-04",3813565,251,0.5,0.9411,8.423,1.0,1.0,7.423,0.0216,0.8754,0.1828,0.0012,0.7881
"U(0.01,0.1), eps=1e-05",8965333,609,0.8,0.2638,8.2757,1.0,1.0,7.2757,0.0242,0.9344,0.4368,0.0054,0.9091
"U(0.01,0.1), eps=1e-05",58472116,8682,0.5,0.6015,8.4318,1.0,1.0,7.4318,0.0483,0.9787,0.8671,0.002,0.7753
"U(0.01,0.1), eps=1e-05",381356532,3581,0.8,0.9493,8.269,1.0,1.0,7.269,0.0033,0.9573,0.668,0.0005,0.9011
"U(0.01,0.1), eps=1e-06",896533333,51037,0.5,0.2735,8.4301,1.0,1.0,7.4301,0.0185,0.9914,0.9844,0.0007,0.7718
"U(0.01,0.1), eps=1e-06",5847211667,51037,0.5,0.6175,8.4301,1.0,1.0,7.4301,0.0028,0.9908,0.9821,0.0004,0.7718
"U(0.01,0.1), eps=1e-06",31614982969,8682,0.5,0.9331,8.4318,1.0,1.0,7.4318,0.0001,0.9726,0.808,0.0005,0.7753
"U(0.01,0.1), eps=1e-07",89653333333,123738,0.95,0.2777,8.2207,1.0,1.0,7.2207,0.0005,0.9944,0.992,0.0005,0.9644
"U(0.01,0.1), eps=1e-07",584721166785,123738,0.5,0.6179,8.4347,1.0,1.0,7.4347,0.0001,0.994,0.9918,0.0003,0.771
"U(0.01,0.1), eps=1e-07",3161498296921,123738,0.5,0.9353,8.4347,1.0,1.0,7.4347,0.0,0.9923,0.9893,0.0,0.771
"U(0.01,0.1), eps=1e-08",8965333333333,123738,0.5,0.2777,8.4347,1.0,1.0,7.4347,0.0,0.9944,0.992,0.0005,0.771
"U(0.01,0.1), eps=1e-08",58472116678571,123738,0.5,0.6177,8.4347,1.0,1.0,7.4347,0.0,0.994,0.9918,0.0003,0.771
"U(0.01,0.1), eps=1e-08",316149829692175,123738,0.5,0.9352,8.4347,1.0,1.0,7.4347,0.0,0.9923,0.9893,0.0,0.771
"U(1e-05,0.01), eps=1e-05",856560,1477,0.5,0.2511,1.0,0.0,0.0,0.0,0.2707,0.9285,0.5847,0.0073,0.5028
"U(1e-05,0.01), eps=1e-05",5586507,1477,0.5,0.6245,1.0,0.0,0.0,0.0,0.0415,0.9176,0.5663,0.0027,0.5028
"U(1e-05,0.01), eps=1e-05",30205397,1477,0.5,0.9331,1.0,0.0,0.0,0.0,0.0077,0.8954,0.4999,0.0004,0.5028
