setting,budget,m,conf,probes,p_ge2,p_ge4,Nacc_over_Nmin,explore_share,p_deeper
"U(0.0001,0.001), eps=1e-04",36435,4,0.5,1.0,0.0,0.0,1.0,0.1723617400850832,0.0
"U(0.0001,0.001), eps=1e-04",43950,5,0.5,1.0,0.0,0.0,1.0,0.1786120591581338,0.0
"U(0.0001,0.001), eps=1e-04",53015,7,0.5,1.0,0.0,0.0,1.0,0.2072998208054318,0.0
"U(0.0001,0.001), eps=1e-04",63949,7,0.5,1.0,0.0,0.0,1.0,0.17185569750895266,0.0
"U(0.0001,0.001), eps=1e-04",77139,9,0.5,1.0,0.0,0.0,1.0,0.18317582545793934,0.0
"U(0.0001,0.001), eps=1e-04",93049,12,0.5,1.0,0.0,0.0,1.0,0.20247396533009474,0.0
"U(0.0001,0.001), eps=1e-04",112241,13,0.5,1.0,0.0,0.0,1.0,0.1818408602916933,0.0
"U(0.0001,0.001), eps=1e-06",8565605,1058,0.5,1.0,0.0,0.0,1.0,0.19392208723143303,0.0
"U(0.0001,0.001), eps=1e-06",10332282,1131,0.5,1.0,0.0,0.0,1.0,0.17185651727275775,0.0
"U(0.0001,0.001), eps=1e-06",15033938,11,0.7,14.87375,1.0,1.0,2.2766468152866226,0.04416496226737131,0.967375
"U(0.0001,0.001), eps=1e-06",18134725,18,0.7,14.875375,1.0,1.0,2.2211796974522278,0.058810099615516635,0.96925
"U(0.0001,0.001), eps=1e-06",26386845,42,0.7,14.87675,1.0,1.0,2.1367772292993648,0.09163296068552342,0.96675
"U(0.0001,0.001), eps=1e-06",38394051,4218,0.5,1.0,0.0,0.0,1.0,0.17248140864322903,0.0
"U(0.0001,0.001), eps=1e-06",46312922,68,0.8,14.85375,1.0,1.0,2.285494108280256,0.08808939758756743,0.980875
"U(0.0001,0.001), eps=1e-06",67387393,103,0.8,14.85825,1.0,1.0,2.2601531847133756,0.09097969768803793,0.979625
"U(0.0001,0.001), eps=1e-06",81286214,144,0.8,14.850875,1.0,1.0,2.249850955414013,0.10503262944439756,0.981625
"U(0.0001,0.001), eps=1e-06",118275113,65,0.6,14.885375,1.0,1.0,1.9391845541401278,0.02973170835715032,0.942625
"U(0.0001,0.001), eps=1e-06",172095631,338,0.7,14.864875,1.0,1.0,2.0525355095541404,0.10976338147131694,0.959625
"U(0.0001,0.001), eps=1e-06",207590791,266,0.5,14.954,1.0,1.0,1.7661125796178343,0.06563102331451683,0.8705
"U(0.0001,0.001), eps=1e-06",302053977,336,0.8,14.851375,1.0,1.0,2.2072029458598728,0.06507104084247832,0.9785
"U(0.0001,0.001), eps=1e-06",439502180,218,0.9,14.83575,1.0,1.0,2.405173646496815,0.03069715024906133,0.992625
"U(0.0001,0.01), eps=1e-04",8565,9,0.5,1.0,0.0,0.0,1.0,0.16497373029772355,0.0
"U(0.0001,0.01), eps=1e-04",10332,10,0.5,1.0,0.0,0.0,1.0,0.15195509097948093,0.0
"U(0.0001,0.01), eps=1e-04",15033,15,0.5,1.0,0.0,0.0,1.0,0.1566553582119344,0.0
"U(0.0001,0.01), eps=1e-04",21875,15,0.5,1.0,0.0,0.0,1.0,0.1076571428571428,0.0
"U(0.0001,0.01), eps=1e-04",26386,21,0.5,1.0,0.0,0.0,1.0,0.12495262639278351,0.0
"U(0.0001,0.01), eps=1e-04",38394,32,0.5,1.0,0.0,0.0,1.0,0.1308537792363393,0.0
"U(0.0001,0.01), eps=1e-04",55865,30,0.5,1.0,0.0,0.0,1.0,0.08431039112145358,0.0
"U(0.0001,0.01), eps=1e-04",67387,47,0.5,1.0,0.0,0.0,1.0,0.10950183269770154,0.0
"U(0.0001,0.01), eps=1e-04",98051,55,0.5,1.0,0.0,0.0,1.0,0.08806641441698715,0.0
"U(0.0001,0.01), eps=1e-04",142669,39,0.5,1.0,0.0,0.0,1.0,0.042917522376970406,0.0
"U(0.0001,0.01), eps=1e-04",172095,35,0.5,1.0,0.0,0.0,1.0,0.0319300386414481,0.0
"U(0.0001,0.01), eps=1e-04",250406,53,0.5,1.0,0.0,0.0,1.0,0.03323003442409526,0.0
"U(0.0001,0.01), eps=1e-04",364353,111,0.5,1.0,0.0,0.0,1.0,0.047829989049081506,0.0
"U(0.0001,0.01), eps=1e-04",530150,79,0.5,1.0,0.0,0.0,1.0,0.023395265490898813,0.0
"U(0.0001,0.01), eps=1e-06",85656050,21908,0.5,1.0,0.0,0.0,1.0,0.0401554356055411,0.0
"U(0.0001,0.01), eps=1e-06",103322828,20169,0.5,1.0,0.0,0.0,1.0,0.030646983452679005,0.0
"U(0.0001,0.01), eps=1e-06",150339381,47964,0.5,1.0,0.0,0.0,1.0,0.050088991652826,0.0
"U(0.0001,0.01), eps=1e-06",181347259,25479,0.5,1.0,0.0,0.0,1.0,0.0220582490303865,0.0
"U(0.0001,0.01), eps=1e-06",263868453,55134,0.5,1.0,0.0,0.0,1.0,0.03280436862226946,0.0
"U(0.0001,0.01), eps=1e-06",383940518,94692,0.5,1.0,0.0,0.0,1.0,0.03872121670680249,0.0
"U(0.0001,0.01), eps=1e-06",463129222,175499,0.5,1.0,0.0,0.0,1.0,0.059493855475178624,0.0
"U(0.0001,0.01), eps=1e-06",673873936,97747,0.5,1.0,0.0,0.0,1.0,0.022773219411174876,0.0
"U(0.0001,0.01), eps=1e-06",812862141,1023,0.6,14.969625,1.0,1.0,3.146612261146496,0.02684976418390606,0.8835
"U(0.0001,0.01), eps=1e-06",1182751130,2439,0.5,14.97425,1.0,1.0,2.6855207006369417,0.04237084826997794,0.845625
"U(0.0001,0.01), eps=1e-06",1720956316,1150,0.5,14.97675,1.0,1.0,2.798592356687898,0.013882708186940406,0.843
"U(0.0001,0.01), eps=1e-06",2075907911,297067,0.5,1.0,0.0,0.0,1.0,0.022467046227273645,0.0
"U(0.0001,0.01), eps=1e-06",3020539774,1850,0.5,14.97725,1.0,1.0,2.7140525477706996,0.012627615764926525,0.84025
"U(0.0001,0.01), eps=1e-06",4395021800,709398,0.5,1.0,0.0,0.0,1.0,0.025341281811161978,0.0
"U(0.0001,0.1), eps=1e-04",89653,628,0.5,1.0,0.0,0.0,1.0,0.10507177673920527,0.0
"U(0.0001,0.1), eps=1e-04",108144,484,0.5,1.0,0.0,0.0,1.0,0.06713271193963577,0.0
"U(0.0001,0.1), eps=1e-04",157355,468,0.5,1.0,0.0,0.0,1.0,0.044612500397191106,0.0
"U(0.0001,0.1), eps=1e-04",189810,375,0.5,1.0,0.0,0.0,1.0,0.02963489805595078,0.0
"U(0.0001,0.1), eps=1e-04",276182,563,0.5,1.0,0.0,0.0,1.0,0.030577662555850933,0.0
"U(0.0001,0.1), eps=1e-04",401857,743,0.5,1.0,0.0,0.0,1.0,0.027733746083805886,0.0
"U(0.0001,0.1), eps=1e-04",484741,357,0.5,1.0,0.0,0.0,1.0,0.011047136512075489,0.0
"U(0.0001,0.1), eps=1e-04",705321,874,0.5,1.0,0.0,0.0,1.0,0.018587281535641167,0.0
"U(0.0001,0.1), eps=1e-04",850795,301,0.5,1.0,0.0,0.0,1.0,0.005306801285856152,0.0
"U(0.0001,0.1), eps=1e-04",1237946,4305,0.5,1.0,0.0,0.0,1.0,0.05216301841922017,0.0
"U(0.0001,0.1), eps=1e-04",1801267,936,0.5,1.0,0.0,0.0,1.0,0.007794513528532959,0.0
"U(0.0001,0.1), eps=1e-04",2172783,4341,0.5,1.0,0.0,0.0,1.0,0.029968478214345427,0.0
"U(0.0001,0.1), eps=1e-04",3161498,5052,0.5,1.0,0.0,0.0,1.0,0.02396964983055493,0.0
"U(0.0001,0.1), eps=1e-04",4600122,8262,0.5,1.0,0.0,0.0,1.0,0.026940589836530474,0.0
"U(0.0001,0.1), eps=1e-06",896533333,148578,0.5,1.0,0.0,0.0,1.0,0.0024858752240057434,0.0
"U(0.0001,0.1), eps=1e-06",1081445601,464579,0.5,1.0,0.0,0.0,1.0,0.006443860878028601,0.0
"U(0.0001,0.1), eps=1e-06",1573552196,478655,0.5,1.0,0.0,0.0,1.0,0.004562813371079311,0.0
"U(0.0001,0.1), eps=1e-06",1898101319,545350,0.5,1.0,0.0,0.0,1.0,0.004309701446448458,0.0
"U(0.0001,0.1), eps=1e-06",2761823151,1285258,0.5,1.0,0.0,0.0,1.0,0.006980486782080701,0.0
"U(0.0001,0.1), eps=1e-06",4018577429,918938,0.5,1.0,0.0,0.0,1.0,0.003430086950801923,0.0
"U(0.0001,0.1), eps=1e-06",4847419193,1438231,0.5,1.0,0.0,0.0,1.0,0.004450505339243934,0.0
"U(0.0001,0.1), eps=1e-06",7053213870,2157402,0.5,1.0,0.0,0.0,1.0,0.004588125441317455,0.0
"U(0.0001,0.1), eps=1e-06",8507957079,1229006,0.5,1.0,0.0,0.0,1.0,0.0021668057124433378,0.0
"U(0.0001,0.1), eps=1e-06",12379461831,3895275,0.5,1.0,0.0,0.0,1.0,0.004719843705457759,0.0
"U(0.0001,0.1), eps=1e-06",18012676110,8158527,0.5,1.0,0.0,0.0,1.0,0.00679398798116736,0.0
"U(0.0001,0.1), eps=1e-06",21727836139,5903623,0.5,1.0,0.0,0.0,1.0,0.004075617306458362,0.0
"U(0.0001,0.1), eps=1e-06",31614982969,4907032,0.5,1.0,0.0,0.0,1.0,0.00232818344618985,0.0
"U(0.0001,0.1), eps=1e-06",46001228182,6474494,0.5,1.0,0.0,0.0,1.0,0.0021111916754866377,0.0
"U(0.001,0.01), eps=1e-03",3643,5,0.5,1.0,0.0,0.0,1.0,0.21548174581388937,0.0
"U(0.001,0.01), eps=1e-03",4395,5,0.5,1.0,0.0,0.0,1.0,0.1786120591581338,0.0
"U(0.001,0.01), eps=1e-03",5301,7,0.5,1.0,0.0,0.0,1.0,0.20731937370307482,0.0
"U(0.001,0.01), eps=1e-03",6394,7,0.5,1.0,0.0,0.0,1.0,0.1718798873944321,0.0
"U(0.001,0.01), eps=1e-03",7713,9,0.5,1.0,0.0,0.0,1.0,0.18319719953325606,0.0
"U(0.001,0.01), eps=1e-03",9304,12,0.5,1.0,0.0,0.0,1.0,0.2024935511607918,0.0
"U(0.001,0.01), eps=1e-03",11224,13,0.5,1.0,0.0,0.0,1.0,0.18184248039914458,0.0
"U(0.001,0.01), eps=1e-04",8565,9,0.5,1.0,0.0,0.0,1.0,0.16497373029772355,0.0
"U(0.001,0.01), eps=1e-04",10332,12,0.5,1.0,0.0,0.0,1.0,0.1823461091753771,0.0
"U(0.001,0.01), eps=1e-04",15033,18,0.5,1.0,0.0,0.0,1.0,0.18798642985431993,0.0
"U(0.001,0.01), eps=1e-04",21875,23,0.5,1.0,0.0,0.0,1.0,0.16507428571428587,0.0
"U(0.001,0.01), eps=1e-04",26386,27,0.5,1.0,0.0,0.0,1.0,0.16065337679072283,0.0
"U(0.001,0.01), eps=1e-04",38394,44,0.5,1.0,0.0,0.0,1.0,0.17992394644996695,0.0
"U(0.001,0.01), eps=1e-04",55865,60,0.5,1.0,0.0,0.0,1.0,0.16862078224290716,0.0
"U(0.001,0.01), eps=1e-04",67387,67,0.5,1.0,0.0,0.0,1.0,0.15609835724991403,0.0
"U(0.001,0.01), eps=1e-04",98051,154,0.5,1.0,0.0,0.0,1.0,0.24658596036756314,0.0
"U(0.001,0.01), eps=1e-04",142669,153,0.5,1.0,0.0,0.0,1.0,0.16836874163272988,0.0
"U(0.001,0.01), eps=1e-04",172095,175,0.5,1.0,0.0,0.0,1.0,0.15965019320724078,0.0
"U(0.001,0.01), eps=1e-04",250406,253,0.5,1.0,0.0,0.0,1.0,0.15862639074143556,0.0
"U(0.001,0.01), eps=1e-04",364353,429,0.5,1.0,0.0,0.0,1.0,0.18485644416266617,0.0
"U(0.001,0.01), eps=1e-04",530150,576,0.5,1.0,0.0,0.0,1.0,0.17057813826275564,0.0
"U(0.001,0.01), eps=1e-05",856560,969,0.5,1.0,0.0,0.0,1.0,0.17760927430652865,0.0
"U(0.001,0.01), eps=1e-05",1033228,1131,0.5,1.0,0.0,0.0,1.0,0.1718565505386997,0.0
"U(0.001,0.01), eps=1e-05",1503393,21,0.8,11.659,1.0,1.0,2.382058121019107,0.06963993820976956,0.96975
"U(0.001,0.01), eps=1e-05",1813472,36,0.7,11.70575,1.0,1.0,2.133517515923567,0.09315825719944938,0.94825
"U(0.001,0.01), eps=1e-05",2638684,67,0.8,11.6615,1.0,1.0,2.2817237261146497,0.12319302008122221,0.97125
"U(0.001,0.01), eps=1e-05",3839405,63,0.7,11.67725,1.0,1.0,2.1154705414012733,0.07645938384332988,0.948375
"U(0.001,0.01), eps=1e-05",4631292,68,0.8,11.662125,1.0,1.0,2.2814514331210183,0.07120970854353387,0.971375
"U(0.001,0.01), eps=1e-05",6738739,102,0.9,11.588,1.0,1.0,2.434050955414013,0.07569315049150886,0.987625
"U(0.001,0.01), eps=1e-05",8128621,142,0.8,11.618625,1.0,1.0,2.24196974522293,0.08357121297081013,0.968625
"U(0.001,0.01), eps=1e-05",11827511,65,0.6,11.697875,1.0,1.0,1.936597133757962,0.02436268903068445,0.911375
"U(0.001,0.01), eps=1e-05",17209563,212,0.8,11.561625,1.0,1.0,2.226188694267516,0.05859946129951121,0.966125
"U(0.001,0.01), eps=1e-05",20759079,234,0.5,11.81,1.0,1.0,1.7713678343949053,0.048022799494139436,0.836375
"U(0.001,0.01), eps=1e-05",30205397,533,0.5,11.763875,1.0,1.0,1.7654490445859876,0.07477422555065243,0.841875
"U(0.001,0.01), eps=1e-05",43950218,401,0.7,11.676625,1.0,1.0,2.0565334394904466,0.041638886435671374,0.9365
"U(0.001,0.01), eps=1e-06",85656050,1107,0.8,11.6265,1.0,1.0,2.192596337579617,0.060852079899785236,0.963125
"U(0.001,0.01), eps=1e-06",103322828,1085,0.9,11.519875,1.0,1.0,2.361283439490445,0.05137239612479441,0.984375
"U(0.001,0.01), eps=1e-06",150339381,1319,0.8,11.62925,1.0,1.0,2.1936528662420374,0.04130642533459012,0.965125
"U(0.001,0.01), eps=1e-06",181347259,1455,0.9,11.58625,1.0,1.0,2.3481058917197446,0.03915440711872023,0.986125
"U(0.001,0.01), eps=1e-06",263868453,949,0.9,11.503875,1.0,1.0,2.363605891719746,0.01759901947192983,0.987375
"U(0.001,0.01), eps=1e-06",383940518,1619,0.8,11.63125,1.0,1.0,2.1923837579617835,0.01983614517470647,0.9665
"U(0.001,0.01), eps=1e-06",463129222,1800,0.8,11.636375,1.0,1.0,2.1875621019108276,0.018281056015938466,0.952125
"U(0.001,0.01), eps=1e-06",673873936,1818,0.6,11.65925,1.0,1.0,1.9011417197452238,0.011804882114850042,0.89
"U(0.001,0.01), eps=1e-06",812862141,7856,0.8,11.549875,1.0,1.0,2.1678550955414027,0.04495557122274687,0.9535
"U(0.001,0.01), eps=1e-06",1182751130,1543,0.8,11.631875,1.0,1.0,2.194669585987261,0.006146071662810417,0.965375
"U(0.001,0.01), eps=1e-06",1720956316,4708,0.6,11.639,1.0,1.0,1.8803845541401285,0.01187100970841842,0.89225
"U(0.001,0.01), eps=1e-06",2075907911,2060,0.9,11.616125,1.0,1.0,2.351699840764331,0.004850349583980172,0.984875
"U(0.001,0.01), eps=1e-06",3020539774,3837,0.7,11.58075,1.0,1.0,2.0222802547770704,0.005702477676014867,0.92575
"U(0.001,0.01), eps=1e-06",4395021800,28536,0.9,11.559875,1.0,1.0,2.321152866242038,0.0313982899318042,0.97825
"U(0.001,0.01), eps=1e-07",8565605095,23604,0.6,11.62475,1.0,1.0,1.8721130573248412,0.01189854656759658,0.894
"U(0.001,0.01), eps=1e-07",10332282821,16532,0.5,11.676125,1.0,1.0,1.7308996815286628,0.006651944617341402,0.8525
"U(0.001,0.01), eps=1e-07",15033938186,22718,0.8,11.545875,1.0,1.0,2.161582802547771,0.007014590629433623,0.953875
"U(0.001,0.01), eps=1e-07",18134725979,12808,0.8,11.553625,1.0,1.0,2.165910031847134,0.0032833953320249385,0.9555
"U(0.001,0.01), eps=1e-07",26386845396,72900,0.6,11.6165,1.0,1.0,1.8738264331210206,0.011926601877832144,0.89825
"U(0.001,0.01), eps=1e-07",38394051873,127631,0.6,11.623125,1.0,1.0,1.8724657643312108,0.014344606440097538,0.890875
"U(0.001,0.01), eps=1e-07",46312922226,71532,0.5,11.683125,1.0,1.0,1.7369100318471344,0.006430840967325054,0.854375
"U(0.001,0.01), eps=1e-07",67387393667,10673,0.5,11.679,1.0,1.0,1.7320159235668797,0.000658770493769882,0.853
"U(0.001,0.01), eps=1e-07",81286214132,24592,0.7,11.5715,1.0,1.0,2.0202181528662426,0.0013558637975072385,0.92825
"U(0.001,0.01), eps=1e-07",118275113038,165240,0.99,11.579375,1.0,1.0,2.4975023885350316,0.007058763319099655,0.9935
"U(0.001,0.01), eps=1e-07",172095631632,21057,0.5,11.677625,1.0,1.0,1.7294402866242051,0.0005084156640439711,0.84975
"U(0.001,0.01), eps=1e-07",207590791138,143061,0.9,11.555,1.0,1.0,2.3160262738853503,0.0033264753389876845,0.9785
"U(0.001,0.01), eps=1e-07",302053977412,176839,0.99,11.582,1.0,1.0,2.4977866242038216,0.0029585494503742375,0.992875
"U(0.001,0.01), eps=1e-07",439502180084,1449195,0.9,11.55625,1.0,1.0,2.3123909235668787,0.01589034187994577,0.97725
"U(0.001,0.01), eps=1e-08",856560509554,57160,0.5,11.676875,1.0,1.0,1.7361576433121024,0.0002777061220039862,0.856
"U(0.001,0.01), eps=1e-08",1033228282146,892986,0.95,11.570375,1.0,1.0,2.4038726114649682,0.004262239817116925,0.986125
"U(0.001,0.01), eps=1e-08",1503393818606,645100,0.9,11.550625,1.0,1.0,2.3120270700636936,0.002065957281800217,0.9785
"U(0.001,0.01), eps=1e-08",1813472597980,711404,0.5,11.682125,1.0,1.0,1.7262165605095545,0.0016276856128101553,0.850625
"U(0.001,0.01), eps=1e-08",2638684539638,343338,0.5,11.683875,1.0,1.0,1.7300461783439496,0.0005404995685015307,0.85225
"U(0.001,0.01), eps=1e-08",3839405187307,1875241,0.8,11.541375,1.0,1.0,2.154835987261147,0.0022595928743352647,0.9535
"U(0.001,0.01), eps=1e-08",4631292222671,827398,0.5,11.678375,1.0,1.0,1.7275987261146506,0.0007414253699121267,0.84975
"U(0.001,0.01), eps=1e-08",6738739366737,705527,0.5,11.67925,1.0,1.0,1.7274984076433122,0.0004345158540367059,0.85125
"U(0.001,0.01), eps=1e-08",8128621413272,45531,0.5,11.67825,1.0,1.0,1.7343160828025486,2.3297586320362308e-05,0.854125
"U(0.001,0.01), eps=1e-08",11827511303817,53594,0.7,11.570625,1.0,1.0,2.016847133757963,2.0272324606772558e-05,0.9335
"U(0.001,0.01), eps=1e-08",17209563163258,41780,0.6,11.61875,1.0,1.0,1.8710031847133766,1.0471553391444926e-05,0.896
"U(0.001,0.01), eps=1e-08",20759079113881,7382,0.5,11.679,1.0,1.0,1.7404745222929947,1.4834595025657036e-06,0.857375
"U(0.001,0.01), eps=1e-08",30205397741290,31973,0.95,11.57975,1.0,1.0,2.417481687898089,5.250688579977677e-06,0.98875
"U(0.001,0.01), eps=1e-08",43950218008441,30427,0.6,11.6185,1.0,1.0,1.87235270700637,2.987435772293165e-06,0.8925
"U(0.001,0.1), eps=1e-04",89653,1045,0.5,1.0,0.0,0.0,1.0,0.17484077498800918,0.0
"U(0.001,0.1), eps=1e-04",108144,261,0.5,1.0,0.0,0.0,1.0,0.036201731025299756,0.0
"U(0.001,0.1), eps=1e-04",157355,441,0.5,1.0,0.0,0.0,1.0,0.04203870229735316,0.0
"U(0.001,0.1), eps=1e-04",189810,473,0.5,1.0,0.0,0.0,1.0,0.03737948474790566,0.0
"U(0.001,0.1), eps=1e-04",276182,563,0.5,1.0,0.0,0.0,1.0,0.030577662555850933,0.0
"U(0.001,0.1), eps=1e-04",401857,936,0.5,1.0,0.0,0.0,1.0,0.034937801257661334,0.0
"U(0.001,0.1), eps=1e-04",484741,1087,0.5,1.0,0.0,0.0,1.0,0.033636519295871456,0.0
"U(0.001,0.1), eps=1e-04",705321,1114,0.5,1.0,0.0,0.0,1.0,0.023691340538563296,0.0
"U(0.001,0.1), eps=1e-04",850795,5251,0.5,1.0,0.0,0.0,1.0,0.09257811811305901,0.0
"U(0.001,0.1), eps=1e-04",1237946,2630,0.5,1.0,0.0,0.0,1.0,0.03186730277411141,0.0
"U(0.001,0.1), eps=1e-04",1801267,4508,0.5,1.0,0.0,0.0,1.0,0.03754024250707988,0.0
"U(0.001,0.1), eps=1e-04",2172783,10357,0.5,1.0,0.0,0.0,1.0,0.07150046737294966,0.0
"U(0.001,0.1), eps=1e-04",3161498,11643,0.5,1.0,0.0,0.0,1.0,0.05524121792896918,0.0
"U(0.001,0.1), eps=1e-04",4600122,8262,0.5,1.0,0.0,0.0,1.0,0.026940589836530474,0.0
"U(0.001,0.1), eps=1e-06",896533333,18112,0.7,11.73625,1.0,1.0,3.3909333333333325,0.039820625297375276,0.84825
"U(0.001,0.1), eps=1e-06",1081445601,15852,0.7,11.73825,1.0,1.0,3.3790333333333322,0.028870047491182136,0.850375
"U(0.001,0.1), eps=1e-06",1573552196,17078,0.6,11.767125,1.0,1.0,3.034533333333334,0.021027538301945235,0.79525
"U(0.001,0.1), eps=1e-06",1898101319,8437,0.8,11.723625,1.0,1.0,3.823441666666667,0.008964600749798017,0.899375
"U(0.001,0.1), eps=1e-06",2761823151,12928,0.8,11.720125,1.0,1.0,3.789058333333333,0.009407103712123234,0.901125
"U(0.001,0.1), eps=1e-06",4018577429,27047,0.5,11.794625,1.0,1.0,2.7546499999999994,0.012861582510614105,0.73575
"U(0.001,0.1), eps=1e-06",4847419193,21845,0.7,11.736125,1.0,1.0,3.426275,0.008897594852464615,0.849625
"U(0.001,0.1), eps=1e-06",7053213870,33471,0.5,11.7975,1.0,1.0,2.752783333333332,0.009067372141924728,0.735875
"U(0.001,0.1), eps=1e-06",8507957079,38719,0.5,11.79625,1.0,1.0,2.773808333333331,0.008707286236651695,0.733875
"U(0.001,0.1), eps=1e-06",12379461831,14592,0.6,11.764625,1.0,1.0,3.021041666666667,0.0022808321383805457,0.7965
"U(0.001,0.1), eps=1e-06",18012676110,87984,0.5,11.790625,1.0,1.0,2.7449666666666657,0.009329175302425413,0.736
"U(0.001,0.1), eps=1e-06",21727836139,12030,0.5,11.79325,1.0,1.0,2.695891666666666,0.0010541690200865155,0.733625
"U(0.001,0.1), eps=1e-06",31614982969,45696,0.6,11.759625,1.0,1.0,3.0708416666666674,0.0028052343609029414,0.798
"U(0.001,0.1), eps=1e-06",46001228182,12987,0.5,11.791375,1.0,1.0,2.6990249999999993,0.0005378274230986929,0.735375
"U(0.005,0.05), eps=1e-04",43380,229,0.5,1.0,0.0,0.0,1.0,0.16364684186260886,0.0
"U(0.005,0.05), eps=1e-04",52328,265,0.5,1.0,0.0,0.0,1.0,0.15699052132701397,0.0
"U(0.005,0.05), eps=1e-04",76139,450,0.5,1.0,0.0,0.0,1.0,0.18321753634799542,0.0
"U(0.005,0.05), eps=1e-04",91843,520,0.5,1.0,0.0,0.0,1.0,0.17551691473492798,0.0
"U(0.005,0.05), eps=1e-04",133636,28,0.9,9.16325,1.0,1.0,2.594221774193548,0.1778976697895776,0.978875
"U(0.005,0.05), eps=1e-04",194447,17,0.8,9.169875,1.0,1.0,2.4466733870967747,0.07210578846678016,0.956875
"U(0.005,0.05), eps=1e-04",234552,38,0.6,9.476125,1.0,1.0,1.98809677419355,0.12351804397319137,0.814
"U(0.005,0.05), eps=1e-04",341284,71,0.5,9.464375,1.0,1.0,1.8181895161290342,0.15173705696721795,0.788125
"U(0.005,0.05), eps=1e-04",411675,65,0.5,9.46975,1.0,1.0,1.8312298387096795,0.11570167759761955,0.78775
"U(0.005,0.05), eps=1e-04",599006,73,0.5,9.4625,1.0,1.0,1.815907258064517,0.08873935528191702,0.787375
"U(0.005,0.05), eps=1e-04",871581,4732,0.5,1.0,0.0,0.0,1.0,0.1683056422753599,0.0
"U(0.005,0.05), eps=1e-04",1051346,230,0.5,9.430875,1.0,1.0,1.7879758064516134,0.15692957408883457,0.804125
"U(0.005,0.05), eps=1e-04",1529757,86,0.5,9.455625,1.0,1.0,1.8078629032258084,0.04080178878083252,0.787
"U(0.005,0.05), eps=1e-04",2225865,340,0.7,9.331875,1.0,1.0,2.0709516129032273,0.11640008715712764,0.894
"U(0.005,0.05), eps=1e-06",433806451,8491,0.99,9.21075,1.0,1.0,2.5330120967741943,0.01620530129864298,0.980375
"U(0.005,0.05), eps=1e-06",523280129,2341,0.95,9.231125,1.0,1.0,2.4597258064516145,0.003660156937184214,0.972125
"U(0.005,0.05), eps=1e-06",761396224,5966,0.6,9.37075,1.0,1.0,1.8922056451612914,0.00571066526395067,0.838125
"U(0.005,0.05), eps=1e-06",918436122,11123,0.7,9.31325,1.0,1.0,2.032407258064517,0.009074446917006153,0.8855
"U(0.005,0.05), eps=1e-06",1336366041,13016,0.6,9.363625,1.0,1.0,1.8923346774193563,0.0070967783863343575,0.84775
"U(0.005,0.05), eps=1e-06",1944472949,11701,0.9,9.236875,1.0,1.0,2.350068548387098,0.004802721051636494,0.953625
"U(0.005,0.05), eps=1e-06",2345525415,5862,0.8,9.270875,1.0,1.0,2.1875241935483887,0.0019320141642975993,0.919875
"U(0.005,0.05), eps=1e-06",3412845421,12544,0.9,9.2375,1.0,1.0,2.350391129032259,0.0029341484880571747,0.955125
"U(0.005,0.05), eps=1e-06",4116753425,6804,0.7,9.31325,1.0,1.0,2.033512096774195,0.0012385500921760948,0.88275
"U(0.005,0.05), eps=1e-06",5990062176,69663,0.9,9.229375,1.0,1.0,2.337334677419356,0.00924150930032015,0.954
"U(0.005,0.05), eps=1e-06",8715811021,34735,0.7,9.312625,1.0,1.0,2.0365403225806467,0.0029882436923106604,0.888875
"U(0.005,0.05), eps=1e-06",10513469099,12015,0.8,9.273,1.0,1.0,2.1810645161290334,0.0008823546915886551,0.921
"U(0.005,0.05), eps=1e-06",15297572404,19115,0.9,9.236,1.0,1.0,2.3479435483870983,0.0009961862085477201,0.95425
"U(0.005,0.05), eps=1e-06",22258658797,25326,0.7,9.31175,1.0,1.0,2.0390403225806466,0.0008539546324130661,0.88675
"U(0.01,0.1), eps=1e-03",896,9,0.5,1.0,0.0,0.0,1.0,0.15066964285714257,0.0
"U(0.01,0.1), eps=1e-03",1081,14,0.5,1.0,0.0,0.0,1.0,0.19426456984273754,0.0
"U(0.01,0.1), eps=1e-03",1573,20,0.5,1.0,0.0,0.0,1.0,0.19071837253655416,0.0
"U(0.01,0.1), eps=1e-03",1898,23,0.5,1.0,0.0,0.0,1.0,0.18177028451001095,0.0
"U(0.01,0.1), eps=1e-03",2761,29,0.5,1.0,0.0,0.0,1.0,0.1575516117348783,0.0
"U(0.01,0.1), eps=1e-03",4018,47,0.5,1.0,0.0,0.0,1.0,0.17546042807366918,0.0
"U(0.01,0.1), eps=1e-03",4847,54,0.5,1.0,0.0,0.0,1.0,0.16711367856406026,0.0
"U(0.01,0.1), eps=1e-03",7053,72,0.5,1.0,0.0,0.0,1.0,0.15312632922160743,0.0
"U(0.01,0.1), eps=1e-03",8507,85,0.5,1.0,0.0,0.0,1.0,0.149876572234631,0.0
"U(0.01,0.1), eps=1e-03",12379,151,0.5,1.0,0.0,0.0,1.0,0.1829711608369004,0.0
"U(0.01,0.1), eps=1e-03",18012,187,0.5,1.0,0.0,0.0,1.0,0.1557295136575617,0.0
"U(0.01,0.1), eps=1e-03",21727,272,0.5,1.0,0.0,0.0,1.0,0.18778478390942152,0.0
"U(0.01,0.1), eps=1e-03",31614,316,0.5,1.0,0.0,0.0,1.0,0.14993357373315686,0.0
"U(0.01,0.1), eps=1e-03",46001,535,0.5,1.0,0.0,0.0,1.0,0.17445272928849365,0.0
"U(0.01,0.1), eps=1e-04",89653,1045,0.5,1.0,0.0,0.0,1.0,0.17484077498800918,0.0
"U(0.01,0.1), eps=1e-04",108144,20,0.8,8.3105,1.0,1.0,2.468733333333332,0.0690417868767569,0.864125
"U(0.01,0.1), eps=1e-04",157355,1663,0.5,1.0,0.0,0.0,1.0,0.1585268977789083,0.0
"U(0.01,0.1), eps=1e-04",189810,39,0.8,8.294875,1.0,1.0,2.3868583333333313,0.07545041686423269,0.900375
"U(0.01,0.1), eps=1e-04",276182,70,0.8,8.291875,1.0,1.0,2.347858333333332,0.09202457075406797,0.911875
"U(0.01,0.1), eps=1e-04",401857,83,0.9,8.266875,1.0,1.0,2.528983333333332,0.07748824333033894,0.944375
"U(0.01,0.1), eps=1e-04",484741,113,0.7,8.328875,1.0,1.0,2.144333333333332,0.0814101440253661,0.88175
"U(0.01,0.1), eps=1e-04",705321,107,0.6,8.38675,1.0,1.0,1.9966333333333317,0.05163544435795895,0.8325
"U(0.01,0.1), eps=1e-04",850795,73,0.6,8.39175,1.0,1.0,2.0161749999999987,0.02937677378216843,0.833
"U(0.01,0.1), eps=1e-04",1237946,136,0.6,8.383875,1.0,1.0,1.9816666666666647,0.037179454515786664,0.815625
"U(0.01,0.1), eps=1e-04",1801267,511,0.6,8.364375,1.0,1.0,1.9819499999999985,0.09547744532043284,0.82125
"U(0.01,0.1), eps=1e-04",2172783,492,0.5,8.42425,1.0,1.0,1.8229916666666652,0.07399443639792837,0.76425
"U(0.01,0.1), eps=1e-04",3161498,475,0.5,8.424625,1.0,1.0,1.8207083333333323,0.04906483413875333,0.76725
"U(0.01,0.1), eps=1e-04",4600122,917,0.6,8.367875,1.0,1.0,1.971891666666665,0.0668823123604114,0.816125
"U(0.01,0.1), eps=1e-05",8965333,728,0.9,8.236875,1.0,1.0,2.4462499999999987,0.02963370652266901,0.95425
"U(0.01,0.1), eps=1e-05",10814456,632,0.9,8.238,1.0,1.0,2.445324999999998,0.021337494091242325,0.957
"U(0.01,0.1), eps=1e-05",15735521,757,0.6,8.366,1.0,1.0,1.9747916666666652,0.016145677643911515,0.8175
"U(0.01,0.1), eps=1e-05",18981013,961,0.6,8.36975,1.0,1.0,1.9661416666666651,0.01695632734406748,0.818375
"U(0.01,0.1), eps=1e-05",27618231,3711,0.5,8.428625,1.0,1.0,1.8085416666666654,0.04365578484190385,0.752625
"U(0.01,0.1), eps=1e-05",40185774,2258,0.7,8.312875,1.0,1.0,2.1102083333333317,0.019266764744906992,0.868125
"U(0.01,0.1), eps=1e-05",48474191,1634,0.95,8.217875,1.0,1.0,2.527983333333332,0.012445140182948072,0.973125
"U(0.01,0.1), eps=1e-05",70532138,4806,0.9,8.232125,1.0,1.0,2.417083333333332,0.024601827843358473,0.948625
"U(0.01,0.1), eps=1e-05",85079570,8272,0.5,8.430125,1.0,1.0,1.8002166666666655,0.03155001761292403,0.753125
"U(0.01,0.1), eps=1e-05",123794618,4058,0.8,8.272625,1.0,1.0,2.242524999999998,0.011488515522540741,0.9065
"U(0.01,0.1), eps=1e-05",180126761,10032,0.7,8.320125,1.0,1.0,2.081608333333332,0.01897682882334182,0.85925
"U(0.01,0.1), eps=1e-05",217278361,7027,0.8,8.264625,1.0,1.0,2.2471083333333315,0.011335618372968119,0.90875
"U(0.01,0.1), eps=1e-05",316149829,18083,0.6,8.377375,1.0,1.0,1.936174999999999,0.01902767044435125,0.808875
"U(0.01,0.1), eps=1e-05",460012281,6043,0.7,8.320375,1.0,1.0,2.0880999999999994,0.004486411971738212,0.859375
"U(0.01,0.1), eps=1e-06",896533333,20952,0.9,8.237125,1.0,1.0,2.404224999999998,0.008415926113703127,0.945375
"U(0.01,0.1), eps=1e-06",1081445601,6574,0.8,8.2645,1.0,1.0,2.249858333333332,0.002131903013076289,0.91
"U(0.01,0.1), eps=1e-06",1573552196,27420,0.8,8.2705,1.0,1.0,2.2438416666666656,0.006103579277137625,0.904
"U(0.01,0.1), eps=1e-06",1898101319,23923,0.5,8.4335,1.0,1.0,1.785458333333332,0.004072923840123517,0.74925
"U(0.01,0.1), eps=1e-06",2761823151,29572,0.95,8.22,1.0,1.0,2.498216666666666,0.003919318527900915,0.963125
"U(0.01,0.1), eps=1e-06",4018577429,42936,0.8,8.270125,1.0,1.0,2.2382833333333325,0.003739461492157796,0.9025
"U(0.01,0.1), eps=1e-06",4847419193,129032,0.9,8.234375,1.0,1.0,2.3959249999999983,0.009560864940033663,0.942875
"U(0.01,0.1), eps=1e-06",7053213870,17699,0.8,8.2695,1.0,1.0,2.2370499999999987,0.000878030602204041,0.90775
"U(0.01,0.1), eps=1e-06",8507957079,44333,0.7,8.32125,1.0,1.0,2.084799999999998,0.001778040784031323,0.860125
"U(0.01,0.1), eps=1e-06",12379461831,11951,0.8,8.271,1.0,1.0,2.2378666666666653,0.00033783038333720276,0.90475
"U(0.01,0.1), eps=1e-06",18012676110,53766,0.8,8.27025,1.0,1.0,2.237333333333331,0.0010444710134190063,0.903875
"U(0.01,0.1), eps=1e-06",21727836139,7632,0.6,8.372375,1.0,1.0,1.940491666666665,0.00011691549603691513,0.8075
"U(0.01,0.1), eps=1e-06",31614982969,11318,0.9,8.236875,1.0,1.0,2.4103416666666657,0.00012908398065567846,0.9465
"U(0.01,0.1), eps=1e-06",46001228182,1189951,0.5,8.440625,1.0,1.0,1.7844749999999983,0.008365753011668147,0.746875
"U(0.01,0.1), eps=1e-07",89653333333,21245,0.95,8.21875,1.0,1.0,2.499933333333332,8.675839789173764e-05,0.965
"U(0.01,0.1), eps=1e-07",108144560197,4000,0.8,8.272625,1.0,1.0,2.2441916666666657,1.297237695030099e-05,0.90575
"U(0.01,0.1), eps=1e-07",157355219680,10507,0.9,8.23675,1.0,1.0,2.4115083333333325,2.408618966982845e-05,0.945625
"U(0.01,0.1), eps=1e-07",189810131921,28493,0.5,8.43325,1.0,1.0,1.7904249999999984,4.856579387559613e-05,0.74875
"U(0.01,0.1), eps=1e-07",276182315148,26188,0.5,8.430625,1.0,1.0,1.7901249999999989,3.0674872420633163e-05,0.750375
"U(0.01,0.1), eps=1e-07",401857742938,19105,0.9,8.2375,1.0,1.0,2.406408333333332,1.7129719982618458e-05,0.94575
"U(0.01,0.1), eps=1e-07",484741919306,51812,0.8,8.271375,1.0,1.0,2.2406833333333327,3.744110028999376e-05,0.903
"U(0.01,0.1), eps=1e-07",705321387051,293636,0.9,8.23375,1.0,1.0,2.397024999999999,0.00014955857429979288,0.943875
"U(0.01,0.1), eps=1e-07",850795707922,20337,0.6,8.376375,1.0,1.0,1.9297166666666659,7.936187966752194e-06,0.80775
"U(0.01,0.1), eps=1e-07",1237946183132,18694,0.5,8.434625,1.0,1.0,1.791041666666665,4.889950658585712e-06,0.75225
"U(0.01,0.1), eps=1e-07",1801267611087,52097,0.8,8.271875,1.0,1.0,2.2401833333333325,1.012866044824685e-05,0.904
"U(0.01,0.1), eps=1e-07",2172783613919,12097,0.5,8.431,1.0,1.0,1.7877166666666653,1.8012795995551484e-06,0.7495
"U(0.01,0.1), eps=1e-07",3161498296921,16996,0.9,8.238,1.0,1.0,2.4128833333333315,1.940666444285391e-06,0.945375
"U(0.01,0.1), eps=1e-07",4600122818216,1239917,0.5,8.44075,1.0,1.0,1.7839166666666648,8.71520454853266e-05,0.7475
"U(0.01,0.1), eps=1e-08",8965333333333,15352,0.7,8.3195,1.0,1.0,2.087474999999999,5.845367038965111e-07,0.859
"U(0.01,0.1), eps=1e-08",10814456019797,113571,0.9,8.235,1.0,1.0,2.3963499999999995,3.771892869942127e-06,0.9425
"U(0.01,0.1), eps=1e-08",15735521968084,19119,0.9,8.236875,1.0,1.0,2.4113666666666647,4.3821062264321007e-07,0.945625
"U(0.01,0.1), eps=1e-08",18981013192192,25712,0.5,8.43275,1.0,1.0,1.7894333333333323,4.382146513349238e-07,0.748375
"U(0.01,0.1), eps=1e-08",27618231514879,29295,0.95,8.21875,1.0,1.0,2.5008916666666647,3.8839349352785634e-07,0.9645
"U(0.01,0.1), eps=1e-08",40185774293819,878652,0.8,8.27625,1.0,1.0,2.2300999999999984,7.637964717285793e-06,0.901375
"U(0.01,0.1), eps=1e-08",48474191930623,25660,0.95,8.217625,1.0,1.0,2.499474999999999,1.937087031474177e-07,0.963875
"U(0.01,0.1), eps=1e-08",70532138705184,20295,0.5,8.432125,1.0,1.0,1.7873999999999992,9.304038744564093e-08,0.7535
"U(0.01,0.1), eps=1e-08",85079570792251,19183,0.6,8.376125,1.0,1.0,1.9338833333333316,7.490435048369364e-08,0.808
"U(0.01,0.1), eps=1e-08",123794618313287,19590,0.5,8.433625,1.0,1.0,1.7886749999999991,5.120335322419783e-08,0.753375
"U(0.01,0.1), eps=1e-08",180126761108769,52081,0.8,8.27125,1.0,1.0,2.237649999999998,1.0119893531251966e-07,0.903625
"U(0.01,0.1), eps=1e-08",217278361391956,12759,0.5,8.435125,1.0,1.0,1.7907999999999993,1.902713876977931e-08,0.749875
"U(0.01,0.1), eps=1e-08",316149829692175,18018,0.9,8.237625,1.0,1.0,2.4100249999999988,2.0556638419125025e-08,0.945375
"U(0.01,0.1), eps=1e-08",460012281821689,1160004,0.5,8.44075,1.0,1.0,1.7846999999999982,8.155871235312537e-07,0.74725
"U(1e-05,0.01), eps=1e-05",856560,752,0.5,1.0,0.0,0.0,1.0,0.1378350611749325,0.0
"U(1e-05,0.01), eps=1e-05",1033228,209,0.5,1.0,0.0,0.0,1.0,0.031757753370988705,0.0
"U(1e-05,0.01), eps=1e-05",1503393,326,0.5,1.0,0.0,0.0,1.0,0.03404432507002486,0.0
"U(1e-05,0.01), eps=1e-05",1813472,296,0.5,1.0,0.0,0.0,1.0,0.025625981542587974,0.0
"U(1e-05,0.01), eps=1e-05",2638684,614,0.5,1.0,0.0,0.0,1.0,0.03653260488940703,0.0
"U(1e-05,0.01), eps=1e-05",3839405,935,0.5,1.0,0.0,0.0,1.0,0.03823378882925877,0.0
"U(1e-05,0.01), eps=1e-05",4631292,1049,0.5,1.0,0.0,0.0,1.0,0.03556091906966773,0.0
"U(1e-05,0.01), eps=1e-05",6738739,1044,0.5,1.0,0.0,0.0,1.0,0.024323245046291315,0.0
"U(1e-05,0.01), eps=1e-05",8128621,1844,0.5,1.0,0.0,0.0,1.0,0.03561588121773677,0.0
"U(1e-05,0.01), eps=1e-05",11827511,440,0.5,1.0,0.0,0.0,1.0,0.005840620228550219,0.0
"U(1e-05,0.01), eps=1e-05",17209563,5309,0.5,1.0,0.0,0.0,1.0,0.048433129882496165,0.0
"U(1e-05,0.01), eps=1e-05",20759079,2898,0.5,1.0,0.0,0.0,1.0,0.021917446337575953,0.0
"U(1e-05,0.01), eps=1e-05",30205397,1493,0.5,1.0,0.0,0.0,1.0,0.007760235695627496,0.0
"U(1e-05,0.01), eps=1e-05",43950218,18318,0.5,1.0,0.0,0.0,1.0,0.06543598941875566,0.0
