setting,scenario_id,phi_min,phi_max,phi_distribution,eps,algorithm,implementation_variant,threshold_pct,budget_to_reach,budget_to_reach_lo,budget_to_reach_hi,ratio_vs_brute,ratio_lo,ratio_hi,grid_sensitivity_rel,crossing_rule,R,n_boot,boot_seed,ci_level,coverage,n_budget_points
"U(0.01,pi/2), eps=1e-03",broad_pi2_e3,0.01,1.5707963267948966,uniform,0.001,binary_deep,qmetrology.algorithms.find_phi_fixed_budget_binary_search_deep,50,56000.0,55100.0,56900.0,2.01,1.97,2.06,0.0076,log-linear interpolation of the convergence-vs-budget curve (qmetrology.uncertainty.crossing),50000,2000,12345,95,1.0,22
"U(0.01,pi/2), eps=1e-03",broad_pi2_e3,0.01,1.5707963267948966,uniform,0.001,binary_deep,qmetrology.algorithms.find_phi_fixed_budget_binary_search_deep,80,255000.0,251000.0,258000.0,1.6,1.57,1.63,0.0084,log-linear interpolation of the convergence-vs-budget curve (qmetrology.uncertainty.crossing),50000,2000,12345,95,1.0,22
"U(0.01,pi/2), eps=1e-03",broad_pi2_e3,0.01,1.5707963267948966,uniform,0.001,binary_deep,qmetrology.algorithms.find_phi_fixed_budget_binary_search_deep,90,471000.0,464000.0,478000.0,1.44,1.41,1.47,0.0233,log-linear interpolation of the convergence-vs-budget curve (qmetrology.uncertainty.crossing),50000,2000,12345,95,1.0,22
"U(0.01,pi/2), eps=1e-03",broad_pi2_e3,0.01,1.5707963267948966,uniform,0.001,binary_deep,qmetrology.algorithms.find_phi_fixed_budget_binary_search_deep,95,726000.0,716000.0,737000.0,1.34,1.31,1.36,0.1055,log-linear interpolation of the convergence-vs-budget curve (qmetrology.uncertainty.crossing),50000,2000,12345,95,1.0,22
"U(0.01,pi/2), eps=1e-03",broad_pi2_e3,0.01,1.5707963267948966,uniform,0.001,brute,qmetrology.algorithms.find_phi_fixed_budget_brute_force,50,113000.0,111000.0,115000.0,,,,0.0065,log-linear interpolation of the convergence-vs-budget curve (qmetrology.uncertainty.crossing),50000,2000,12345,95,1.0,22
"U(0.01,pi/2), eps=1e-03",broad_pi2_e3,0.01,1.5707963267948966,uniform,0.001,brute,qmetrology.algorithms.find_phi_fixed_budget_brute_force,80,407000.0,401000.0,412000.0,,,,0.0213,log-linear interpolation of the convergence-vs-budget curve (qmetrology.uncertainty.crossing),50000,2000,12345,95,1.0,22
"U(0.01,pi/2), eps=1e-03",broad_pi2_e3,0.01,1.5707963267948966,uniform,0.001,brute,qmetrology.algorithms.find_phi_fixed_budget_brute_force,90,678000.0,671000.0,686000.0,,,,0.0286,log-linear interpolation of the convergence-vs-budget curve (qmetrology.uncertainty.crossing),50000,2000,12345,95,1.0,22
"U(0.01,pi/2), eps=1e-03",broad_pi2_e3,0.01,1.5707963267948966,uniform,0.001,brute,qmetrology.algorithms.find_phi_fixed_budget_brute_force,95,973000.0,962000.0,985000.0,,,,0.0492,log-linear interpolation of the convergence-vs-budget curve (qmetrology.uncertainty.crossing),50000,2000,12345,95,1.0,22
"U(0.01,pi/2), eps=1e-03",broad_pi2_e3,0.01,1.5707963267948966,uniform,0.001,linear,qmetrology.algorithms.find_phi_fixed_budget_linear_search,50,80600.0,79300.0,81900.0,1.4,1.37,1.43,0.0217,log-linear interpolation of the convergence-vs-budget curve (qmetrology.uncertainty.crossing),50000,2000,12345,95,1.0,22
"U(0.01,pi/2), eps=1e-03",broad_pi2_e3,0.01,1.5707963267948966,uniform,0.001,linear,qmetrology.algorithms.find_phi_fixed_budget_linear_search,80,337000.0,332000.0,341000.0,1.21,1.19,1.23,0.0089,log-linear interpolation of the convergence-vs-budget curve (qmetrology.uncertainty.crossing),50000,2000,12345,95,1.0,22
"U(0.01,pi/2), eps=1e-03",broad_pi2_e3,0.01,1.5707963267948966,uniform,0.001,linear,qmetrology.algorithms.find_phi_fixed_budget_linear_search,90,595000.0,584000.0,605000.0,1.14,1.12,1.17,0.022,log-linear interpolation of the convergence-vs-budget curve (qmetrology.uncertainty.crossing),50000,2000,12345,95,1.0,22
"U(0.01,pi/2), eps=1e-03",broad_pi2_e3,0.01,1.5707963267948966,uniform,0.001,linear,qmetrology.algorithms.find_phi_fixed_budget_linear_search,95,884000.0,871000.0,897000.0,1.1,1.08,1.12,0.0328,log-linear interpolation of the convergence-vs-budget curve (qmetrology.uncertainty.crossing),50000,2000,12345,95,1.0,22
"U(0.01,pi/2), eps=1e-03",broad_pi2_e3,0.01,1.5707963267948966,uniform,0.001,oracle_hl,qmetrology.oracle.oracle_rate (analytic QCRB rate at N_opt),50,51604,nan,nan,2.19,,,,smallest integer budget with analytic oracle rate >= threshold,0,2000,12345,95,1.0,22
"U(0.01,pi/2), eps=1e-03",broad_pi2_e3,0.01,1.5707963267948966,uniform,0.001,oracle_hl,qmetrology.oracle.oracle_rate (analytic QCRB rate at N_opt),80,245590,nan,nan,1.66,,,,smallest integer budget with analytic oracle rate >= threshold,0,2000,12345,95,1.0,22
"U(0.01,pi/2), eps=1e-03",broad_pi2_e3,0.01,1.5707963267948966,uniform,0.001,oracle_hl,qmetrology.oracle.oracle_rate (analytic QCRB rate at N_opt),90,457628,nan,nan,1.48,,,,smallest integer budget with analytic oracle rate >= threshold,0,2000,12345,95,1.0,22
"U(0.01,pi/2), eps=1e-03",broad_pi2_e3,0.01,1.5707963267948966,uniform,0.001,oracle_hl,qmetrology.oracle.oracle_rate (analytic QCRB rate at N_opt),95,706072,nan,nan,1.38,,,,smallest integer budget with analytic oracle rate >= threshold,0,2000,12345,95,1.0,22
"U(0.01,pi/2), eps=1e-03",broad_pi2_e3,0.01,1.5707963267948966,uniform,0.001,reverse_eng_risk,qmetrology.algorithms.find_phi_fixed_budget_reverse_engineering_risk,50,56300.0,55500.0,57300.0,2.0,1.96,2.05,0.0056,log-linear interpolation of the convergence-vs-budget curve (qmetrology.uncertainty.crossing),50000,2000,12345,95,1.0,22
"U(0.01,pi/2), eps=1e-03",broad_pi2_e3,0.01,1.5707963267948966,uniform,0.001,reverse_eng_risk,qmetrology.algorithms.find_phi_fixed_budget_reverse_engineering_risk,80,257000.0,253000.0,260000.0,1.59,1.55,1.62,0.0072,log-linear interpolation of the convergence-vs-budget curve (qmetrology.uncertainty.crossing),50000,2000,12345,95,1.0,22
"U(0.01,pi/2), eps=1e-03",broad_pi2_e3,0.01,1.5707963267948966,uniform,0.001,reverse_eng_risk,qmetrology.algorithms.find_phi_fixed_budget_reverse_engineering_risk,90,473000.0,466000.0,480000.0,1.43,1.41,1.46,0.0259,log-linear interpolation of the convergence-vs-budget curve (qmetrology.uncertainty.crossing),50000,2000,12345,95,1.0,22
"U(0.01,pi/2), eps=1e-03",broad_pi2_e3,0.01,1.5707963267948966,uniform,0.001,reverse_eng_risk,qmetrology.algorithms.find_phi_fixed_budget_reverse_engineering_risk,95,739000.0,729000.0,751000.0,1.32,1.29,1.34,0.0426,log-linear interpolation of the convergence-vs-budget curve (qmetrology.uncertainty.crossing),50000,2000,12345,95,1.0,22
"U(0.01,pi/2), eps=1e-03",broad_pi2_e3,0.01,1.5707963267948966,uniform,0.001,separable,qmetrology.algorithms.find_phi_fixed_budget_separable,50,113000.0,111000.0,115000.0,1.0,0.98,1.02,0.0065,log-linear interpolation of the convergence-vs-budget curve (qmetrology.uncertainty.crossing),50000,2000,12345,95,1.0,22
"U(0.01,pi/2), eps=1e-03",broad_pi2_e3,0.01,1.5707963267948966,uniform,0.001,separable,qmetrology.algorithms.find_phi_fixed_budget_separable,80,407000.0,401000.0,412000.0,1.0,0.98,1.02,0.0213,log-linear interpolation of the convergence-vs-budget curve (qmetrology.uncertainty.crossing),50000,2000,12345,95,1.0,22
"U(0.01,pi/2), eps=1e-03",broad_pi2_e3,0.01,1.5707963267948966,uniform,0.001,separable,qmetrology.algorithms.find_phi_fixed_budget_separable,90,678000.0,671000.0,686000.0,1.0,0.98,1.02,0.0286,log-linear interpolation of the convergence-vs-budget curve (qmetrology.uncertainty.crossing),50000,2000,12345,95,1.0,22
"U(0.01,pi/2), eps=1e-03",broad_pi2_e3,0.01,1.5707963267948966,uniform,0.001,separable,qmetrology.algorithms.find_phi_fixed_budget_separable,95,973000.0,962000.0,985000.0,1.0,0.98,1.02,0.0492,log-linear interpolation of the convergence-vs-budget curve (qmetrology.uncertainty.crossing),50000,2000,12345,95,1.0,22
"U(0.01,pi/4), eps=1e-03",broad_pi4_e3,0.01,0.7853981633974483,uniform,0.001,binary_deep,qmetrology.algorithms.find_phi_fixed_budget_binary_search_deep,50,27200.0,26700.0,27700.0,2.07,2.03,2.12,0.0154,log-linear interpolation of the convergence-vs-budget curve (qmetrology.uncertainty.crossing),50000,2000,12345,95,1.0,22
"U(0.01,pi/4), eps=1e-03",broad_pi4_e3,0.01,0.7853981633974483,uniform,0.001,binary_deep,qmetrology.algorithms.find_phi_fixed_budget_binary_search_deep,80,117000.0,115000.0,119000.0,1.75,1.71,1.78,0.021,log-linear interpolation of the convergence-vs-budget curve (qmetrology.uncertainty.crossing),50000,2000,12345,95,1.0,22
"U(0.01,pi/4), eps=1e-03",broad_pi4_e3,0.01,0.7853981633974483,uniform,0.001,binary_deep,qmetrology.algorithms.find_phi_fixed_budget_binary_search_deep,90,216000.0,213000.0,220000.0,1.57,1.53,1.6,0.0295,log-linear interpolation of the convergence-vs-budget curve (qmetrology.uncertainty.crossing),50000,2000,12345,95,1.0,22
"U(0.01,pi/4), eps=1e-03",broad_pi4_e3,0.01,0.7853981633974483,uniform,0.001,binary_deep,qmetrology.algorithms.find_phi_fixed_budget_binary_search_deep,95,333000.0,326000.0,339000.0,1.46,1.43,1.5,0.0483,log-linear interpolation of the convergence-vs-budget curve (qmetrology.uncertainty.crossing),50000,2000,12345,95,1.0,22
"U(0.01,pi/4), eps=1e-03",broad_pi4_e3,0.01,0.7853981633974483,uniform,0.001,brute,qmetrology.algorithms.find_phi_fixed_budget_brute_force,50,56400.0,55600.0,57300.0,,,,0.0061,log-linear interpolation of the convergence-vs-budget curve (qmetrology.uncertainty.crossing),50000,2000,12345,95,1.0,22
"U(0.01,pi/4), eps=1e-03",broad_pi4_e3,0.01,0.7853981633974483,uniform,0.001,brute,qmetrology.algorithms.find_phi_fixed_budget_brute_force,80,204000.0,202000.0,207000.0,,,,0.0177,log-linear interpolation of the convergence-vs-budget curve (qmetrology.uncertainty.crossing),50000,2000,12345,95,1.0,22
"U(0.01,pi/4), eps=1e-03",broad_pi4_e3,0.01,0.7853981633974483,uniform,0.001,brute,qmetrology.algorithms.find_phi_fixed_budget_brute_force,90,339000.0,334000.0,343000.0,,,,0.0232,log-linear interpolation of the convergence-vs-budget curve (qmetrology.uncertainty.crossing),50000,2000,12345,95,1.0,22
"U(0.01,pi/4), eps=1e-03",broad_pi4_e3,0.01,0.7853981633974483,uniform,0.001,brute,qmetrology.algorithms.find_phi_fixed_budget_brute_force,95,486000.0,479000.0,492000.0,,,,0.0375,log-linear interpolation of the convergence-vs-budget curve (qmetrology.uncertainty.crossing),50000,2000,12345,95,1.0,22
"U(0.01,pi/4), eps=1e-03",broad_pi4_e3,0.01,0.7853981633974483,uniform,0.001,linear,qmetrology.algorithms.find_phi_fixed_budget_linear_search,50,41300.0,40600.0,42000.0,1.37,1.34,1.4,0.025,log-linear interpolation of the convergence-vs-budget curve (qmetrology.uncertainty.crossing),50000,2000,12345,95,1.0,22
"U(0.01,pi/4), eps=1e-03",broad_pi4_e3,0.01,0.7853981633974483,uniform,0.001,linear,qmetrology.algorithms.find_phi_fixed_budget_linear_search,80,158000.0,156000.0,160000.0,1.29,1.27,1.32,0.0097,log-linear interpolation of the convergence-vs-budget curve (qmetrology.uncertainty.crossing),50000,2000,12345,95,1.0,22
"U(0.01,pi/4), eps=1e-03",broad_pi4_e3,0.01,0.7853981633974483,uniform,0.001,linear,qmetrology.algorithms.find_phi_fixed_budget_linear_search,90,279000.0,275000.0,283000.0,1.22,1.19,1.24,0.0266,log-linear interpolation of the convergence-vs-budget curve (qmetrology.uncertainty.crossing),50000,2000,12345,95,1.0,22
"U(0.01,pi/4), eps=1e-03",broad_pi4_e3,0.01,0.7853981633974483,uniform,0.001,linear,qmetrology.algorithms.find_phi_fixed_budget_linear_search,95,423000.0,416000.0,432000.0,1.15,1.12,1.17,0.0508,log-linear interpolation of the convergence-vs-budget curve (qmetrology.uncertainty.crossing),50000,2000,12345,95,1.0,22
"U(0.01,pi/4), eps=1e-03",broad_pi4_e3,0.01,0.7853981633974483,uniform,0.001,oracle_hl,qmetrology.oracle.oracle_rate (analytic QCRB rate at N_opt),50,23810,nan,nan,2.37,,,,smallest integer budget with analytic oracle rate >= threshold,0,2000,12345,95,1.0,22
"U(0.01,pi/4), eps=1e-03",broad_pi4_e3,0.01,0.7853981633974483,uniform,0.001,oracle_hl,qmetrology.oracle.oracle_rate (analytic QCRB rate at N_opt),80,110307,nan,nan,1.85,,,,smallest integer budget with analytic oracle rate >= threshold,0,2000,12345,95,1.0,22
"U(0.01,pi/4), eps=1e-03",broad_pi4_e3,0.01,0.7853981633974483,uniform,0.001,oracle_hl,qmetrology.oracle.oracle_rate (analytic QCRB rate at N_opt),90,204760,nan,nan,1.66,,,,smallest integer budget with analytic oracle rate >= threshold,0,2000,12345,95,1.0,22
"U(0.01,pi/4), eps=1e-03",broad_pi4_e3,0.01,0.7853981633974483,uniform,0.001,oracle_hl,qmetrology.oracle.oracle_rate (analytic QCRB rate at N_opt),95,316712,nan,nan,1.53,,,,smallest integer budget with analytic oracle rate >= threshold,0,2000,12345,95,1.0,22
"U(0.01,pi/4), eps=1e-03",broad_pi4_e3,0.01,0.7853981633974483,uniform,0.001,reverse_eng_risk,qmetrology.algorithms.find_phi_fixed_budget_reverse_engineering_risk,50,27200.0,26600.0,27700.0,2.08,2.03,2.13,0.0075,log-linear interpolation of the convergence-vs-budget curve (qmetrology.uncertainty.crossing),50000,2000,12345,95,1.0,22
"U(0.01,pi/4), eps=1e-03",broad_pi4_e3,0.01,0.7853981633974483,uniform,0.001,reverse_eng_risk,qmetrology.algorithms.find_phi_fixed_budget_reverse_engineering_risk,80,117000.0,115000.0,119000.0,1.75,1.71,1.78,0.0149,log-linear interpolation of the convergence-vs-budget curve (qmetrology.uncertainty.crossing),50000,2000,12345,95,1.0,22
"U(0.01,pi/4), eps=1e-03",broad_pi4_e3,0.01,0.7853981633974483,uniform,0.001,reverse_eng_risk,qmetrology.algorithms.find_phi_fixed_budget_reverse_engineering_risk,90,219000.0,216000.0,223000.0,1.55,1.51,1.58,0.0129,log-linear interpolation of the convergence-vs-budget curve (qmetrology.uncertainty.crossing),50000,2000,12345,95,1.0,22
"U(0.01,pi/4), eps=1e-03",broad_pi4_e3,0.01,0.7853981633974483,uniform,0.001,reverse_eng_risk,qmetrology.algorithms.find_phi_fixed_budget_reverse_engineering_risk,95,332000.0,325000.0,339000.0,1.46,1.43,1.5,0.0565,log-linear interpolation of the convergence-vs-budget curve (qmetrology.uncertainty.crossing),50000,2000,12345,95,1.0,22
"U(0.01,pi/4), eps=1e-03",broad_pi4_e3,0.01,0.7853981633974483,uniform,0.001,separable,qmetrology.algorithms.find_phi_fixed_budget_separable,50,113000.0,111000.0,115000.0,0.5,0.49,0.51,0.01,log-linear interpolation of the convergence-vs-budget curve (qmetrology.uncertainty.crossing),50000,2000,12345,95,1.0,22
"U(0.01,pi/4), eps=1e-03",broad_pi4_e3,0.01,0.7853981633974483,uniform,0.001,separable,qmetrology.algorithms.find_phi_fixed_budget_separable,80,406000.0,401000.0,411000.0,0.5,0.5,0.51,0.0239,log-linear interpolation of the convergence-vs-budget curve (qmetrology.uncertainty.crossing),50000,2000,12345,95,1.0,22
"U(0.01,pi/4), eps=1e-03",broad_pi4_e3,0.01,0.7853981633974483,uniform,0.001,separable,qmetrology.algorithms.find_phi_fixed_budget_separable,90,678000.0,671000.0,685000.0,0.5,0.49,0.51,0.0292,log-linear interpolation of the convergence-vs-budget curve (qmetrology.uncertainty.crossing),50000,2000,12345,95,1.0,22
"U(0.01,pi/4), eps=1e-03",broad_pi4_e3,0.01,0.7853981633974483,uniform,0.001,separable,qmetrology.algorithms.find_phi_fixed_budget_separable,95,973000.0,961000.0,984000.0,0.5,0.49,0.51,0.0486,log-linear interpolation of the convergence-vs-budget curve (qmetrology.uncertainty.crossing),50000,2000,12345,95,1.0,22
"U(0.01,0.1), eps=1e-03",narrow_e3,0.01,0.1,uniform,0.001,binary_deep,qmetrology.algorithms.find_phi_fixed_budget_binary_search_deep,50,5230.0,5140.0,5320.0,1.46,1.42,1.49,0.0112,log-linear interpolation of the convergence-vs-budget curve (qmetrology.uncertainty.crossing),50000,2000,12345,95,1.0,23
"U(0.01,0.1), eps=1e-03",narrow_e3,0.01,0.1,uniform,0.001,binary_deep,qmetrology.algorithms.find_phi_fixed_budget_binary_search_deep,80,18900.0,18700.0,19200.0,1.45,1.42,1.47,0.025,log-linear interpolation of the convergence-vs-budget curve (qmetrology.uncertainty.crossing),50000,2000,12345,95,1.0,23
"U(0.01,0.1), eps=1e-03",narrow_e3,0.01,0.1,uniform,0.001,binary_deep,qmetrology.algorithms.find_phi_fixed_budget_binary_search_deep,90,32400.0,32000.0,32900.0,1.42,1.39,1.44,0.0574,log-linear interpolation of the convergence-vs-budget curve (qmetrology.uncertainty.crossing),50000,2000,12345,95,1.0,23
"U(0.01,0.1), eps=1e-03",narrow_e3,0.01,0.1,uniform,0.001,binary_deep,qmetrology.algorithms.find_phi_fixed_budget_binary_search_deep,95,58700.0,56600.0,59700.0,1.11,1.09,1.15,0.1312,log-linear interpolation of the convergence-vs-budget curve (qmetrology.uncertainty.crossing),50000,2000,12345,95,1.0,23
"U(0.01,0.1), eps=1e-03",narrow_e3,0.01,0.1,uniform,0.001,brute,qmetrology.algorithms.find_phi_fixed_budget_brute_force,50,7610.0,7470.0,7730.0,,,,0.0136,log-linear interpolation of the convergence-vs-budget curve (qmetrology.uncertainty.crossing),50000,2000,12345,95,1.0,23
"U(0.01,0.1), eps=1e-03",narrow_e3,0.01,0.1,uniform,0.001,brute,qmetrology.algorithms.find_phi_fixed_budget_brute_force,80,27400.0,27000.0,27700.0,,,,0.024,log-linear interpolation of the convergence-vs-budget curve (qmetrology.uncertainty.crossing),50000,2000,12345,95,1.0,23
"U(0.01,0.1), eps=1e-03",narrow_e3,0.01,0.1,uniform,0.001,brute,qmetrology.algorithms.find_phi_fixed_budget_brute_force,90,45900.0,45300.0,46500.0,,,,0.025,log-linear interpolation of the convergence-vs-budget curve (qmetrology.uncertainty.crossing),50000,2000,12345,95,1.0,23
"U(0.01,0.1), eps=1e-03",narrow_e3,0.01,0.1,uniform,0.001,brute,qmetrology.algorithms.find_phi_fixed_budget_brute_force,95,65300.0,64300.0,66200.0,,,,0.0526,log-linear interpolation of the convergence-vs-budget curve (qmetrology.uncertainty.crossing),50000,2000,12345,95,1.0,23
"U(0.01,0.1), eps=1e-03",narrow_e3,0.01,0.1,uniform,0.001,linear,qmetrology.algorithms.find_phi_fixed_budget_linear_search,50,5380.0,5280.0,5480.0,1.41,1.38,1.45,0.0146,log-linear interpolation of the convergence-vs-budget curve (qmetrology.uncertainty.crossing),50000,2000,12345,95,1.0,23
"U(0.01,0.1), eps=1e-03",narrow_e3,0.01,0.1,uniform,0.001,linear,qmetrology.algorithms.find_phi_fixed_budget_linear_search,80,20000.0,19700.0,20300.0,1.37,1.34,1.4,0.0033,log-linear interpolation of the convergence-vs-budget curve (qmetrology.uncertainty.crossing),50000,2000,12345,95,1.0,23
"U(0.01,0.1), eps=1e-03",narrow_e3,0.01,0.1,uniform,0.001,linear,qmetrology.algorithms.find_phi_fixed_budget_linear_search,90,35500.0,34900.0,36000.0,1.29,1.27,1.32,0.0361,log-linear interpolation of the convergence-vs-budget curve (qmetrology.uncertainty.crossing),50000,2000,12345,95,1.0,23
"U(0.01,0.1), eps=1e-03",narrow_e3,0.01,0.1,uniform,0.001,linear,qmetrology.algorithms.find_phi_fixed_budget_linear_search,95,53500.0,52900.0,54100.0,1.22,1.2,1.24,0.0862,log-linear interpolation of the convergence-vs-budget curve (qmetrology.uncertainty.crossing),50000,2000,12345,95,1.0,23
"U(0.01,0.1), eps=1e-03",narrow_e3,0.01,0.1,uniform,0.001,oracle_hl,qmetrology.oracle.oracle_rate (analytic QCRB rate at N_opt),50,3388,nan,nan,2.25,,,,smallest integer budget with analytic oracle rate >= threshold,0,2000,12345,95,1.0,23
"U(0.01,0.1), eps=1e-03",narrow_e3,0.01,0.1,uniform,0.001,oracle_hl,qmetrology.oracle.oracle_rate (analytic QCRB rate at N_opt),80,13716,nan,nan,2.0,,,,smallest integer budget with analytic oracle rate >= threshold,0,2000,12345,95,1.0,23
"U(0.01,0.1), eps=1e-03",narrow_e3,0.01,0.1,uniform,0.001,oracle_hl,qmetrology.oracle.oracle_rate (analytic QCRB rate at N_opt),90,24435,nan,nan,1.88,,,,smallest integer budget with analytic oracle rate >= threshold,0,2000,12345,95,1.0,23
"U(0.01,0.1), eps=1e-03",narrow_e3,0.01,0.1,uniform,0.001,oracle_hl,qmetrology.oracle.oracle_rate (analytic QCRB rate at N_opt),95,36975,nan,nan,1.77,,,,smallest integer budget with analytic oracle rate >= threshold,0,2000,12345,95,1.0,23
"U(0.01,0.1), eps=1e-03",narrow_e3,0.01,0.1,uniform,0.001,reverse_eng_risk,qmetrology.algorithms.find_phi_fixed_budget_reverse_engineering_risk,50,5030.0,4940.0,5120.0,1.51,1.47,1.55,0.0014,log-linear interpolation of the convergence-vs-budget curve (qmetrology.uncertainty.crossing),50000,2000,12345,95,1.0,23
"U(0.01,0.1), eps=1e-03",narrow_e3,0.01,0.1,uniform,0.001,reverse_eng_risk,qmetrology.algorithms.find_phi_fixed_budget_reverse_engineering_risk,80,17800.0,17600.0,18000.0,1.54,1.51,1.56,0.0197,log-linear interpolation of the convergence-vs-budget curve (qmetrology.uncertainty.crossing),50000,2000,12345,95,1.0,23
"U(0.01,0.1), eps=1e-03",narrow_e3,0.01,0.1,uniform,0.001,reverse_eng_risk,qmetrology.algorithms.find_phi_fixed_budget_reverse_engineering_risk,90,29800.0,29200.0,30300.0,1.54,1.51,1.58,0.0525,log-linear interpolation of the convergence-vs-budget curve (qmetrology.uncertainty.crossing),50000,2000,12345,95,1.0,23
"U(0.01,0.1), eps=1e-03",narrow_e3,0.01,0.1,uniform,0.001,reverse_eng_risk,qmetrology.algorithms.find_phi_fixed_budget_reverse_engineering_risk,95,44100.0,43300.0,45000.0,1.48,1.44,1.52,0.0673,log-linear interpolation of the convergence-vs-budget curve (qmetrology.uncertainty.crossing),50000,2000,12345,95,1.0,23
"U(0.01,0.1), eps=1e-03",narrow_e3,0.01,0.1,uniform,0.001,separable,qmetrology.algorithms.find_phi_fixed_budget_separable,50,112000.0,110000.0,115000.0,0.07,0.07,0.07,0.0189,log-linear interpolation of the convergence-vs-budget curve (qmetrology.uncertainty.crossing),50000,2000,12345,95,1.0,23
"U(0.01,0.1), eps=1e-03",narrow_e3,0.01,0.1,uniform,0.001,separable,qmetrology.algorithms.find_phi_fixed_budget_separable,80,411000.0,407000.0,416000.0,0.07,0.07,0.07,0.0131,log-linear interpolation of the convergence-vs-budget curve (qmetrology.uncertainty.crossing),50000,2000,12345,95,1.0,23
"U(0.01,0.1), eps=1e-03",narrow_e3,0.01,0.1,uniform,0.001,separable,qmetrology.algorithms.find_phi_fixed_budget_separable,90,680000.0,669000.0,691000.0,0.07,0.07,0.07,0.049,log-linear interpolation of the convergence-vs-budget curve (qmetrology.uncertainty.crossing),50000,2000,12345,95,1.0,23
"U(0.01,0.1), eps=1e-03",narrow_e3,0.01,0.1,uniform,0.001,separable,qmetrology.algorithms.find_phi_fixed_budget_separable,95,969000.0,949000.0,988000.0,0.07,0.07,0.07,0.0782,log-linear interpolation of the convergence-vs-budget curve (qmetrology.uncertainty.crossing),50000,2000,12345,95,1.0,23
"U(0.01,0.1), eps=1e-04",narrow_e4,0.01,0.1,uniform,0.0001,binary_deep,qmetrology.algorithms.find_phi_fixed_budget_binary_search_deep,50,430000.0,424000.0,436000.0,1.75,1.71,1.79,0.0044,log-linear interpolation of the convergence-vs-budget curve (qmetrology.uncertainty.crossing),50000,2000,12345,95,1.0,22
"U(0.01,0.1), eps=1e-04",narrow_e4,0.01,0.1,uniform,0.0001,binary_deep,qmetrology.algorithms.find_phi_fixed_budget_binary_search_deep,80,1650000.0,1630000.0,1670000.0,1.64,1.62,1.67,0.0095,log-linear interpolation of the convergence-vs-budget curve (qmetrology.uncertainty.crossing),50000,2000,12345,95,1.0,22
"U(0.01,0.1), eps=1e-04",narrow_e4,0.01,0.1,uniform,0.0001,binary_deep,qmetrology.algorithms.find_phi_fixed_budget_binary_search_deep,90,2830000.0,2800000.0,2870000.0,1.6,1.57,1.63,0.0583,log-linear interpolation of the convergence-vs-budget curve (qmetrology.uncertainty.crossing),50000,2000,12345,95,1.0,22
"U(0.01,0.1), eps=1e-04",narrow_e4,0.01,0.1,uniform,0.0001,binary_deep,qmetrology.algorithms.find_phi_fixed_budget_binary_search_deep,95,4260000.0,4160000.0,4340000.0,1.52,1.48,1.56,0.0594,log-linear interpolation of the convergence-vs-budget curve (qmetrology.uncertainty.crossing),50000,2000,12345,95,1.0,22
"U(0.01,0.1), eps=1e-04",narrow_e4,0.01,0.1,uniform,0.0001,brute,qmetrology.algorithms.find_phi_fixed_budget_brute_force,50,752000.0,738000.0,765000.0,,,,0.0126,log-linear interpolation of the convergence-vs-budget curve (qmetrology.uncertainty.crossing),50000,2000,12345,95,1.0,22
"U(0.01,0.1), eps=1e-04",narrow_e4,0.01,0.1,uniform,0.0001,brute,qmetrology.algorithms.find_phi_fixed_budget_brute_force,80,2720000.0,2690000.0,2750000.0,,,,0.0256,log-linear interpolation of the convergence-vs-budget curve (qmetrology.uncertainty.crossing),50000,2000,12345,95,1.0,22
"U(0.01,0.1), eps=1e-04",narrow_e4,0.01,0.1,uniform,0.0001,brute,qmetrology.algorithms.find_phi_fixed_budget_brute_force,90,4530000.0,4460000.0,4590000.0,,,,0.0307,log-linear interpolation of the convergence-vs-budget curve (qmetrology.uncertainty.crossing),50000,2000,12345,95,1.0,22
"U(0.01,0.1), eps=1e-04",narrow_e4,0.01,0.1,uniform,0.0001,brute,qmetrology.algorithms.find_phi_fixed_budget_brute_force,95,6470000.0,6360000.0,6580000.0,,,,0.0574,log-linear interpolation of the convergence-vs-budget curve (qmetrology.uncertainty.crossing),50000,2000,12345,95,1.0,22
"U(0.01,0.1), eps=1e-04",narrow_e4,0.01,0.1,uniform,0.0001,linear,qmetrology.algorithms.find_phi_fixed_budget_linear_search,50,462000.0,455000.0,470000.0,1.63,1.59,1.66,0.0143,log-linear interpolation of the convergence-vs-budget curve (qmetrology.uncertainty.crossing),50000,2000,12345,95,1.0,22
"U(0.01,0.1), eps=1e-04",narrow_e4,0.01,0.1,uniform,0.0001,linear,qmetrology.algorithms.find_phi_fixed_budget_linear_search,80,1660000.0,1640000.0,1680000.0,1.63,1.61,1.66,0.0178,log-linear interpolation of the convergence-vs-budget curve (qmetrology.uncertainty.crossing),50000,2000,12345,95,1.0,22
"U(0.01,0.1), eps=1e-04",narrow_e4,0.01,0.1,uniform,0.0001,linear,qmetrology.algorithms.find_phi_fixed_budget_linear_search,90,2910000.0,2860000.0,2960000.0,1.56,1.52,1.59,0.0368,log-linear interpolation of the convergence-vs-budget curve (qmetrology.uncertainty.crossing),50000,2000,12345,95,1.0,22
"U(0.01,0.1), eps=1e-04",narrow_e4,0.01,0.1,uniform,0.0001,linear,qmetrology.algorithms.find_phi_fixed_budget_linear_search,95,4350000.0,4250000.0,4440000.0,1.49,1.45,1.53,0.0718,log-linear interpolation of the convergence-vs-budget curve (qmetrology.uncertainty.crossing),50000,2000,12345,95,1.0,22
"U(0.01,0.1), eps=1e-04",narrow_e4,0.01,0.1,uniform,0.0001,oracle_hl,qmetrology.oracle.oracle_rate (analytic QCRB rate at N_opt),50,336595,nan,nan,2.23,,,,smallest integer budget with analytic oracle rate >= threshold,0,2000,12345,95,1.0,22
"U(0.01,0.1), eps=1e-04",narrow_e4,0.01,0.1,uniform,0.0001,oracle_hl,qmetrology.oracle.oracle_rate (analytic QCRB rate at N_opt),80,1369852,nan,nan,1.98,,,,smallest integer budget with analytic oracle rate >= threshold,0,2000,12345,95,1.0,22
"U(0.01,0.1), eps=1e-04",narrow_e4,0.01,0.1,uniform,0.0001,oracle_hl,qmetrology.oracle.oracle_rate (analytic QCRB rate at N_opt),90,2442339,nan,nan,1.85,,,,smallest integer budget with analytic oracle rate >= threshold,0,2000,12345,95,1.0,22
"U(0.01,0.1), eps=1e-04",narrow_e4,0.01,0.1,uniform,0.0001,oracle_hl,qmetrology.oracle.oracle_rate (analytic QCRB rate at N_opt),95,3696354,nan,nan,1.75,,,,smallest integer budget with analytic oracle rate >= threshold,0,2000,12345,95,1.0,22
"U(0.01,0.1), eps=1e-04",narrow_e4,0.01,0.1,uniform,0.0001,reverse_eng_risk,qmetrology.algorithms.find_phi_fixed_budget_reverse_engineering_risk,50,376000.0,369000.0,383000.0,2.0,1.95,2.05,0.018,log-linear interpolation of the convergence-vs-budget curve (qmetrology.uncertainty.crossing),50000,2000,12345,95,1.0,22
"U(0.01,0.1), eps=1e-04",narrow_e4,0.01,0.1,uniform,0.0001,reverse_eng_risk,qmetrology.algorithms.find_phi_fixed_budget_reverse_engineering_risk,80,1480000.0,1450000.0,1500000.0,1.84,1.8,1.88,0.0112,log-linear interpolation of the convergence-vs-budget curve (qmetrology.uncertainty.crossing),50000,2000,12345,95,1.0,22
"U(0.01,0.1), eps=1e-04",narrow_e4,0.01,0.1,uniform,0.0001,reverse_eng_risk,qmetrology.algorithms.find_phi_fixed_budget_reverse_engineering_risk,90,2600000.0,2570000.0,2630000.0,1.74,1.71,1.78,0.0528,log-linear interpolation of the convergence-vs-budget curve (qmetrology.uncertainty.crossing),50000,2000,12345,95,1.0,22
"U(0.01,0.1), eps=1e-04",narrow_e4,0.01,0.1,uniform,0.0001,reverse_eng_risk,qmetrology.algorithms.find_phi_fixed_budget_reverse_engineering_risk,95,4030000.0,3970000.0,4110000.0,1.61,1.57,1.64,0.0416,log-linear interpolation of the convergence-vs-budget curve (qmetrology.uncertainty.crossing),50000,2000,12345,95,1.0,22
"U(0.01,0.1), eps=1e-04",narrow_e4,0.01,0.1,uniform,0.0001,separable,qmetrology.algorithms.find_phi_fixed_budget_separable,50,11300000.0,11100000.0,11500000.0,0.07,0.06,0.07,0.0161,log-linear interpolation of the convergence-vs-budget curve (qmetrology.uncertainty.crossing),50000,2000,12345,95,1.0,22
"U(0.01,0.1), eps=1e-04",narrow_e4,0.01,0.1,uniform,0.0001,separable,qmetrology.algorithms.find_phi_fixed_budget_separable,80,40900000.0,40400000.0,41300000.0,0.07,0.07,0.07,0.0178,log-linear interpolation of the convergence-vs-budget curve (qmetrology.uncertainty.crossing),50000,2000,12345,95,1.0,22
"U(0.01,0.1), eps=1e-04",narrow_e4,0.01,0.1,uniform,0.0001,separable,qmetrology.algorithms.find_phi_fixed_budget_separable,90,67200000.0,66300000.0,68300000.0,0.07,0.07,0.07,0.0506,log-linear interpolation of the convergence-vs-budget curve (qmetrology.uncertainty.crossing),50000,2000,12345,95,1.0,22
"U(0.01,0.1), eps=1e-04",narrow_e4,0.01,0.1,uniform,0.0001,separable,qmetrology.algorithms.find_phi_fixed_budget_separable,95,95500000.0,94000000.0,97600000.0,0.07,0.07,0.07,0.0877,log-linear interpolation of the convergence-vs-budget curve (qmetrology.uncertainty.crossing),50000,2000,12345,95,1.0,22
"U(0.01,0.1), eps=1e-05",narrow_e5,0.01,0.1,uniform,1e-05,binary_deep,qmetrology.algorithms.find_phi_fixed_budget_binary_search_deep,50,36100000.0,35300000.0,36800000.0,2.08,2.03,2.14,0.0148,log-linear interpolation of the convergence-vs-budget curve (qmetrology.uncertainty.crossing),50000,2000,12345,95,1.0,22
"U(0.01,0.1), eps=1e-05",narrow_e5,0.01,0.1,uniform,1e-05,binary_deep,qmetrology.algorithms.find_phi_fixed_budget_binary_search_deep,80,143000000.0,141000000.0,146000000.0,1.9,1.86,1.93,0.0316,log-linear interpolation of the convergence-vs-budget curve (qmetrology.uncertainty.crossing),50000,2000,12345,95,1.0,22
"U(0.01,0.1), eps=1e-05",narrow_e5,0.01,0.1,uniform,1e-05,binary_deep,qmetrology.algorithms.find_phi_fixed_budget_binary_search_deep,90,257000000.0,254000000.0,261000000.0,1.75,1.72,1.79,0.0312,log-linear interpolation of the convergence-vs-budget curve (qmetrology.uncertainty.crossing),50000,2000,12345,95,1.0,22
"U(0.01,0.1), eps=1e-05",narrow_e5,0.01,0.1,uniform,1e-05,binary_deep,qmetrology.algorithms.find_phi_fixed_budget_binary_search_deep,95,386000000.0,381000000.0,391000000.0,1.67,1.64,1.71,0.0777,log-linear interpolation of the convergence-vs-budget curve (qmetrology.uncertainty.crossing),50000,2000,12345,95,1.0,22
"U(0.01,0.1), eps=1e-05",narrow_e5,0.01,0.1,uniform,1e-05,brute,qmetrology.algorithms.find_phi_fixed_budget_brute_force,50,75100000.0,73800000.0,76400000.0,,,,0.012,log-linear interpolation of the convergence-vs-budget curve (qmetrology.uncertainty.crossing),50000,2000,12345,95,1.0,22
"U(0.01,0.1), eps=1e-05",narrow_e5,0.01,0.1,uniform,1e-05,brute,qmetrology.algorithms.find_phi_fixed_budget_brute_force,80,271000000.0,268000000.0,275000000.0,,,,0.0225,log-linear interpolation of the convergence-vs-budget curve (qmetrology.uncertainty.crossing),50000,2000,12345,95,1.0,22
"U(0.01,0.1), eps=1e-05",narrow_e5,0.01,0.1,uniform,1e-05,brute,qmetrology.algorithms.find_phi_fixed_budget_brute_force,90,451000000.0,444000000.0,457000000.0,,,,0.0339,log-linear interpolation of the convergence-vs-budget curve (qmetrology.uncertainty.crossing),50000,2000,12345,95,1.0,22
"U(0.01,0.1), eps=1e-05",narrow_e5,0.01,0.1,uniform,1e-05,brute,qmetrology.algorithms.find_phi_fixed_budget_brute_force,95,646000000.0,634000000.0,656000000.0,,,,0.0581,log-linear interpolation of the convergence-vs-budget curve (qmetrology.uncertainty.crossing),50000,2000,12345,95,1.0,22
"U(0.01,0.1), eps=1e-05",narrow_e5,0.01,0.1,uniform,1e-05,linear,qmetrology.algorithms.find_phi_fixed_budget_linear_search,50,37700000.0,36800000.0,38500000.0,1.99,1.94,2.05,0.0336,log-linear interpolation of the convergence-vs-budget curve (qmetrology.uncertainty.crossing),50000,2000,12345,95,1.0,22
"U(0.01,0.1), eps=1e-05",narrow_e5,0.01,0.1,uniform,1e-05,linear,qmetrology.algorithms.find_phi_fixed_budget_linear_search,80,156000000.0,153000000.0,158000000.0,1.74,1.71,1.78,0.0083,log-linear interpolation of the convergence-vs-budget curve (qmetrology.uncertainty.crossing),50000,2000,12345,95,1.0,22
"U(0.01,0.1), eps=1e-05",narrow_e5,0.01,0.1,uniform,1e-05,linear,qmetrology.algorithms.find_phi_fixed_budget_linear_search,90,276000000.0,272000000.0,280000000.0,1.64,1.6,1.67,0.0455,log-linear interpolation of the convergence-vs-budget curve (qmetrology.uncertainty.crossing),50000,2000,12345,95,1.0,22
"U(0.01,0.1), eps=1e-05",narrow_e5,0.01,0.1,uniform,1e-05,linear,qmetrology.algorithms.find_phi_fixed_budget_linear_search,95,422000000.0,412000000.0,432000000.0,1.53,1.49,1.57,0.0748,log-linear interpolation of the convergence-vs-budget curve (qmetrology.uncertainty.crossing),50000,2000,12345,95,1.0,22
"U(0.01,0.1), eps=1e-05",narrow_e5,0.01,0.1,uniform,1e-05,oracle_hl,qmetrology.oracle.oracle_rate (analytic QCRB rate at N_opt),50,33656825,nan,nan,2.23,,,,smallest integer budget with analytic oracle rate >= threshold,0,2000,12345,95,1.0,22
"U(0.01,0.1), eps=1e-05",narrow_e5,0.01,0.1,uniform,1e-05,oracle_hl,qmetrology.oracle.oracle_rate (analytic QCRB rate at N_opt),80,136983654,nan,nan,1.98,,,,smallest integer budget with analytic oracle rate >= threshold,0,2000,12345,95,1.0,22
"U(0.01,0.1), eps=1e-05",narrow_e5,0.01,0.1,uniform,1e-05,oracle_hl,qmetrology.oracle.oracle_rate (analytic QCRB rate at N_opt),90,244232835,nan,nan,1.85,,,,smallest integer budget with analytic oracle rate >= threshold,0,2000,12345,95,1.0,22
"U(0.01,0.1), eps=1e-05",narrow_e5,0.01,0.1,uniform,1e-05,oracle_hl,qmetrology.oracle.oracle_rate (analytic QCRB rate at N_opt),95,369634266,nan,nan,1.75,,,,smallest integer budget with analytic oracle rate >= threshold,0,2000,12345,95,1.0,22
"U(0.01,0.1), eps=1e-05",narrow_e5,0.01,0.1,uniform,1e-05,reverse_eng_risk,qmetrology.algorithms.find_phi_fixed_budget_reverse_engineering_risk,50,34200000.0,33600000.0,34900000.0,2.2,2.14,2.25,0.0088,log-linear interpolation of the convergence-vs-budget curve (qmetrology.uncertainty.crossing),50000,2000,12345,95,1.0,22
"U(0.01,0.1), eps=1e-05",narrow_e5,0.01,0.1,uniform,1e-05,reverse_eng_risk,qmetrology.algorithms.find_phi_fixed_budget_reverse_engineering_risk,80,140000000.0,138000000.0,143000000.0,1.93,1.89,1.97,0.0168,log-linear interpolation of the convergence-vs-budget curve (qmetrology.uncertainty.crossing),50000,2000,12345,95,1.0,22
"U(0.01,0.1), eps=1e-05",narrow_e5,0.01,0.1,uniform,1e-05,reverse_eng_risk,qmetrology.algorithms.find_phi_fixed_budget_reverse_engineering_risk,90,251000000.0,248000000.0,254000000.0,1.8,1.76,1.83,0.037,log-linear interpolation of the convergence-vs-budget curve (qmetrology.uncertainty.crossing),50000,2000,12345,95,1.0,22
"U(0.01,0.1), eps=1e-05",narrow_e5,0.01,0.1,uniform,1e-05,reverse_eng_risk,qmetrology.algorithms.find_phi_fixed_budget_reverse_engineering_risk,95,379000000.0,374000000.0,384000000.0,1.7,1.67,1.74,0.0755,log-linear interpolation of the convergence-vs-budget curve (qmetrology.uncertainty.crossing),50000,2000,12345,95,1.0,22
"U(0.01,0.1), eps=1e-05",narrow_e5,0.01,0.1,uniform,1e-05,separable,qmetrology.algorithms.find_phi_fixed_budget_separable,50,1130000000.0,1110000000.0,1150000000.0,0.07,0.06,0.07,0.0131,log-linear interpolation of the convergence-vs-budget curve (qmetrology.uncertainty.crossing),50000,2000,12345,95,1.0,22
"U(0.01,0.1), eps=1e-05",narrow_e5,0.01,0.1,uniform,1e-05,separable,qmetrology.algorithms.find_phi_fixed_budget_separable,80,4090000000.0,4050000000.0,4140000000.0,0.07,0.07,0.07,0.0176,log-linear interpolation of the convergence-vs-budget curve (qmetrology.uncertainty.crossing),50000,2000,12345,95,1.0,22
"U(0.01,0.1), eps=1e-05",narrow_e5,0.01,0.1,uniform,1e-05,separable,qmetrology.algorithms.find_phi_fixed_budget_separable,90,6710000000.0,6620000000.0,6840000000.0,0.07,0.07,0.07,0.0522,log-linear interpolation of the convergence-vs-budget curve (qmetrology.uncertainty.crossing),50000,2000,12345,95,1.0,22
"U(0.01,0.1), eps=1e-05",narrow_e5,0.01,0.1,uniform,1e-05,separable,qmetrology.algorithms.find_phi_fixed_budget_separable,95,9560000000.0,9410000000.0,9760000000.0,0.07,0.07,0.07,0.0844,log-linear interpolation of the convergence-vs-budget curve (qmetrology.uncertainty.crossing),50000,2000,12345,95,1.0,22
"U(0.01,0.1), eps=1e-06",narrow_e6,0.01,0.1,uniform,1e-06,binary_deep,qmetrology.algorithms.find_phi_fixed_budget_binary_search_deep,50,3490000000.0,3420000000.0,3560000000.0,2.15,2.09,2.21,0.0284,log-linear interpolation of the convergence-vs-budget curve (qmetrology.uncertainty.crossing),50000,2000,12345,95,1.0,22
"U(0.01,0.1), eps=1e-06",narrow_e6,0.01,0.1,uniform,1e-06,binary_deep,qmetrology.algorithms.find_phi_fixed_budget_binary_search_deep,80,14300000000.0,14100000000.0,14600000000.0,1.89,1.85,1.93,0.0039,log-linear interpolation of the convergence-vs-budget curve (qmetrology.uncertainty.crossing),50000,2000,12345,95,1.0,22
"U(0.01,0.1), eps=1e-06",narrow_e6,0.01,0.1,uniform,1e-06,binary_deep,qmetrology.algorithms.find_phi_fixed_budget_binary_search_deep,90,25400000000.0,25000000000.0,25700000000.0,1.78,1.75,1.81,0.0279,log-linear interpolation of the convergence-vs-budget curve (qmetrology.uncertainty.crossing),50000,2000,12345,95,1.0,22
"U(0.01,0.1), eps=1e-06",narrow_e6,0.01,0.1,uniform,1e-06,binary_deep,qmetrology.algorithms.find_phi_fixed_budget_binary_search_deep,95,38100000000.0,37600000000.0,38700000000.0,1.69,1.66,1.73,0.0719,log-linear interpolation of the convergence-vs-budget curve (qmetrology.uncertainty.crossing),50000,2000,12345,95,1.0,22
"U(0.01,0.1), eps=1e-06",narrow_e6,0.01,0.1,uniform,1e-06,brute,qmetrology.algorithms.find_phi_fixed_budget_brute_force,50,7500000000.0,7360000000.0,7640000000.0,,,,0.0119,log-linear interpolation of the convergence-vs-budget curve (qmetrology.uncertainty.crossing),50000,2000,12345,95,1.0,22
"U(0.01,0.1), eps=1e-06",narrow_e6,0.01,0.1,uniform,1e-06,brute,qmetrology.algorithms.find_phi_fixed_budget_brute_force,80,27100000000.0,26800000000.0,27500000000.0,,,,0.0232,log-linear interpolation of the convergence-vs-budget curve (qmetrology.uncertainty.crossing),50000,2000,12345,95,1.0,22
"U(0.01,0.1), eps=1e-06",narrow_e6,0.01,0.1,uniform,1e-06,brute,qmetrology.algorithms.find_phi_fixed_budget_brute_force,90,45100000000.0,44500000000.0,45700000000.0,,,,0.0326,log-linear interpolation of the convergence-vs-budget curve (qmetrology.uncertainty.crossing),50000,2000,12345,95,1.0,22
"U(0.01,0.1), eps=1e-06",narrow_e6,0.01,0.1,uniform,1e-06,brute,qmetrology.algorithms.find_phi_fixed_budget_brute_force,95,64600000000.0,63500000000.0,65600000000.0,,,,0.0584,log-linear interpolation of the convergence-vs-budget curve (qmetrology.uncertainty.crossing),50000,2000,12345,95,1.0,22
"U(0.01,0.1), eps=1e-06",narrow_e6,0.01,0.1,uniform,1e-06,linear,qmetrology.algorithms.find_phi_fixed_budget_linear_search,50,3700000000.0,3630000000.0,3770000000.0,2.03,1.97,2.08,0.0172,log-linear interpolation of the convergence-vs-budget curve (qmetrology.uncertainty.crossing),50000,2000,12345,95,1.0,22
"U(0.01,0.1), eps=1e-06",narrow_e6,0.01,0.1,uniform,1e-06,linear,qmetrology.algorithms.find_phi_fixed_budget_linear_search,80,14900000000.0,14600000000.0,15200000000.0,1.82,1.78,1.86,0.0291,log-linear interpolation of the convergence-vs-budget curve (qmetrology.uncertainty.crossing),50000,2000,12345,95,1.0,22
"U(0.01,0.1), eps=1e-06",narrow_e6,0.01,0.1,uniform,1e-06,linear,qmetrology.algorithms.find_phi_fixed_budget_linear_search,90,27300000000.0,26900000000.0,27700000000.0,1.65,1.62,1.69,0.0414,log-linear interpolation of the convergence-vs-budget curve (qmetrology.uncertainty.crossing),50000,2000,12345,95,1.0,22
"U(0.01,0.1), eps=1e-06",narrow_e6,0.01,0.1,uniform,1e-06,linear,qmetrology.algorithms.find_phi_fixed_budget_linear_search,95,42000000000.0,41100000000.0,43000000000.0,1.54,1.49,1.58,0.0613,log-linear interpolation of the convergence-vs-budget curve (qmetrology.uncertainty.crossing),50000,2000,12345,95,1.0,22
"U(0.01,0.1), eps=1e-06",narrow_e6,0.01,0.1,uniform,1e-06,oracle_hl,qmetrology.oracle.oracle_rate (analytic QCRB rate at N_opt),50,3365680292,nan,nan,2.23,,,,smallest integer budget with analytic oracle rate >= threshold,0,2000,12345,95,1.0,22
"U(0.01,0.1), eps=1e-06",narrow_e6,0.01,0.1,uniform,1e-06,oracle_hl,qmetrology.oracle.oracle_rate (analytic QCRB rate at N_opt),80,13698364092,nan,nan,1.98,,,,smallest integer budget with analytic oracle rate >= threshold,0,2000,12345,95,1.0,22
"U(0.01,0.1), eps=1e-06",narrow_e6,0.01,0.1,uniform,1e-06,oracle_hl,qmetrology.oracle.oracle_rate (analytic QCRB rate at N_opt),90,24423282309,nan,nan,1.85,,,,smallest integer budget with analytic oracle rate >= threshold,0,2000,12345,95,1.0,22
"U(0.01,0.1), eps=1e-06",narrow_e6,0.01,0.1,uniform,1e-06,oracle_hl,qmetrology.oracle.oracle_rate (analytic QCRB rate at N_opt),95,36963425448,nan,nan,1.75,,,,smallest integer budget with analytic oracle rate >= threshold,0,2000,12345,95,1.0,22
"U(0.01,0.1), eps=1e-06",narrow_e6,0.01,0.1,uniform,1e-06,reverse_eng_risk,qmetrology.algorithms.find_phi_fixed_budget_reverse_engineering_risk,50,3380000000.0,3320000000.0,3440000000.0,2.22,2.16,2.28,0.0065,log-linear interpolation of the convergence-vs-budget curve (qmetrology.uncertainty.crossing),50000,2000,12345,95,1.0,22
"U(0.01,0.1), eps=1e-06",narrow_e6,0.01,0.1,uniform,1e-06,reverse_eng_risk,qmetrology.algorithms.find_phi_fixed_budget_reverse_engineering_risk,80,14000000000.0,13800000000.0,14200000000.0,1.94,1.9,1.98,0.0191,log-linear interpolation of the convergence-vs-budget curve (qmetrology.uncertainty.crossing),50000,2000,12345,95,1.0,22
"U(0.01,0.1), eps=1e-06",narrow_e6,0.01,0.1,uniform,1e-06,reverse_eng_risk,qmetrology.algorithms.find_phi_fixed_budget_reverse_engineering_risk,90,25100000000.0,24700000000.0,25400000000.0,1.8,1.77,1.83,0.0318,log-linear interpolation of the convergence-vs-budget curve (qmetrology.uncertainty.crossing),50000,2000,12345,95,1.0,22
"U(0.01,0.1), eps=1e-06",narrow_e6,0.01,0.1,uniform,1e-06,reverse_eng_risk,qmetrology.algorithms.find_phi_fixed_budget_reverse_engineering_risk,95,37800000000.0,37400000000.0,38300000000.0,1.71,1.67,1.74,0.0789,log-linear interpolation of the convergence-vs-budget curve (qmetrology.uncertainty.crossing),50000,2000,12345,95,1.0,22
"U(0.01,0.1), eps=1e-06",narrow_e6,0.01,0.1,uniform,1e-06,separable,qmetrology.algorithms.find_phi_fixed_budget_separable,50,113000000000.0,111000000000.0,115000000000.0,0.07,0.06,0.07,0.0125,log-linear interpolation of the convergence-vs-budget curve (qmetrology.uncertainty.crossing),50000,2000,12345,95,1.0,22
"U(0.01,0.1), eps=1e-06",narrow_e6,0.01,0.1,uniform,1e-06,separable,qmetrology.algorithms.find_phi_fixed_budget_separable,80,409000000000.0,405000000000.0,414000000000.0,0.07,0.07,0.07,0.0178,log-linear interpolation of the convergence-vs-budget curve (qmetrology.uncertainty.crossing),50000,2000,12345,95,1.0,22
"U(0.01,0.1), eps=1e-06",narrow_e6,0.01,0.1,uniform,1e-06,separable,qmetrology.algorithms.find_phi_fixed_budget_separable,90,671000000000.0,662000000000.0,684000000000.0,0.07,0.07,0.07,0.0517,log-linear interpolation of the convergence-vs-budget curve (qmetrology.uncertainty.crossing),50000,2000,12345,95,1.0,22
"U(0.01,0.1), eps=1e-06",narrow_e6,0.01,0.1,uniform,1e-06,separable,qmetrology.algorithms.find_phi_fixed_budget_separable,95,955000000000.0,941000000000.0,975000000000.0,0.07,0.07,0.07,0.0856,log-linear interpolation of the convergence-vs-budget curve (qmetrology.uncertainty.crossing),50000,2000,12345,95,1.0,22
"U(0.01,0.1), eps=1e-07",narrow_e7,0.01,0.1,uniform,1e-07,binary_deep,qmetrology.algorithms.find_phi_fixed_budget_binary_search_deep,50,343000000000.0,336000000000.0,351000000000.0,2.19,2.13,2.25,0.0195,log-linear interpolation of the convergence-vs-budget curve (qmetrology.uncertainty.crossing),50000,2000,12345,95,1.0,22
"U(0.01,0.1), eps=1e-07",narrow_e7,0.01,0.1,uniform,1e-07,binary_deep,qmetrology.algorithms.find_phi_fixed_budget_binary_search_deep,80,1400000000000.0,1380000000000.0,1430000000000.0,1.93,1.9,1.97,0.0064,log-linear interpolation of the convergence-vs-budget curve (qmetrology.uncertainty.crossing),50000,2000,12345,95,1.0,22
"U(0.01,0.1), eps=1e-07",narrow_e7,0.01,0.1,uniform,1e-07,binary_deep,qmetrology.algorithms.find_phi_fixed_budget_binary_search_deep,90,2520000000000.0,2480000000000.0,2550000000000.0,1.79,1.76,1.83,0.0303,log-linear interpolation of the convergence-vs-budget curve (qmetrology.uncertainty.crossing),50000,2000,12345,95,1.0,22
"U(0.01,0.1), eps=1e-07",narrow_e7,0.01,0.1,uniform,1e-07,binary_deep,qmetrology.algorithms.find_phi_fixed_budget_binary_search_deep,95,3800000000000.0,3750000000000.0,3860000000000.0,1.7,1.66,1.73,0.0674,log-linear interpolation of the convergence-vs-budget curve (qmetrology.uncertainty.crossing),50000,2000,12345,95,1.0,22
"U(0.01,0.1), eps=1e-07",narrow_e7,0.01,0.1,uniform,1e-07,brute,qmetrology.algorithms.find_phi_fixed_budget_brute_force,50,750000000000.0,736000000000.0,763000000000.0,,,,0.0118,log-linear interpolation of the convergence-vs-budget curve (qmetrology.uncertainty.crossing),50000,2000,12345,95,1.0,22
"U(0.01,0.1), eps=1e-07",narrow_e7,0.01,0.1,uniform,1e-07,brute,qmetrology.algorithms.find_phi_fixed_budget_brute_force,80,2710000000000.0,2680000000000.0,2750000000000.0,,,,0.0231,log-linear interpolation of the convergence-vs-budget curve (qmetrology.uncertainty.crossing),50000,2000,12345,95,1.0,22
"U(0.01,0.1), eps=1e-07",narrow_e7,0.01,0.1,uniform,1e-07,brute,qmetrology.algorithms.find_phi_fixed_budget_brute_force,90,4510000000000.0,4450000000000.0,4570000000000.0,,,,0.0326,log-linear interpolation of the convergence-vs-budget curve (qmetrology.uncertainty.crossing),50000,2000,12345,95,1.0,22
"U(0.01,0.1), eps=1e-07",narrow_e7,0.01,0.1,uniform,1e-07,brute,qmetrology.algorithms.find_phi_fixed_budget_brute_force,95,6460000000000.0,6350000000000.0,6560000000000.0,,,,0.0584,log-linear interpolation of the convergence-vs-budget curve (qmetrology.uncertainty.crossing),50000,2000,12345,95,1.0,22
"U(0.01,0.1), eps=1e-07",narrow_e7,0.01,0.1,uniform,1e-07,linear,qmetrology.algorithms.find_phi_fixed_budget_linear_search,50,362000000000.0,355000000000.0,369000000000.0,2.07,2.02,2.12,0.0278,log-linear interpolation of the convergence-vs-budget curve (qmetrology.uncertainty.crossing),50000,2000,12345,95,1.0,22
"U(0.01,0.1), eps=1e-07",narrow_e7,0.01,0.1,uniform,1e-07,linear,qmetrology.algorithms.find_phi_fixed_budget_linear_search,80,1440000000000.0,1420000000000.0,1470000000000.0,1.88,1.84,1.92,0.0199,log-linear interpolation of the convergence-vs-budget curve (qmetrology.uncertainty.crossing),50000,2000,12345,95,1.0,22
"U(0.01,0.1), eps=1e-07",narrow_e7,0.01,0.1,uniform,1e-07,linear,qmetrology.algorithms.find_phi_fixed_budget_linear_search,90,2700000000000.0,2670000000000.0,2740000000000.0,1.67,1.64,1.7,0.0583,log-linear interpolation of the convergence-vs-budget curve (qmetrology.uncertainty.crossing),50000,2000,12345,95,1.0,22
"U(0.01,0.1), eps=1e-07",narrow_e7,0.01,0.1,uniform,1e-07,linear,qmetrology.algorithms.find_phi_fixed_budget_linear_search,95,4390000000000.0,4300000000000.0,4460000000000.0,1.47,1.44,1.51,0.0304,log-linear interpolation of the convergence-vs-budget curve (qmetrology.uncertainty.crossing),50000,2000,12345,95,1.0,22
"U(0.01,0.1), eps=1e-07",narrow_e7,0.01,0.1,uniform,1e-07,oracle_hl,qmetrology.oracle.oracle_rate (analytic QCRB rate at N_opt),50,336568026832,nan,nan,2.23,,,,smallest integer budget with analytic oracle rate >= threshold,0,2000,12345,95,1.0,22
"U(0.01,0.1), eps=1e-07",narrow_e7,0.01,0.1,uniform,1e-07,oracle_hl,qmetrology.oracle.oracle_rate (analytic QCRB rate at N_opt),80,1369836407696,nan,nan,1.98,,,,smallest integer budget with analytic oracle rate >= threshold,0,2000,12345,95,1.0,22
"U(0.01,0.1), eps=1e-07",narrow_e7,0.01,0.1,uniform,1e-07,oracle_hl,qmetrology.oracle.oracle_rate (analytic QCRB rate at N_opt),90,2442328229580,nan,nan,1.85,,,,smallest integer budget with analytic oracle rate >= threshold,0,2000,12345,95,1.0,22
"U(0.01,0.1), eps=1e-07",narrow_e7,0.01,0.1,uniform,1e-07,oracle_hl,qmetrology.oracle.oracle_rate (analytic QCRB rate at N_opt),95,3696342543558,nan,nan,1.75,,,,smallest integer budget with analytic oracle rate >= threshold,0,2000,12345,95,1.0,22
"U(0.01,0.1), eps=1e-07",narrow_e7,0.01,0.1,uniform,1e-07,reverse_eng_risk,qmetrology.algorithms.find_phi_fixed_budget_reverse_engineering_risk,50,340000000000.0,334000000000.0,347000000000.0,2.21,2.15,2.26,0.0075,log-linear interpolation of the convergence-vs-budget curve (qmetrology.uncertainty.crossing),50000,2000,12345,95,1.0,22
"U(0.01,0.1), eps=1e-07",narrow_e7,0.01,0.1,uniform,1e-07,reverse_eng_risk,qmetrology.algorithms.find_phi_fixed_budget_reverse_engineering_risk,80,1390000000000.0,1370000000000.0,1420000000000.0,1.95,1.91,1.98,0.0215,log-linear interpolation of the convergence-vs-budget curve (qmetrology.uncertainty.crossing),50000,2000,12345,95,1.0,22
"U(0.01,0.1), eps=1e-07",narrow_e7,0.01,0.1,uniform,1e-07,reverse_eng_risk,qmetrology.algorithms.find_phi_fixed_budget_reverse_engineering_risk,90,2490000000000.0,2460000000000.0,2520000000000.0,1.81,1.78,1.84,0.04,log-linear interpolation of the convergence-vs-budget curve (qmetrology.uncertainty.crossing),50000,2000,12345,95,1.0,22
"U(0.01,0.1), eps=1e-07",narrow_e7,0.01,0.1,uniform,1e-07,reverse_eng_risk,qmetrology.algorithms.find_phi_fixed_budget_reverse_engineering_risk,95,3790000000000.0,3740000000000.0,3850000000000.0,1.7,1.66,1.74,0.0749,log-linear interpolation of the convergence-vs-budget curve (qmetrology.uncertainty.crossing),50000,2000,12345,95,1.0,22
"U(0.01,0.1), eps=1e-07",narrow_e7,0.01,0.1,uniform,1e-07,separable,qmetrology.algorithms.find_phi_fixed_budget_separable,50,11300000000000.0,11100000000000.0,11500000000000.0,0.07,0.06,0.07,0.0123,log-linear interpolation of the convergence-vs-budget curve (qmetrology.uncertainty.crossing),50000,2000,12345,95,1.0,22
"U(0.01,0.1), eps=1e-07",narrow_e7,0.01,0.1,uniform,1e-07,separable,qmetrology.algorithms.find_phi_fixed_budget_separable,80,40900000000000.0,40500000000000.0,41400000000000.0,0.07,0.07,0.07,0.0177,log-linear interpolation of the convergence-vs-budget curve (qmetrology.uncertainty.crossing),50000,2000,12345,95,1.0,22
"U(0.01,0.1), eps=1e-07",narrow_e7,0.01,0.1,uniform,1e-07,separable,qmetrology.algorithms.find_phi_fixed_budget_separable,90,67200000000000.0,66300000000000.0,68300000000000.0,0.07,0.07,0.07,0.0518,log-linear interpolation of the convergence-vs-budget curve (qmetrology.uncertainty.crossing),50000,2000,12345,95,1.0,22
"U(0.01,0.1), eps=1e-07",narrow_e7,0.01,0.1,uniform,1e-07,separable,qmetrology.algorithms.find_phi_fixed_budget_separable,95,95500000000000.0,94000000000000.0,97600000000000.0,0.07,0.07,0.07,0.0857,log-linear interpolation of the convergence-vs-budget curve (qmetrology.uncertainty.crossing),50000,2000,12345,95,1.0,22
"U(0.01,0.1), eps=1e-08",narrow_e8,0.01,0.1,uniform,1e-08,binary_deep,qmetrology.algorithms.find_phi_fixed_budget_binary_search_deep,50,34300000000000.0,33700000000000.0,35000000000000.0,2.18,2.13,2.25,0.0257,log-linear interpolation of the convergence-vs-budget curve (qmetrology.uncertainty.crossing),50000,2000,12345,95,1.0,22
"U(0.01,0.1), eps=1e-08",narrow_e8,0.01,0.1,uniform,1e-08,binary_deep,qmetrology.algorithms.find_phi_fixed_budget_binary_search_deep,80,140000000000000.0,138000000000000.0,142000000000000.0,1.94,1.9,1.98,0.0344,log-linear interpolation of the convergence-vs-budget curve (qmetrology.uncertainty.crossing),50000,2000,12345,95,1.0,22
"U(0.01,0.1), eps=1e-08",narrow_e8,0.01,0.1,uniform,1e-08,binary_deep,qmetrology.algorithms.find_phi_fixed_budget_binary_search_deep,90,255000000000000.0,253000000000000.0,258000000000000.0,1.77,1.74,1.8,0.044,log-linear interpolation of the convergence-vs-budget curve (qmetrology.uncertainty.crossing),50000,2000,12345,95,1.0,22
"U(0.01,0.1), eps=1e-08",narrow_e8,0.01,0.1,uniform,1e-08,binary_deep,qmetrology.algorithms.find_phi_fixed_budget_binary_search_deep,95,379000000000000.0,374000000000000.0,385000000000000.0,1.7,1.67,1.74,0.0666,log-linear interpolation of the convergence-vs-budget curve (qmetrology.uncertainty.crossing),50000,2000,12345,95,1.0,22
"U(0.01,0.1), eps=1e-08",narrow_e8,0.01,0.1,uniform,1e-08,brute,qmetrology.algorithms.find_phi_fixed_budget_brute_force,50,75000000000000.0,73700000000000.0,76400000000000.0,,,,0.0118,log-linear interpolation of the convergence-vs-budget curve (qmetrology.uncertainty.crossing),50000,2000,12345,95,1.0,22
"U(0.01,0.1), eps=1e-08",narrow_e8,0.01,0.1,uniform,1e-08,brute,qmetrology.algorithms.find_phi_fixed_budget_brute_force,80,271000000000000.0,268000000000000.0,275000000000000.0,,,,0.0231,log-linear interpolation of the convergence-vs-budget curve (qmetrology.uncertainty.crossing),50000,2000,12345,95,1.0,22
"U(0.01,0.1), eps=1e-08",narrow_e8,0.01,0.1,uniform,1e-08,brute,qmetrology.algorithms.find_phi_fixed_budget_brute_force,90,451000000000000.0,445000000000000.0,457000000000000.0,,,,0.0327,log-linear interpolation of the convergence-vs-budget curve (qmetrology.uncertainty.crossing),50000,2000,12345,95,1.0,22
"U(0.01,0.1), eps=1e-08",narrow_e8,0.01,0.1,uniform,1e-08,brute,qmetrology.algorithms.find_phi_fixed_budget_brute_force,95,646000000000000.0,635000000000000.0,656000000000000.0,,,,0.0583,log-linear interpolation of the convergence-vs-budget curve (qmetrology.uncertainty.crossing),50000,2000,12345,95,1.0,22
"U(0.01,0.1), eps=1e-08",narrow_e8,0.01,0.1,uniform,1e-08,linear,qmetrology.algorithms.find_phi_fixed_budget_linear_search,50,36500000000000.0,35700000000000.0,37200000000000.0,2.06,2.0,2.11,0.023,log-linear interpolation of the convergence-vs-budget curve (qmetrology.uncertainty.crossing),50000,2000,12345,95,1.0,22
"U(0.01,0.1), eps=1e-08",narrow_e8,0.01,0.1,uniform,1e-08,linear,qmetrology.algorithms.find_phi_fixed_budget_linear_search,80,145000000000000.0,143000000000000.0,148000000000000.0,1.87,1.83,1.91,0.0354,log-linear interpolation of the convergence-vs-budget curve (qmetrology.uncertainty.crossing),50000,2000,12345,95,1.0,22
"U(0.01,0.1), eps=1e-08",narrow_e8,0.01,0.1,uniform,1e-08,linear,qmetrology.algorithms.find_phi_fixed_budget_linear_search,90,272000000000000.0,269000000000000.0,276000000000000.0,1.66,1.62,1.69,0.0688,log-linear interpolation of the convergence-vs-budget curve (qmetrology.uncertainty.crossing),50000,2000,12345,95,1.0,22
"U(0.01,0.1), eps=1e-08",narrow_e8,0.01,0.1,uniform,1e-08,linear,qmetrology.algorithms.find_phi_fixed_budget_linear_search,95,439000000000000.0,430000000000000.0,447000000000000.0,1.47,1.44,1.51,0.0208,log-linear interpolation of the convergence-vs-budget curve (qmetrology.uncertainty.crossing),50000,2000,12345,95,1.0,22
"U(0.01,0.1), eps=1e-08",narrow_e8,0.01,0.1,uniform,1e-08,oracle_hl,qmetrology.oracle.oracle_rate (analytic QCRB rate at N_opt),50,33656802681115,nan,nan,2.23,,,,smallest integer budget with analytic oracle rate >= threshold,0,2000,12345,95,1.0,22
"U(0.01,0.1), eps=1e-08",narrow_e8,0.01,0.1,uniform,1e-08,oracle_hl,qmetrology.oracle.oracle_rate (analytic QCRB rate at N_opt),80,136983640767925,nan,nan,1.98,,,,smallest integer budget with analytic oracle rate >= threshold,0,2000,12345,95,1.0,22
"U(0.01,0.1), eps=1e-08",narrow_e8,0.01,0.1,uniform,1e-08,oracle_hl,qmetrology.oracle.oracle_rate (analytic QCRB rate at N_opt),90,244232822956568,nan,nan,1.85,,,,smallest integer budget with analytic oracle rate >= threshold,0,2000,12345,95,1.0,22
"U(0.01,0.1), eps=1e-08",narrow_e8,0.01,0.1,uniform,1e-08,oracle_hl,qmetrology.oracle.oracle_rate (analytic QCRB rate at N_opt),95,369634254354505,nan,nan,1.75,,,,smallest integer budget with analytic oracle rate >= threshold,0,2000,12345,95,1.0,22
"U(0.01,0.1), eps=1e-08",narrow_e8,0.01,0.1,uniform,1e-08,reverse_eng_risk,qmetrology.algorithms.find_phi_fixed_budget_reverse_engineering_risk,50,34000000000000.0,33400000000000.0,34600000000000.0,2.21,2.15,2.26,0.0094,log-linear interpolation of the convergence-vs-budget curve (qmetrology.uncertainty.crossing),50000,2000,12345,95,1.0,22
"U(0.01,0.1), eps=1e-08",narrow_e8,0.01,0.1,uniform,1e-08,reverse_eng_risk,qmetrology.algorithms.find_phi_fixed_budget_reverse_engineering_risk,80,140000000000000.0,138000000000000.0,142000000000000.0,1.94,1.9,1.98,0.0147,log-linear interpolation of the convergence-vs-budget curve (qmetrology.uncertainty.crossing),50000,2000,12345,95,1.0,22
"U(0.01,0.1), eps=1e-08",narrow_e8,0.01,0.1,uniform,1e-08,reverse_eng_risk,qmetrology.algorithms.find_phi_fixed_budget_reverse_engineering_risk,90,248000000000000.0,245000000000000.0,251000000000000.0,1.82,1.78,1.85,0.0362,log-linear interpolation of the convergence-vs-budget curve (qmetrology.uncertainty.crossing),50000,2000,12345,95,1.0,22
"U(0.01,0.1), eps=1e-08",narrow_e8,0.01,0.1,uniform,1e-08,reverse_eng_risk,qmetrology.algorithms.find_phi_fixed_budget_reverse_engineering_risk,95,378000000000000.0,372000000000000.0,383000000000000.0,1.71,1.67,1.74,0.0722,log-linear interpolation of the convergence-vs-budget curve (qmetrology.uncertainty.crossing),50000,2000,12345,95,1.0,22
"U(0.01,0.1), eps=1e-08",narrow_e8,0.01,0.1,uniform,1e-08,separable,qmetrology.algorithms.find_phi_fixed_budget_separable,50,1130000000000000.0,1110000000000000.0,1150000000000000.0,0.07,0.06,0.07,0.0124,log-linear interpolation of the convergence-vs-budget curve (qmetrology.uncertainty.crossing),50000,2000,12345,95,1.0,22
"U(0.01,0.1), eps=1e-08",narrow_e8,0.01,0.1,uniform,1e-08,separable,qmetrology.algorithms.find_phi_fixed_budget_separable,80,4090000000000000.0,4050000000000000.0,4140000000000000.0,0.07,0.07,0.07,0.0176,log-linear interpolation of the convergence-vs-budget curve (qmetrology.uncertainty.crossing),50000,2000,12345,95,1.0,22
"U(0.01,0.1), eps=1e-08",narrow_e8,0.01,0.1,uniform,1e-08,separable,qmetrology.algorithms.find_phi_fixed_budget_separable,90,6720000000000000.0,6630000000000000.0,6830000000000000.0,0.07,0.07,0.07,0.0517,log-linear interpolation of the convergence-vs-budget curve (qmetrology.uncertainty.crossing),50000,2000,12345,95,1.0,22
"U(0.01,0.1), eps=1e-08",narrow_e8,0.01,0.1,uniform,1e-08,separable,qmetrology.algorithms.find_phi_fixed_budget_separable,95,9550000000000000.0,9410000000000000.0,9760000000000000.0,0.07,0.07,0.07,0.0857,log-linear interpolation of the convergence-vs-budget curve (qmetrology.uncertainty.crossing),50000,2000,12345,95,1.0,22
"U(0.001,0.01), eps=1e-04",small_e4,0.001,0.01,uniform,0.0001,binary_deep,qmetrology.algorithms.find_phi_fixed_budget_binary_search_deep,50,52200.0,51300.0,53000.0,1.41,1.38,1.44,0.0039,log-linear interpolation of the convergence-vs-budget curve (qmetrology.uncertainty.crossing),50000,2000,12345,95,1.0,22
"U(0.001,0.01), eps=1e-04",small_e4,0.001,0.01,uniform,0.0001,binary_deep,qmetrology.algorithms.find_phi_fixed_budget_binary_search_deep,80,190000.0,187000.0,193000.0,1.39,1.36,1.42,0.0244,log-linear interpolation of the convergence-vs-budget curve (qmetrology.uncertainty.crossing),50000,2000,12345,95,1.0,22
"U(0.001,0.01), eps=1e-04",small_e4,0.001,0.01,uniform,0.0001,binary_deep,qmetrology.algorithms.find_phi_fixed_budget_binary_search_deep,90,334000.0,330000.0,338000.0,1.32,1.3,1.34,0.0331,log-linear interpolation of the convergence-vs-budget curve (qmetrology.uncertainty.crossing),50000,2000,12345,95,1.0,22
"U(0.001,0.01), eps=1e-04",small_e4,0.001,0.01,uniform,0.0001,binary_deep,qmetrology.algorithms.find_phi_fixed_budget_binary_search_deep,95,501000.0,495000.0,508000.0,1.26,1.23,1.28,0.0626,log-linear interpolation of the convergence-vs-budget curve (qmetrology.uncertainty.crossing),50000,2000,12345,95,1.0,22
"U(0.001,0.01), eps=1e-04",small_e4,0.001,0.01,uniform,0.0001,brute,qmetrology.algorithms.find_phi_fixed_budget_brute_force,50,73500.0,72200.0,74700.0,,,,0.0162,log-linear interpolation of the convergence-vs-budget curve (qmetrology.uncertainty.crossing),50000,2000,12345,95,1.0,22
"U(0.001,0.01), eps=1e-04",small_e4,0.001,0.01,uniform,0.0001,brute,qmetrology.algorithms.find_phi_fixed_budget_brute_force,80,264000.0,261000.0,268000.0,,,,0.0204,log-linear interpolation of the convergence-vs-budget curve (qmetrology.uncertainty.crossing),50000,2000,12345,95,1.0,22
"U(0.001,0.01), eps=1e-04",small_e4,0.001,0.01,uniform,0.0001,brute,qmetrology.algorithms.find_phi_fixed_budget_brute_force,90,441000.0,436000.0,447000.0,,,,0.027,log-linear interpolation of the convergence-vs-budget curve (qmetrology.uncertainty.crossing),50000,2000,12345,95,1.0,22
"U(0.001,0.01), eps=1e-04",small_e4,0.001,0.01,uniform,0.0001,brute,qmetrology.algorithms.find_phi_fixed_budget_brute_force,95,629000.0,619000.0,638000.0,,,,0.0515,log-linear interpolation of the convergence-vs-budget curve (qmetrology.uncertainty.crossing),50000,2000,12345,95,1.0,22
"U(0.001,0.01), eps=1e-04",small_e4,0.001,0.01,uniform,0.0001,linear,qmetrology.algorithms.find_phi_fixed_budget_linear_search,50,58400.0,57700.0,59100.0,1.26,1.23,1.28,0.0091,log-linear interpolation of the convergence-vs-budget curve (qmetrology.uncertainty.crossing),50000,2000,12345,95,1.0,22
"U(0.001,0.01), eps=1e-04",small_e4,0.001,0.01,uniform,0.0001,linear,qmetrology.algorithms.find_phi_fixed_budget_linear_search,80,192000.0,189000.0,195000.0,1.38,1.35,1.41,0.0146,log-linear interpolation of the convergence-vs-budget curve (qmetrology.uncertainty.crossing),50000,2000,12345,95,1.0,22
"U(0.001,0.01), eps=1e-04",small_e4,0.001,0.01,uniform,0.0001,linear,qmetrology.algorithms.find_phi_fixed_budget_linear_search,90,325000.0,321000.0,329000.0,1.36,1.33,1.38,0.0299,log-linear interpolation of the convergence-vs-budget curve (qmetrology.uncertainty.crossing),50000,2000,12345,95,1.0,22
"U(0.001,0.01), eps=1e-04",small_e4,0.001,0.01,uniform,0.0001,linear,qmetrology.algorithms.find_phi_fixed_budget_linear_search,95,481000.0,475000.0,487000.0,1.31,1.28,1.33,0.0603,log-linear interpolation of the convergence-vs-budget curve (qmetrology.uncertainty.crossing),50000,2000,12345,95,1.0,22
"U(0.001,0.01), eps=1e-04",small_e4,0.001,0.01,uniform,0.0001,oracle_hl,qmetrology.oracle.oracle_rate (analytic QCRB rate at N_opt),50,33368,nan,nan,2.2,,,,smallest integer budget with analytic oracle rate >= threshold,0,2000,12345,95,1.0,22
"U(0.001,0.01), eps=1e-04",small_e4,0.001,0.01,uniform,0.0001,oracle_hl,qmetrology.oracle.oracle_rate (analytic QCRB rate at N_opt),80,134673,nan,nan,1.96,,,,smallest integer budget with analytic oracle rate >= threshold,0,2000,12345,95,1.0,22
"U(0.001,0.01), eps=1e-04",small_e4,0.001,0.01,uniform,0.0001,oracle_hl,qmetrology.oracle.oracle_rate (analytic QCRB rate at N_opt),90,239534,nan,nan,1.84,,,,smallest integer budget with analytic oracle rate >= threshold,0,2000,12345,95,1.0,22
"U(0.001,0.01), eps=1e-04",small_e4,0.001,0.01,uniform,0.0001,oracle_hl,qmetrology.oracle.oracle_rate (analytic QCRB rate at N_opt),95,361900,nan,nan,1.74,,,,smallest integer budget with analytic oracle rate >= threshold,0,2000,12345,95,1.0,22
"U(0.001,0.01), eps=1e-04",small_e4,0.001,0.01,uniform,0.0001,reverse_eng_risk,qmetrology.algorithms.find_phi_fixed_budget_reverse_engineering_risk,50,51200.0,50400.0,52000.0,1.43,1.4,1.47,0.0229,log-linear interpolation of the convergence-vs-budget curve (qmetrology.uncertainty.crossing),50000,2000,12345,95,1.0,22
"U(0.001,0.01), eps=1e-04",small_e4,0.001,0.01,uniform,0.0001,reverse_eng_risk,qmetrology.algorithms.find_phi_fixed_budget_reverse_engineering_risk,80,179000.0,177000.0,181000.0,1.47,1.45,1.5,0.0285,log-linear interpolation of the convergence-vs-budget curve (qmetrology.uncertainty.crossing),50000,2000,12345,95,1.0,22
"U(0.001,0.01), eps=1e-04",small_e4,0.001,0.01,uniform,0.0001,reverse_eng_risk,qmetrology.algorithms.find_phi_fixed_budget_reverse_engineering_risk,90,303000.0,298000.0,307000.0,1.46,1.43,1.49,0.0389,log-linear interpolation of the convergence-vs-budget curve (qmetrology.uncertainty.crossing),50000,2000,12345,95,1.0,22
"U(0.001,0.01), eps=1e-04",small_e4,0.001,0.01,uniform,0.0001,reverse_eng_risk,qmetrology.algorithms.find_phi_fixed_budget_reverse_engineering_risk,95,453000.0,445000.0,460000.0,1.39,1.36,1.42,0.0478,log-linear interpolation of the convergence-vs-budget curve (qmetrology.uncertainty.crossing),50000,2000,12345,95,1.0,22
"U(0.001,0.01), eps=1e-04",small_e4,0.001,0.01,uniform,0.0001,separable,qmetrology.algorithms.find_phi_fixed_budget_separable,50,11200000.0,11100000.0,11400000.0,0.01,0.01,0.01,0.0072,log-linear interpolation of the convergence-vs-budget curve (qmetrology.uncertainty.crossing),50000,2000,12345,95,1.0,22
"U(0.001,0.01), eps=1e-04",small_e4,0.001,0.01,uniform,0.0001,separable,qmetrology.algorithms.find_phi_fixed_budget_separable,80,nan,nan,nan,,,,,log-linear interpolation of the convergence-vs-budget curve (qmetrology.uncertainty.crossing),50000,2000,12345,95,0.0,22
"U(0.001,0.01), eps=1e-04",small_e4,0.001,0.01,uniform,0.0001,separable,qmetrology.algorithms.find_phi_fixed_budget_separable,90,nan,nan,nan,,,,,log-linear interpolation of the convergence-vs-budget curve (qmetrology.uncertainty.crossing),50000,2000,12345,95,0.0,22
"U(0.001,0.01), eps=1e-04",small_e4,0.001,0.01,uniform,0.0001,separable,qmetrology.algorithms.find_phi_fixed_budget_separable,95,nan,nan,nan,,,,,log-linear interpolation of the convergence-vs-budget curve (qmetrology.uncertainty.crossing),50000,2000,12345,95,0.0,22
"U(0.001,0.1), eps=1e-04",wide_e4,0.001,0.1,uniform,0.0001,binary_deep,qmetrology.algorithms.find_phi_fixed_budget_binary_search_deep,50,315000.0,310000.0,320000.0,2.38,2.32,2.44,0.0064,log-linear interpolation of the convergence-vs-budget curve (qmetrology.uncertainty.crossing),50000,2000,12345,95,1.0,22
"U(0.001,0.1), eps=1e-04",wide_e4,0.001,0.1,uniform,0.0001,binary_deep,qmetrology.algorithms.find_phi_fixed_budget_binary_search_deep,80,1330000.0,1320000.0,1350000.0,2.04,2.0,2.07,0.0235,log-linear interpolation of the convergence-vs-budget curve (qmetrology.uncertainty.crossing),50000,2000,12345,95,1.0,22
"U(0.001,0.1), eps=1e-04",wide_e4,0.001,0.1,uniform,0.0001,binary_deep,qmetrology.algorithms.find_phi_fixed_budget_binary_search_deep,90,2450000.0,2420000.0,2480000.0,1.84,1.81,1.88,0.0323,log-linear interpolation of the convergence-vs-budget curve (qmetrology.uncertainty.crossing),50000,2000,12345,95,1.0,22
"U(0.001,0.1), eps=1e-04",wide_e4,0.001,0.1,uniform,0.0001,binary_deep,qmetrology.algorithms.find_phi_fixed_budget_binary_search_deep,95,3790000.0,3730000.0,3850000.0,1.71,1.67,1.74,0.0533,log-linear interpolation of the convergence-vs-budget curve (qmetrology.uncertainty.crossing),50000,2000,12345,95,1.0,22
"U(0.001,0.1), eps=1e-04",wide_e4,0.001,0.1,uniform,0.0001,brute,qmetrology.algorithms.find_phi_fixed_budget_brute_force,50,750000.0,736000.0,763000.0,,,,0.0109,log-linear interpolation of the convergence-vs-budget curve (qmetrology.uncertainty.crossing),50000,2000,12345,95,1.0,22
"U(0.001,0.1), eps=1e-04",wide_e4,0.001,0.1,uniform,0.0001,brute,qmetrology.algorithms.find_phi_fixed_budget_brute_force,80,2720000.0,2690000.0,2750000.0,,,,0.0259,log-linear interpolation of the convergence-vs-budget curve (qmetrology.uncertainty.crossing),50000,2000,12345,95,1.0,22
"U(0.001,0.1), eps=1e-04",wide_e4,0.001,0.1,uniform,0.0001,brute,qmetrology.algorithms.find_phi_fixed_budget_brute_force,90,4520000.0,4460000.0,4580000.0,,,,0.0318,log-linear interpolation of the convergence-vs-budget curve (qmetrology.uncertainty.crossing),50000,2000,12345,95,1.0,22
"U(0.001,0.1), eps=1e-04",wide_e4,0.001,0.1,uniform,0.0001,brute,qmetrology.algorithms.find_phi_fixed_budget_brute_force,95,6480000.0,6370000.0,6580000.0,,,,0.0569,log-linear interpolation of the convergence-vs-budget curve (qmetrology.uncertainty.crossing),50000,2000,12345,95,1.0,22
"U(0.001,0.1), eps=1e-04",wide_e4,0.001,0.1,uniform,0.0001,linear,qmetrology.algorithms.find_phi_fixed_budget_linear_search,50,397000.0,390000.0,404000.0,1.89,1.84,1.93,0.0286,log-linear interpolation of the convergence-vs-budget curve (qmetrology.uncertainty.crossing),50000,2000,12345,95,1.0,22
"U(0.001,0.1), eps=1e-04",wide_e4,0.001,0.1,uniform,0.0001,linear,qmetrology.algorithms.find_phi_fixed_budget_linear_search,80,1750000.0,1720000.0,1770000.0,1.56,1.53,1.58,0.0163,log-linear interpolation of the convergence-vs-budget curve (qmetrology.uncertainty.crossing),50000,2000,12345,95,1.0,22
"U(0.001,0.1), eps=1e-04",wide_e4,0.001,0.1,uniform,0.0001,linear,qmetrology.algorithms.find_phi_fixed_budget_linear_search,90,3190000.0,3150000.0,3240000.0,1.42,1.39,1.45,0.0225,log-linear interpolation of the convergence-vs-budget curve (qmetrology.uncertainty.crossing),50000,2000,12345,95,1.0,22
"U(0.001,0.1), eps=1e-04",wide_e4,0.001,0.1,uniform,0.0001,linear,qmetrology.algorithms.find_phi_fixed_budget_linear_search,95,4810000.0,4730000.0,4880000.0,1.35,1.32,1.38,0.0443,log-linear interpolation of the convergence-vs-budget curve (qmetrology.uncertainty.crossing),50000,2000,12345,95,1.0,22
"U(0.001,0.1), eps=1e-04",wide_e4,0.001,0.1,uniform,0.0001,oracle_hl,qmetrology.oracle.oracle_rate (analytic QCRB rate at N_opt),50,272740,nan,nan,2.75,,,,smallest integer budget with analytic oracle rate >= threshold,0,2000,12345,95,1.0,22
"U(0.001,0.1), eps=1e-04",wide_e4,0.001,0.1,uniform,0.0001,oracle_hl,qmetrology.oracle.oracle_rate (analytic QCRB rate at N_opt),80,1240304,nan,nan,2.19,,,,smallest integer budget with analytic oracle rate >= threshold,0,2000,12345,95,1.0,22
"U(0.001,0.1), eps=1e-04",wide_e4,0.001,0.1,uniform,0.0001,oracle_hl,qmetrology.oracle.oracle_rate (analytic QCRB rate at N_opt),90,2282980,nan,nan,1.98,,,,smallest integer budget with analytic oracle rate >= threshold,0,2000,12345,95,1.0,22
"U(0.001,0.1), eps=1e-04",wide_e4,0.001,0.1,uniform,0.0001,oracle_hl,qmetrology.oracle.oracle_rate (analytic QCRB rate at N_opt),95,3514896,nan,nan,1.84,,,,smallest integer budget with analytic oracle rate >= threshold,0,2000,12345,95,1.0,22
"U(0.001,0.1), eps=1e-04",wide_e4,0.001,0.1,uniform,0.0001,reverse_eng_risk,qmetrology.algorithms.find_phi_fixed_budget_reverse_engineering_risk,50,315000.0,310000.0,320000.0,2.38,2.32,2.44,0.0041,log-linear interpolation of the convergence-vs-budget curve (qmetrology.uncertainty.crossing),50000,2000,12345,95,1.0,22
"U(0.001,0.1), eps=1e-04",wide_e4,0.001,0.1,uniform,0.0001,reverse_eng_risk,qmetrology.algorithms.find_phi_fixed_budget_reverse_engineering_risk,80,1330000.0,1320000.0,1350000.0,2.04,2.0,2.08,0.0258,log-linear interpolation of the convergence-vs-budget curve (qmetrology.uncertainty.crossing),50000,2000,12345,95,1.0,22
"U(0.001,0.1), eps=1e-04",wide_e4,0.001,0.1,uniform,0.0001,reverse_eng_risk,qmetrology.algorithms.find_phi_fixed_budget_reverse_engineering_risk,90,2450000.0,2420000.0,2480000.0,1.85,1.81,1.88,0.0419,log-linear interpolation of the convergence-vs-budget curve (qmetrology.uncertainty.crossing),50000,2000,12345,95,1.0,22
"U(0.001,0.1), eps=1e-04",wide_e4,0.001,0.1,uniform,0.0001,reverse_eng_risk,qmetrology.algorithms.find_phi_fixed_budget_reverse_engineering_risk,95,3810000.0,3760000.0,3880000.0,1.7,1.66,1.74,0.0426,log-linear interpolation of the convergence-vs-budget curve (qmetrology.uncertainty.crossing),50000,2000,12345,95,1.0,22
"U(0.001,0.1), eps=1e-04",wide_e4,0.001,0.1,uniform,0.0001,separable,qmetrology.algorithms.find_phi_fixed_budget_separable,50,11300000.0,11100000.0,11500000.0,0.07,0.06,0.07,0.0116,log-linear interpolation of the convergence-vs-budget curve (qmetrology.uncertainty.crossing),50000,2000,12345,95,1.0,22
"U(0.001,0.1), eps=1e-04",wide_e4,0.001,0.1,uniform,0.0001,separable,qmetrology.algorithms.find_phi_fixed_budget_separable,80,40900000.0,40500000.0,41400000.0,0.07,0.07,0.07,0.019,log-linear interpolation of the convergence-vs-budget curve (qmetrology.uncertainty.crossing),50000,2000,12345,95,1.0,22
"U(0.001,0.1), eps=1e-04",wide_e4,0.001,0.1,uniform,0.0001,separable,qmetrology.algorithms.find_phi_fixed_budget_separable,90,67300000.0,66300000.0,68500000.0,0.07,0.07,0.07,0.0494,log-linear interpolation of the convergence-vs-budget curve (qmetrology.uncertainty.crossing),50000,2000,12345,95,1.0,22
"U(0.001,0.1), eps=1e-04",wide_e4,0.001,0.1,uniform,0.0001,separable,qmetrology.algorithms.find_phi_fixed_budget_separable,95,95600000.0,94100000.0,97500000.0,0.07,0.07,0.07,0.0871,log-linear interpolation of the convergence-vs-budget curve (qmetrology.uncertainty.crossing),50000,2000,12345,95,1.0,22
