point,phi_min,phi_max,eps,budget,arm,rate,mcse_pp,exploration_share,probes,certified_updates,p_updated,contaminated,depth_over_nopt,overshoot,pilot_abs_z,m,conf
headline low,0.01,0.1,0.001,10000,re,63.2167,0.6225,0.276,1.0,0.0,0.0,0.0,0.88818,0.6,0.8055,184,0.5
headline low,0.01,0.1,0.001,10000,current,63.2167,0.6225,0.276,1.0,0.0,0.0,0.0,0.88818,0.6,0.8055,184,0.5
headline low,0.01,0.1,0.001,10000,guess_deep,57.9,0.6374,0.201485,4.626,0.7817,78.1667,26.3,0.8111,3.4167,1.4027,11,0.8
headline low,0.01,0.1,0.001,10000,last_095,58.1333,0.6369,0.104824,4.8073,0.4385,19.8,0.3333,0.71909,6.0667,1.144,3,0.5
headline low,0.01,0.1,0.001,10000,last_099,57.9,0.6374,0.105769,4.8277,0.0825,6.2667,0.0,0.70684,5.8833,1.05,3,0.8
headline low,0.01,0.1,0.001,10000,last_0999,57.5333,0.6381,0.105775,4.8287,0.0123,1.2333,0.0,0.69614,5.4,1.0425,3,0.8
headline low,0.01,0.1,0.001,10000,pool_095,58.8833,0.6352,0.104865,4.812,0.4673,19.8,0.35,0.73356,5.65,1.1006,3,0.5
headline low,0.01,0.1,0.001,10000,pool_099,57.9167,0.6374,0.105769,4.8277,0.0857,6.2667,0.0,0.70507,5.4333,1.035,3,0.8
headline low,0.01,0.1,0.001,10000,pool_0999,57.5833,0.638,0.104808,4.8015,0.0542,5.4167,0.0,0.70239,5.4333,1.0428,3,0.5
tight medium,0.01,0.1,0.0001,878661,re,68.75,0.5984,0.019666,1.0,0.0,0.0,0.0,0.94475,0.2667,0.7898,1152,0.5
tight medium,0.01,0.1,0.0001,878661,current,66.0167,0.6115,0.111976,8.2135,0.0,0.0,0.0,0.90095,0.6333,0.8066,260,0.95
tight medium,0.01,0.1,0.0001,878661,guess_deep,68.95,0.5973,0.054251,4.8225,0.886,88.6,11.4833,0.9399,0.0667,1.028,260,0.95
tight medium,0.01,0.1,0.0001,878661,last_095,69.2667,0.5957,0.050838,4.8307,3.1982,91.4833,0.0,0.94299,0.15,0.9309,260,0.95
tight medium,0.01,0.1,0.0001,878661,last_099,68.85,0.5979,0.050829,4.8288,3.0553,91.4833,0.0,0.94249,0.1333,0.9038,260,0.95
tight medium,0.01,0.1,0.0001,878661,last_0999,69.0,0.5971,0.050846,4.8282,2.8575,90.7833,0.0,0.94267,0.1333,0.875,260,0.95
tight medium,0.01,0.1,0.0001,878661,pool_095,67.8,0.6032,0.010927,4.7518,2.7117,89.05,0.6,0.92425,0.2667,0.9007,58,0.8
tight medium,0.01,0.1,0.0001,878661,pool_099,70.2,0.5905,0.041604,4.556,3.2743,91.4833,0.0,0.96504,0.1333,0.818,260,0.5
tight medium,0.01,0.1,0.0001,878661,pool_0999,70.1333,0.5909,0.041615,4.5563,3.209,90.7833,0.0,0.96508,0.1333,0.812,260,0.5
small phase,0.001,0.01,0.0001,464457,re,95.5833,0.2653,0.019606,1.0,0.0,0.0,0.0,0.78788,0.15,0.8425,58,0.5
small phase,0.001,0.01,0.0001,464457,current,92.8667,0.3323,0.144586,11.6335,0.0,0.0,0.0,0.70739,0.4667,0.9141,13,0.8
small phase,0.001,0.01,0.0001,464457,guess_deep,92.7,0.3358,0.087553,7.4363,0.8217,82.1667,42.0667,0.81539,2.0667,1.351,13,0.95
small phase,0.001,0.01,0.0001,464457,last_095,93.95,0.3078,0.09211,7.4777,1.6078,50.5,1.5333,0.74193,0.6,1.0497,13,0.95
small phase,0.001,0.01,0.0001,464457,last_099,94.1833,0.3022,0.089181,7.435,1.1677,19.5,0.0,0.73075,0.5833,0.9403,13,0.8
small phase,0.001,0.01,0.0001,464457,last_0999,94.0,0.3066,0.08912,7.4287,0.9588,15.5167,0.0,0.72757,0.6,0.9323,13,0.8
small phase,0.001,0.01,0.0001,464457,pool_095,94.2333,0.3009,0.088673,7.434,2.2083,54.5333,1.6667,0.79464,0.6167,1.0295,13,0.8
small phase,0.001,0.01,0.0001,464457,pool_099,94.2333,0.3009,0.089209,7.4423,1.2455,19.5,0.0,0.75799,0.5667,0.926,13,0.8
small phase,0.001,0.01,0.0001,464457,pool_0999,94.0667,0.305,0.089166,7.4362,1.039,15.5167,0.0,0.75137,0.5667,0.9226,13,0.8
wide prior,0.0001,0.1,0.0001,1026274,re,74.5833,0.5621,0.0038,1.0,0.0,0.0,0.0,0.855,0.6833,0.8107,260,0.5
wide prior,0.0001,0.1,0.0001,1026274,current,74.5833,0.5621,0.0038,1.0,0.0,0.0,0.0,0.855,0.6833,0.8107,260,0.5
wide prior,0.0001,0.1,0.0001,1026274,guess_deep,74.3333,0.5639,0.068436,4.9247,0.8567,85.6667,12.55,0.91449,0.1833,1.079,260,0.95
wide prior,0.0001,0.1,0.0001,1026274,last_095,74.1667,0.5651,0.054552,4.8268,3.3203,88.45,0.0333,0.91398,0.3333,0.9098,260,0.8
wide prior,0.0001,0.1,0.0001,1026274,last_099,74.6167,0.5618,0.048732,4.6688,3.2592,87.4167,0.0,0.90524,0.35,0.8561,260,0.5
wide prior,0.0001,0.1,0.0001,1026274,last_0999,74.5333,0.5625,0.049257,4.6677,3.0927,85.3667,0.0,0.90187,0.35,0.8494,260,0.5
wide prior,0.0001,0.1,0.0001,1026274,pool_095,75.4833,0.5554,0.055579,4.8667,3.3902,88.45,0.1667,0.94067,0.1667,0.8475,260,0.8
wide prior,0.0001,0.1,0.0001,1026274,pool_099,75.3333,0.5565,0.055767,4.8667,3.2875,87.3833,0.0,0.9371,0.15,0.8448,260,0.8
wide prior,0.0001,0.1,0.0001,1026274,pool_0999,75.5333,0.555,0.05567,4.8648,3.129,85.1667,0.0,0.93299,0.1667,0.845,260,0.8
