point,phi_min,phi_max,eps,budget,arm,rate,mcse_pp,exploration_share,probes,depth_over_nopt,overshoot,differs_from_re,m,conf
headline low,0.01,0.1,0.001,10000,re,66.9167,0.6074,0.1095,1.0,0.84474,0.8833,0.0,73,0.5
headline low,0.01,0.1,0.001,10000,current,61.2833,0.6288,0.321,1.0,0.89466,0.5333,0.0,214,0.5
headline low,0.01,0.1,0.001,10000,phi0_U,61.2833,0.6288,0.321,1.0,0.89466,0.5333,0.0,214,0.5
headline low,0.01,0.1,0.001,10000,phi0_L,56.8833,0.6394,0.1317,8.1997,0.68965,4.8,25.4167,3,0.8
headline low,0.01,0.1,0.001,10000,deep_L,52.5833,0.6446,0.12878,8.703,0.85612,12.3167,65.1833,3,0.5
headline low,0.01,0.1,0.001,10000,guess_deep,59.4167,0.6339,0.15166,4.5718,0.81294,4.85,68.4667,8,0.8
headline low,0.01,0.1,0.001,10000,guess_deep_L,58.8167,0.6354,0.15166,4.5718,0.79135,4.85,73.8833,8,0.8
headline low,0.01,0.1,0.001,10000,guess_last_L,56.2833,0.6404,0.13147,4.2965,0.74512,5.6,82.4,8,0.5
headline low,0.01,0.1,0.001,10000,guess_fresh_L,55.4167,0.6417,0.15513,5.2965,0.74186,4.9167,79.6333,8,0.5
headline high,0.01,0.1,0.001,48613,re,95.6833,0.2624,0.06603,1.0,0.86287,0.0333,0.0,214,0.5
headline high,0.01,0.1,0.001,48613,current,94.0833,0.3046,0.19285,1.0,0.91052,0.0167,0.0,625,0.5
headline high,0.01,0.1,0.001,48613,phi0_U,94.0833,0.3046,0.19285,1.0,0.91052,0.0167,0.0,625,0.5
headline high,0.01,0.1,0.001,48613,phi0_L,91.7,0.3562,0.03093,8.1718,0.63239,1.3333,35.3833,3,0.95
headline high,0.01,0.1,0.001,48613,deep_L,91.4333,0.3613,0.17201,8.415,0.72089,1.15,69.5833,25,0.5
headline high,0.01,0.1,0.001,48613,guess_deep,94.6667,0.2901,0.08513,4.6327,0.79679,0.7333,62.95,25,0.8
headline high,0.01,0.1,0.001,48613,guess_deep_L,94.5833,0.2922,0.09334,4.78,0.82014,0.85,68.5,25,0.95
headline high,0.01,0.1,0.001,48613,guess_last_L,93.2333,0.3243,0.06987,4.3513,0.70661,1.1833,69.9333,25,0.5
headline high,0.01,0.1,0.001,48613,guess_fresh_L,93.0667,0.3279,0.10151,5.6327,0.78342,1.9667,68.2833,25,0.8
tight medium,0.01,0.1,0.0001,878661,re,67.9833,0.6023,0.05304,1.0,0.96498,0.1833,0.0,3107,0.5
tight medium,0.01,0.1,0.0001,878661,current,65.2167,0.6149,0.11391,8.4227,0.9074,0.5667,9.6833,307,0.5
tight medium,0.01,0.1,0.0001,878661,phi0_U,64.3833,0.6182,0.01338,8.2228,0.79816,1.5833,1.55,30,0.95
tight medium,0.01,0.1,0.0001,878661,phi0_L,64.3333,0.6184,0.01338,8.2228,0.79764,1.5667,1.9333,30,0.95
tight medium,0.01,0.1,0.0001,878661,deep_L,63.1,0.6229,0.13023,8.2142,0.9447,2.7333,69.4833,307,0.95
tight medium,0.01,0.1,0.0001,878661,guess_deep,68.3167,0.6006,0.01939,4.7482,0.90811,0.1833,69.4667,96,0.95
tight medium,0.01,0.1,0.0001,878661,guess_deep_L,67.3833,0.6052,0.01939,4.7482,0.87737,0.1667,71.0833,96,0.95
tight medium,0.01,0.1,0.0001,878661,guess_last_L,64.0333,0.6196,0.01716,4.5425,0.81772,1.2167,74.7667,96,0.8
tight medium,0.01,0.1,0.0001,878661,guess_fresh_L,63.8333,0.6203,0.06447,5.542,0.82271,0.1833,76.2833,307,0.8
tight high,0.01,0.1,0.0001,4861325,re,96.6,0.234,0.00301,1.0,0.92163,0.05,0.0,976,0.5
tight high,0.01,0.1,0.0001,4861325,current,96.2667,0.2447,0.00747,8.2032,0.81845,0.05,2.8167,96,0.95
tight high,0.01,0.1,0.0001,4861325,phi0_U,95.9333,0.255,0.00715,8.2715,0.79671,0.0333,13.9333,96,0.8
tight high,0.01,0.1,0.0001,4861325,phi0_L,96.0167,0.2525,0.00747,8.2032,0.81365,0.0333,5.85,96,0.95
tight high,0.01,0.1,0.0001,4861325,deep_L,94.45,0.2956,0.00654,8.4342,0.74927,0.3,74.4833,96,0.5
tight high,0.01,0.1,0.0001,4861325,guess_deep,96.7167,0.2301,0.01111,4.7547,0.93051,0.0,64.1333,307,0.95
tight high,0.01,0.1,0.0001,4861325,guess_deep_L,95.9167,0.2555,0.00351,4.7482,0.86497,0.0667,72.05,96,0.95
tight high,0.01,0.1,0.0001,4861325,guess_last_L,95.65,0.2633,0.11182,4.7585,0.91167,0.5833,72.6167,3107,0.95
tight high,0.01,0.1,0.0001,4861325,guess_fresh_L,96.0,0.253,0.01334,5.7547,0.89479,0.4667,68.3,307,0.95
small phase,0.001,0.01,0.0001,464457,re,95.4167,0.27,0.10377,1.0,0.87834,0.05,0.0,307,0.5
small phase,0.001,0.01,0.0001,464457,current,91.4833,0.3604,0.03839,11.6265,0.63016,0.9333,33.4833,3,0.8
small phase,0.001,0.01,0.0001,464457,phi0_U,91.5,0.36,0.03839,11.6265,0.63005,0.9333,33.9167,3,0.8
small phase,0.001,0.01,0.0001,464457,phi0_L,91.2167,0.3654,0.04501,11.5438,0.63062,0.9333,41.8333,3,0.95
small phase,0.001,0.01,0.0001,464457,deep_L,89.95,0.3882,0.08923,11.958,0.71605,2.5167,68.1667,9,0.5
small phase,0.001,0.01,0.0001,464457,guess_deep,93.4833,0.3186,0.17483,7.5055,0.81453,0.45,80.8833,30,0.8
small phase,0.001,0.01,0.0001,464457,guess_deep_L,92.85,0.3326,0.17483,7.5055,0.78865,0.45,81.75,30,0.8
small phase,0.001,0.01,0.0001,464457,guess_last_L,92.3667,0.3428,0.14,7.0712,0.71945,0.6167,82.65,30,0.5
small phase,0.001,0.01,0.0001,464457,guess_fresh_L,91.6333,0.3575,0.15725,8.0708,0.71945,0.6667,82.6167,30,0.5
wide prior,0.0001,0.1,0.0001,1026274,re,72.5,0.5764,0.14445,1.0,0.95618,0.05,0.0,9883,0.5
wide prior,0.0001,0.1,0.0001,1026274,current,72.5,0.5764,0.14445,1.0,0.95618,0.05,0.0,9883,0.5
wide prior,0.0001,0.1,0.0001,1026274,phi0_U,72.5,0.5764,0.14445,1.0,0.95618,0.05,0.0,9883,0.5
wide prior,0.0001,0.1,0.0001,1026274,phi0_L,56.65,0.6398,0.00449,1.0,0.49555,0.0,94.1333,307,0.5
wide prior,0.0001,0.1,0.0001,1026274,deep_L,56.65,0.6398,0.00449,1.0,0.49555,0.0,94.1333,307,0.5
wide prior,0.0001,0.1,0.0001,1026274,guess_deep,72.75,0.5748,0.06957,4.7257,0.90131,0.15,55.1833,307,0.8
wide prior,0.0001,0.1,0.0001,1026274,guess_deep_L,71.0667,0.5854,0.08218,4.925,0.86563,0.05,71.15,307,0.95
wide prior,0.0001,0.1,0.0001,1026274,guess_last_L,69.0167,0.597,0.08218,4.925,0.86907,3.2333,70.4,307,0.95
wide prior,0.0001,0.1,0.0001,1026274,guess_fresh_L,69.2333,0.5958,0.09552,5.9182,0.86299,1.8167,71.15,307,0.95
