setting,phi_min,phi_max,eps,algo,threshold_pct,budget_to_reach,ratio_vs_brute,miss_rate_at_90
"U(0.01,0.1), eps=1e-03",0.01,0.1,0.001,brute,50,7573.5,1.0,
"U(0.01,0.1), eps=1e-03",0.01,0.1,0.001,brute,80,27232.6,1.0,
"U(0.01,0.1), eps=1e-03",0.01,0.1,0.001,brute,90,45576.9,1.0,
"U(0.01,0.1), eps=1e-03",0.01,0.1,0.001,brute,95,64412.9,1.0,
"U(0.01,0.1), eps=1e-03",0.01,0.1,0.001,ladder_capped,50,3510.2,2.158,
"U(0.01,0.1), eps=1e-03",0.01,0.1,0.001,ladder_capped,80,7467.0,3.647,
"U(0.01,0.1), eps=1e-03",0.01,0.1,0.001,ladder_capped,90,10541.3,4.324,0.00022
"U(0.01,0.1), eps=1e-03",0.01,0.1,0.001,ladder_capped,95,13589.5,4.74,
"U(0.01,0.1), eps=1e-03",0.01,0.1,0.001,ladder_unbounded,50,3510.2,2.158,
"U(0.01,0.1), eps=1e-03",0.01,0.1,0.001,ladder_unbounded,80,7467.0,3.647,
"U(0.01,0.1), eps=1e-03",0.01,0.1,0.001,ladder_unbounded,90,10123.5,4.502,0.00026
"U(0.01,0.1), eps=1e-03",0.01,0.1,0.001,ladder_unbounded,95,12167.8,5.294,
"U(0.01,0.1), eps=1e-04",0.01,0.1,0.0001,brute,50,750761.2,1.0,
"U(0.01,0.1), eps=1e-04",0.01,0.1,0.0001,brute,80,2707856.9,1.0,
"U(0.01,0.1), eps=1e-04",0.01,0.1,0.0001,brute,90,4488956.9,1.0,
"U(0.01,0.1), eps=1e-04",0.01,0.1,0.0001,brute,95,6441248.9,1.0,
"U(0.01,0.1), eps=1e-04",0.01,0.1,0.0001,ladder_capped,50,95824.3,7.835,
"U(0.01,0.1), eps=1e-04",0.01,0.1,0.0001,ladder_capped,80,312690.8,8.66,
"U(0.01,0.1), eps=1e-04",0.01,0.1,0.0001,ladder_capped,90,510850.7,8.787,0.00048
"U(0.01,0.1), eps=1e-04",0.01,0.1,0.0001,ladder_capped,95,741546.2,8.686,
"U(0.01,0.1), eps=1e-04",0.01,0.1,0.0001,ladder_unbounded,50,37640.4,19.946,
"U(0.01,0.1), eps=1e-04",0.01,0.1,0.0001,ladder_unbounded,80,72380.5,37.411,
"U(0.01,0.1), eps=1e-04",0.01,0.1,0.0001,ladder_unbounded,90,92874.0,48.334,0.00038
"U(0.01,0.1), eps=1e-04",0.01,0.1,0.0001,ladder_unbounded,95,113249.4,56.877,
"U(0.01,0.1), eps=1e-05",0.01,0.1,1e-05,brute,50,75221420.4,1.0,
"U(0.01,0.1), eps=1e-05",0.01,0.1,1e-05,brute,80,271301997.9,1.0,
"U(0.01,0.1), eps=1e-05",0.01,0.1,1e-05,brute,90,452409667.8,1.0,
"U(0.01,0.1), eps=1e-05",0.01,0.1,1e-05,brute,95,645503480.3,1.0,
"U(0.01,0.1), eps=1e-05",0.01,0.1,1e-05,ladder_capped,50,7990736.9,9.414,
"U(0.01,0.1), eps=1e-05",0.01,0.1,1e-05,ladder_capped,80,29283822.6,9.265,
"U(0.01,0.1), eps=1e-05",0.01,0.1,1e-05,ladder_capped,90,49637604.2,9.114,0.00000
"U(0.01,0.1), eps=1e-05",0.01,0.1,1e-05,ladder_capped,95,71254035.9,9.059,
"U(0.01,0.1), eps=1e-05",0.01,0.1,1e-05,ladder_unbounded,50,366087.7,205.474,
"U(0.01,0.1), eps=1e-05",0.01,0.1,1e-05,ladder_unbounded,80,715045.3,379.419,
"U(0.01,0.1), eps=1e-05",0.01,0.1,1e-05,ladder_unbounded,90,939905.5,481.335,0.00084
"U(0.01,0.1), eps=1e-05",0.01,0.1,1e-05,ladder_unbounded,95,1156460.9,558.171,
"U(0.01,0.1), eps=1e-06",0.01,0.1,1e-06,brute,50,7510682453.1,1.0,
"U(0.01,0.1), eps=1e-06",0.01,0.1,1e-06,brute,80,27320431466.6,1.0,
"U(0.01,0.1), eps=1e-06",0.01,0.1,1e-06,brute,90,45352578488.1,1.0,
"U(0.01,0.1), eps=1e-06",0.01,0.1,1e-06,brute,95,65183765582.9,1.0,
"U(0.01,0.1), eps=1e-06",0.01,0.1,1e-06,ladder_capped,50,799376389.3,9.396,
"U(0.01,0.1), eps=1e-06",0.01,0.1,1e-06,ladder_capped,80,2917502835.7,9.364,
"U(0.01,0.1), eps=1e-06",0.01,0.1,1e-06,ladder_capped,90,4921622474.8,9.215,0.00002
"U(0.01,0.1), eps=1e-06",0.01,0.1,1e-06,ladder_capped,95,7103738250.9,9.176,
"U(0.01,0.1), eps=1e-06",0.01,0.1,1e-06,ladder_unbounded,50,3625020.3,2071.901,
"U(0.01,0.1), eps=1e-06",0.01,0.1,1e-06,ladder_unbounded,80,7186074.8,3801.857,
"U(0.01,0.1), eps=1e-06",0.01,0.1,1e-06,ladder_unbounded,90,9423668.5,4812.625,0.00096
"U(0.01,0.1), eps=1e-06",0.01,0.1,1e-06,ladder_unbounded,95,11328246.4,5754.091,
"U(0.01,0.1), eps=1e-07",0.01,0.1,1e-07,brute,50,749958152413.5,1.0,
"U(0.01,0.1), eps=1e-07",0.01,0.1,1e-07,brute,80,2722150651957.6,1.0,
"U(0.01,0.1), eps=1e-07",0.01,0.1,1e-07,brute,90,4555306158374.8,1.0,
"U(0.01,0.1), eps=1e-07",0.01,0.1,1e-07,brute,95,6411869753066.7,1.0,
"U(0.01,0.1), eps=1e-07",0.01,0.1,1e-07,ladder_capped,50,79524233166.3,9.431,
"U(0.01,0.1), eps=1e-07",0.01,0.1,1e-07,ladder_capped,80,292731856605.1,9.299,
"U(0.01,0.1), eps=1e-07",0.01,0.1,1e-07,ladder_capped,90,488619603160.3,9.323,0.00002
"U(0.01,0.1), eps=1e-07",0.01,0.1,1e-07,ladder_capped,95,704732497488.9,9.098,
"U(0.01,0.1), eps=1e-07",0.01,0.1,1e-07,ladder_unbounded,50,36468734.8,20564.414,
"U(0.01,0.1), eps=1e-07",0.01,0.1,1e-07,ladder_unbounded,80,70899029.4,38394.752,
"U(0.01,0.1), eps=1e-07",0.01,0.1,1e-07,ladder_unbounded,90,93031533.1,48965.184,0.00112
"U(0.01,0.1), eps=1e-07",0.01,0.1,1e-07,ladder_unbounded,95,116827477.1,54883.234,
"U(0.01,0.1), eps=1e-08",0.01,0.1,1e-08,brute,50,74798623017575.2,1.0,
"U(0.01,0.1), eps=1e-08",0.01,0.1,1e-08,brute,80,272934165683296.9,1.0,
"U(0.01,0.1), eps=1e-08",0.01,0.1,1e-08,brute,90,455387972051628.4,1.0,
"U(0.01,0.1), eps=1e-08",0.01,0.1,1e-08,brute,95,666117076195398.0,1.0,
"U(0.01,0.1), eps=1e-08",0.01,0.1,1e-08,ladder_capped,50,8062407598781.4,9.277,
"U(0.01,0.1), eps=1e-08",0.01,0.1,1e-08,ladder_capped,80,29452954188283.8,9.267,
"U(0.01,0.1), eps=1e-08",0.01,0.1,1e-08,ladder_capped,90,49876430857103.5,9.13,0.00002
"U(0.01,0.1), eps=1e-08",0.01,0.1,1e-08,ladder_capped,95,70014325329168.0,9.514,
"U(0.01,0.1), eps=1e-08",0.01,0.1,1e-08,ladder_unbounded,50,359006457.4,208348.963,
"U(0.01,0.1), eps=1e-08",0.01,0.1,1e-08,ladder_unbounded,80,708595296.1,385176.372,
"U(0.01,0.1), eps=1e-08",0.01,0.1,1e-08,ladder_unbounded,90,958239971.5,475233.747,0.00140
"U(0.01,0.1), eps=1e-08",0.01,0.1,1e-08,ladder_unbounded,95,1169399870.1,569623.012,
"U(0.001,0.01), eps=1e-04",0.001,0.01,0.0001,brute,50,74093.0,1.0,
"U(0.001,0.01), eps=1e-04",0.001,0.01,0.0001,brute,80,264476.0,1.0,
"U(0.001,0.01), eps=1e-04",0.001,0.01,0.0001,brute,90,440167.3,1.0,
"U(0.001,0.01), eps=1e-04",0.001,0.01,0.0001,brute,95,625059.1,1.0,
"U(0.001,0.01), eps=1e-04",0.001,0.01,0.0001,ladder_capped,50,34991.3,2.117,
"U(0.001,0.01), eps=1e-04",0.001,0.01,0.0001,ladder_capped,80,73600.2,3.593,
"U(0.001,0.01), eps=1e-04",0.001,0.01,0.0001,ladder_capped,90,101388.8,4.341,0.00000
"U(0.001,0.01), eps=1e-04",0.001,0.01,0.0001,ladder_capped,95,132680.2,4.711,
"U(0.001,0.01), eps=1e-04",0.001,0.01,0.0001,ladder_unbounded,50,34991.3,2.117,
"U(0.001,0.01), eps=1e-04",0.001,0.01,0.0001,ladder_unbounded,80,73600.2,3.593,
"U(0.001,0.01), eps=1e-04",0.001,0.01,0.0001,ladder_unbounded,90,100062.0,4.399,0.00000
"U(0.001,0.01), eps=1e-04",0.001,0.01,0.0001,ladder_unbounded,95,121740.7,5.134,
