m_exploration,p_atom_target,r_atom,gates_below_N_opt_frac,small_angle_approximation,note
1,0.9,0.795167,0.204833,0.793358,"P(K = 0) >= target for every probe with r >= r_atom, where the estimate is the deterministic atom pi/(2N) and consecutive decreases are automatic"
1,0.5,0.5,0.5,0.469979,"P(K = 0) >= target for every probe with r >= r_atom, where the estimate is the deterministic atom pi/(2N) and consecutive decreases are automatic"
2,0.9,0.854522,0.145478,0.853882,"P(K = 0) >= target for every probe with r >= r_atom, where the estimate is the deterministic atom pi/(2N) and consecutive decreases are automatic"
2,0.5,0.635943,0.364057,0.625219,"P(K = 0) >= target for every probe with r >= r_atom, where the estimate is the deterministic atom pi/(2N) and consecutive decreases are automatic"
5,0.9,0.907749,0.092251,0.907587,"P(K = 0) >= target for every probe with r >= r_atom, where the estimate is the deterministic atom pi/(2N) and consecutive decreases are automatic"
5,0.5,0.765696,0.234304,0.762968,"P(K = 0) >= target for every probe with r >= r_atom, where the estimate is the deterministic atom pi/(2N) and consecutive decreases are automatic"
15,0.9,0.946676,0.053324,0.946645,"P(K = 0) >= target for every probe with r >= r_atom, where the estimate is the deterministic atom pi/(2N) and consecutive decreases are automatic"
15,0.5,0.863676,0.136324,0.863149,"P(K = 0) >= target for every probe with r >= r_atom, where the estimate is the deterministic atom pi/(2N) and consecutive decreases are automatic"
50,0.9,0.970782,0.029218,0.970776,"P(K = 0) >= target for every probe with r >= r_atom, where the estimate is the deterministic atom pi/(2N) and consecutive decreases are automatic"
50,0.5,0.92513,0.07487,0.925044,"P(K = 0) >= target for every probe with r >= r_atom, where the estimate is the deterministic atom pi/(2N) and consecutive decreases are automatic"
176,0.9,0.984425,0.015575,0.984424,"P(K = 0) >= target for every probe with r >= r_atom, where the estimate is the deterministic atom pi/(2N) and consecutive decreases are automatic"
176,0.5,0.960061,0.039939,0.960048,"P(K = 0) >= target for every probe with r >= r_atom, where the estimate is the deterministic atom pi/(2N) and consecutive decreases are automatic"
600,0.9,0.991564,0.008436,0.991564,"P(K = 0) >= target for every probe with r >= r_atom, where the estimate is the deterministic atom pi/(2N) and consecutive decreases are automatic"
600,0.5,0.978364,0.021636,0.978362,"P(K = 0) >= target for every probe with r >= r_atom, where the estimate is the deterministic atom pi/(2N) and consecutive decreases are automatic"
5565,0.9,0.99723,0.00277,0.99723,"P(K = 0) >= target for every probe with r >= r_atom, where the estimate is the deterministic atom pi/(2N) and consecutive decreases are automatic"
5565,0.5,0.992895,0.007105,0.992895,"P(K = 0) >= target for every probe with r >= r_atom, where the estimate is the deterministic atom pi/(2N) and consecutive decreases are automatic"
