group,claim,quoted,recomputed,verdict,source
aggregate diagnostics,trial-level false-alarm rate,45.30%,53.85%,DIFFERS,detector_confusion.csv
aggregate diagnostics,trial-level miss rate,7.70%,6.55%,DIFFERS,detector_confusion.csv
aggregate diagnostics,median N_guess/N_opt,1.00,1.00,confirmed,diagnostics_by_point.csv
aggregate diagnostics,guesses within 10% of N_opt,68.60%,61.08%,DIFFERS,diagnostics_by_point.csv
aggregate diagnostics,median N*/N_opt after the decrement,0.95,0.95,confirmed,diagnostics_by_point.csv
aggregate diagnostics,final overshoot rate,2.35%,1.72%,DIFFERS,diagnostics_by_point.csv
aggregate diagnostics,median exploration budget share,1.78%,0.83%,DIFFERS,diagnostics_by_point.csv
aggregate diagnostics,informative (live) operating points,144,144,confirmed,operating_points.csv
Appendix B.2,eps=1e-3: median N_guess/N_opt,0.83,0.72,DIFFERS,diagnostics_by_point.csv
Appendix B.2,eps=1e-3: mean absolute relative error,0.29,0.29,confirmed,diagnostics_by_point.csv
Appendix B.2,eps=1e-3: guesses within 10%,32.00%,15.37%,DIFFERS,diagnostics_by_point.csv
Appendix B.2,eps=1e-4: median N_guess/N_opt,1.00,1.00,confirmed,diagnostics_by_point.csv
Appendix B.2,eps=1e-4: mean absolute relative error,0.05,0.09,DIFFERS,diagnostics_by_point.csv
Appendix B.2,eps=1e-4: guesses within 10%,87.60%,73.41%,DIFFERS,diagnostics_by_point.csv
Appendix B.2,eps=1e-5: median N_guess/N_opt,1.00,1.00,confirmed,diagnostics_by_point.csv
Appendix B.2,eps=1e-5: mean absolute relative error,0.04,0.04,confirmed,diagnostics_by_point.csv
Appendix B.2,eps=1e-5: guesses within 10%,89.60%,89.48%,confirmed,diagnostics_by_point.csv
tuned parameters,operating points selecting lookback_window = 1,22,6,DIFFERS,winners.csv
tuned parameters,"headline lookback_window at narrow_e3 B=10,000",4,6,DIFFERS,winners.csv
tuned parameters,"headline lookback_window at narrow_e3 B=41,326",3,4,DIFFERS,winners.csv
tuned parameters,"headline lookback_window at narrow_e4 B=2,917,365",8,8,confirmed,winners.csv
tuned parameters,operating points selecting inc > 1,,27,reported (no value quoted),winners.csv
end-to-end,"linear search at B=10,000 (eps=1e-3)",57.34%,64.10%,DIFFERS,performance_curves.csv
end-to-end,"brute force at B=10,000 (eps=1e-3)",56.09%,56.09%,confirmed,performance_curves.csv
end-to-end,"binary search at B=10,000 (eps=1e-3)",65.07%,65.07%,confirmed,performance_curves.csv
end-to-end,"budget for 90% reliability, linear (eps=1e-3)","42,500","35,500",DIFFERS,budget_crossings.csv
end-to-end,"budget for 90% reliability, brute (eps=1e-3)","45,900","45,900",confirmed,budget_crossings.csv
end-to-end,"budget for 90% reliability, binary_deep (eps=1e-3)","32,400","32,400",confirmed,budget_crossings.csv
end-to-end,"budget for 90% reliability, linear (eps=1e-4)","2,910,000","2,910,000",confirmed,budget_crossings.csv
end-to-end,"budget for 90% reliability, brute (eps=1e-4)","4,530,000","4,530,000",confirmed,budget_crossings.csv
end-to-end,linear-vs-brute budget ratio at 90% (eps=1e-3),1.08,1.29,DIFFERS,budget_crossings.csv
end-to-end,linear-vs-brute budget ratio at 90% (eps=1e-4),1.56,1.56,confirmed,budget_crossings.csv
code vs pseudocode,Algorithm 4 pseudocode says N <- N - l; the code backtracks by l*inc,stated in the notes,present,confirmed,qmetrology/algorithms.py::find_phi_fixed_budget_linear_search
code vs pseudocode,"the safeguard is N* = max(1, N_guess - s)",stated in the notes,present,confirmed,qmetrology/algorithms.py::find_phi_fixed_budget_linear_search
code vs pseudocode,the backtracked probes are exactly the ones declared overshoots (not a proven 'last N before overshooting'),stated in the notes,present,confirmed,qmetrology/algorithms.py::_mark_linear_probes
code vs pseudocode,the stopping rule tests the CUMULATIVE mean of all probes so far,stated in the notes,now the mean_window = 0 case of a tuned window width,confirmed for the audited snapshot; generalised since,qmetrology/algorithms.py::_linear_search_explore
noiseless branches,g(N) = phi exactly on the admissible branch 0 <= N phi <= pi/2,stated in the notes,max |g - phi| = 1.33e-15,confirmed,"closed form, no simulation"
noiseless branches,g(N) = pi/N - phi on the first aliased branch pi/2 <= N phi <= pi,stated in the notes,max |g - (pi/N - phi)| = 1.04e-17,confirmed,"closed form, no simulation"
noiseless branches,"the first aliased branch decreases, dg/dN = -pi/N^2",stated in the notes,max relative deviation of the numerical difference 0.023,confirmed,"closed form, no simulation"
noiseless branches,"beyond the first aliased branch g(N) is a sawtooth, not a decay to zero: it rises on a fraction of the steps",the thesis says the estimates tend toward zero for every N > N_opt,49.5% of steps past N_opt INCREASE g,"thesis text refuted, notes correct","closed form, no simulation"
noiseless branches,"the sawtooth envelope decays, so 'tends to zero' is true only in envelope",,max g over N > 3pi/phi is 5.27e-03 vs phi = 0.037,confirmed,"closed form, no simulation"
false-alarm distance,"narrow_e3 B=10,000: median phase gates below N_opt",5,7,DIFFERS,"linear_detector_study.heldout, published config"
false-alarm distance,"narrow_e3 B=10,000: 90th percentile below N_opt",64,27,DIFFERS,"linear_detector_study.heldout, published config"
false-alarm distance,"narrow_e3 B=10,000: 95th percentile below N_opt",91,37,DIFFERS,"linear_detector_study.heldout, published config"
false-alarm distance,"narrow_e3 B=10,000: false alarms within 10% of N_opt",26.70%,15.44%,DIFFERS,"linear_detector_study.heldout, published config"
false-alarm distance,"narrow_e3 B=10,000: trial-level false-alarm rate",,92.10%,reported (no value quoted),linear_detector_study.heldout
false-alarm distance,"narrow_e3 B=41,326: median phase gates below N_opt",10,9,confirmed (within 1),"linear_detector_study.heldout, published config"
false-alarm distance,"narrow_e3 B=41,326: 90th percentile below N_opt",60,35,DIFFERS,"linear_detector_study.heldout, published config"
false-alarm distance,"narrow_e3 B=41,326: 95th percentile below N_opt",82,48,DIFFERS,"linear_detector_study.heldout, published config"
false-alarm distance,"narrow_e3 B=41,326: false alarms within 10% of N_opt",17.60%,10.52%,DIFFERS,"linear_detector_study.heldout, published config"
false-alarm distance,"narrow_e3 B=41,326: trial-level false-alarm rate",,95.68%,reported (no value quoted),linear_detector_study.heldout
false-alarm distance,"narrow_e4 B=2,917,365: median phase gates below N_opt",1,1,confirmed,"linear_detector_study.heldout, published config"
false-alarm distance,"narrow_e4 B=2,917,365: false alarms within 10% of N_opt",67.80%,68.11%,confirmed,"linear_detector_study.heldout, published config"
false-alarm distance,"narrow_e4 B=2,917,365: trial-level false-alarm rate",,30.25%,reported (no value quoted),linear_detector_study.heldout
