setting,scenario_id,phi_min,phi_max,eps,budget,R,best_rate,best_algorithm,worst_rate,spread_pp,regime,n_algorithms
"U(0.01,0.1), eps=1e-03",narrow_e3,0.01,0.1,0.001,896,50000,0.19734,binary_deep,0.17522,2.21,live,6
"U(0.01,0.1), eps=1e-03",narrow_e3,0.01,0.1,0.001,1270,50000,0.2416,binary_deep,0.21122,3.04,live,6
"U(0.01,0.1), eps=1e-03",narrow_e3,0.01,0.1,0.001,1799,50000,0.29084,reverse_eng_risk,0.25354,3.73,live,6
"U(0.01,0.1), eps=1e-03",narrow_e3,0.01,0.1,0.001,2548,50000,0.35582,reverse_eng_risk,0.30406,5.18,live,6
"U(0.01,0.1), eps=1e-03",narrow_e3,0.01,0.1,0.001,3610,50000,0.42218,reverse_eng_risk,0.35682,6.54,live,6
"U(0.01,0.1), eps=1e-03",narrow_e3,0.01,0.1,0.001,5114,50000,0.50142,reverse_eng_risk,0.41838,8.3,live,6
"U(0.01,0.1), eps=1e-03",narrow_e3,0.01,0.1,0.001,7244,50000,0.58156,reverse_eng_risk,0.48894,9.26,live,6
"U(0.01,0.1), eps=1e-03",narrow_e3,0.01,0.1,0.001,10000,50000,0.66252,reverse_eng_risk,0.56092,10.16,live,6
"U(0.01,0.1), eps=1e-03",narrow_e3,0.01,0.1,0.001,10262,50000,0.66608,reverse_eng_risk,0.56786,9.82,live,6
"U(0.01,0.1), eps=1e-03",narrow_e3,0.01,0.1,0.001,14538,50000,0.7509,reverse_eng_risk,0.65112,9.98,live,6
"U(0.01,0.1), eps=1e-03",narrow_e3,0.01,0.1,0.001,20594,50000,0.83244,reverse_eng_risk,0.73406,9.84,live,6
"U(0.01,0.1), eps=1e-03",narrow_e3,0.01,0.1,0.001,29173,50000,0.89718,reverse_eng_risk,0.81476,8.24,live,6
"U(0.01,0.1), eps=1e-03",narrow_e3,0.01,0.1,0.001,41326,50000,0.94442,reverse_eng_risk,0.88306,6.14,live,6
"U(0.01,0.1), eps=1e-03",narrow_e3,0.01,0.1,0.001,58543,50000,0.97396,reverse_eng_risk,0.93874,3.52,live,6
"U(0.01,0.1), eps=1e-03",narrow_e3,0.01,0.1,0.001,82931,50000,0.99042,reverse_eng_risk,0.97478,1.56,saturated,6
"U(0.01,0.1), eps=1e-03",narrow_e3,0.01,0.1,0.001,117479,50000,0.9975,reverse_eng_risk,0.99182,0.57,saturated,6
"U(0.01,0.1), eps=1e-03",narrow_e3,0.01,0.1,0.001,166419,50000,0.99934,binary_deep,0.99802,0.13,saturated,6
"U(0.01,0.1), eps=1e-03",narrow_e3,0.01,0.1,0.001,235746,50000,0.99998,binary_deep,0.99986,0.01,saturated,6
"U(0.01,0.1), eps=1e-03",narrow_e3,0.01,0.1,0.001,333954,50000,1.0,linear,0.99968,0.03,saturated,6
"U(0.01,0.1), eps=1e-03",narrow_e3,0.01,0.1,0.001,473075,50000,1.0,brute,0.99982,0.02,saturated,6
"U(0.01,0.1), eps=1e-03",narrow_e3,0.01,0.1,0.001,670151,50000,1.0,brute,0.99996,0.0,saturated,6
"U(0.01,0.1), eps=1e-03",narrow_e3,0.01,0.1,0.001,949325,50000,1.0,brute,0.99996,0.0,saturated,6
"U(0.01,0.1), eps=1e-03",narrow_e3,0.01,0.1,0.001,1344800,50000,1.0,binary_deep,1.0,0.0,saturated,6
"U(0.01,0.1), eps=1e-04",narrow_e4,0.01,0.1,0.0001,89653,50000,0.25486,reverse_eng_risk,0.18586,6.9,live,6
"U(0.01,0.1), eps=1e-04",narrow_e4,0.01,0.1,0.0001,127001,50000,0.30384,reverse_eng_risk,0.22064,8.32,live,6
"U(0.01,0.1), eps=1e-04",narrow_e4,0.01,0.1,0.0001,179908,50000,0.36034,reverse_eng_risk,0.2587,10.16,live,6
"U(0.01,0.1), eps=1e-04",narrow_e4,0.01,0.1,0.0001,254855,50000,0.4249,reverse_eng_risk,0.3059,11.9,live,6
"U(0.01,0.1), eps=1e-04",narrow_e4,0.01,0.1,0.0001,361024,50000,0.49126,reverse_eng_risk,0.35926,13.2,live,6
"U(0.01,0.1), eps=1e-04",narrow_e4,0.01,0.1,0.0001,511421,50000,0.56596,reverse_eng_risk,0.42152,14.44,live,6
"U(0.01,0.1), eps=1e-04",narrow_e4,0.01,0.1,0.0001,724471,50000,0.64296,reverse_eng_risk,0.4918,15.12,live,6
"U(0.01,0.1), eps=1e-04",narrow_e4,0.01,0.1,0.0001,1026274,50000,0.72496,reverse_eng_risk,0.56806,15.69,live,6
"U(0.01,0.1), eps=1e-04",narrow_e4,0.01,0.1,0.0001,1453804,50000,0.7968,reverse_eng_risk,0.65152,14.53,live,6
"U(0.01,0.1), eps=1e-04",narrow_e4,0.01,0.1,0.0001,2059436,50000,0.86396,reverse_eng_risk,0.73414,12.98,live,6
"U(0.01,0.1), eps=1e-04",narrow_e4,0.01,0.1,0.0001,2917365,50000,0.91802,reverse_eng_risk,0.81682,10.12,live,6
"U(0.01,0.1), eps=1e-04",narrow_e4,0.01,0.1,0.0001,4132694,50000,0.95248,reverse_eng_risk,0.8857,6.68,live,6
"U(0.01,0.1), eps=1e-04",narrow_e4,0.01,0.1,0.0001,5854310,50000,0.97922,reverse_eng_risk,0.94006,3.92,live,6
"U(0.01,0.1), eps=1e-04",narrow_e4,0.01,0.1,0.0001,8293124,50000,0.99238,reverse_eng_risk,0.97442,1.8,saturated,6
"U(0.01,0.1), eps=1e-04",narrow_e4,0.01,0.1,0.0001,11747910,50000,0.99786,reverse_eng_risk,0.9926,0.53,saturated,6
"U(0.01,0.1), eps=1e-04",narrow_e4,0.01,0.1,0.0001,16641905,50000,0.99958,reverse_eng_risk,0.99838,0.12,saturated,6
"U(0.01,0.1), eps=1e-04",narrow_e4,0.01,0.1,0.0001,23574663,50000,0.99992,brute,0.9996,0.03,saturated,6
"U(0.01,0.1), eps=1e-04",narrow_e4,0.01,0.1,0.0001,33395498,50000,1.0,brute,0.99948,0.05,saturated,6
"U(0.01,0.1), eps=1e-04",narrow_e4,0.01,0.1,0.0001,47307541,50000,1.0,brute,0.99954,0.05,saturated,6
"U(0.01,0.1), eps=1e-04",narrow_e4,0.01,0.1,0.0001,67015122,50000,1.0,brute,0.99996,0.0,saturated,6
"U(0.01,0.1), eps=1e-04",narrow_e4,0.01,0.1,0.0001,94932574,50000,1.0,brute,0.99996,0.0,saturated,6
"U(0.01,0.1), eps=1e-04",narrow_e4,0.01,0.1,0.0001,134480000,50000,1.0,binary_deep,1.0,0.0,saturated,6
"U(0.01,0.1), eps=1e-05",narrow_e5,0.01,0.1,1e-05,8965333,50000,0.27272,reverse_eng_risk,0.1869,8.58,live,6
"U(0.01,0.1), eps=1e-05",narrow_e5,0.01,0.1,1e-05,12700150,50000,0.32048,reverse_eng_risk,0.22098,9.95,live,6
"U(0.01,0.1), eps=1e-05",narrow_e5,0.01,0.1,1e-05,17990835,50000,0.37918,reverse_eng_risk,0.25982,11.94,live,6
"U(0.01,0.1), eps=1e-05",narrow_e5,0.01,0.1,1e-05,25485535,50000,0.44158,reverse_eng_risk,0.30742,13.42,live,6
"U(0.01,0.1), eps=1e-05",narrow_e5,0.01,0.1,1e-05,36102410,50000,0.51096,reverse_eng_risk,0.36022,15.07,live,6
"U(0.01,0.1), eps=1e-05",narrow_e5,0.01,0.1,1e-05,51142110,50000,0.58464,reverse_eng_risk,0.42194,16.27,live,6
"U(0.01,0.1), eps=1e-05",narrow_e5,0.01,0.1,1e-05,72447113,50000,0.65946,reverse_eng_risk,0.49206,16.74,live,6
"U(0.01,0.1), eps=1e-05",narrow_e5,0.01,0.1,1e-05,102627447,50000,0.7364,reverse_eng_risk,0.56782,16.86,live,6
"U(0.01,0.1), eps=1e-05",narrow_e5,0.01,0.1,1e-05,145380436,50000,0.80696,reverse_eng_risk,0.6522,15.48,live,6
"U(0.01,0.1), eps=1e-05",narrow_e5,0.01,0.1,1e-05,205943651,50000,0.87042,reverse_eng_risk,0.7351,13.53,live,6
"U(0.01,0.1), eps=1e-05",narrow_e5,0.01,0.1,1e-05,291736555,50000,0.92294,reverse_eng_risk,0.81692,10.6,live,6
"U(0.01,0.1), eps=1e-05",narrow_e5,0.01,0.1,1e-05,413269439,50000,0.95904,reverse_eng_risk,0.88656,7.25,live,6
"U(0.01,0.1), eps=1e-05",narrow_e5,0.01,0.1,1e-05,585431022,50000,0.98026,binary_deep,0.94044,3.98,live,6
"U(0.01,0.1), eps=1e-05",narrow_e5,0.01,0.1,1e-05,829312426,50000,0.99358,binary_deep,0.97448,1.91,saturated,6
"U(0.01,0.1), eps=1e-05",narrow_e5,0.01,0.1,1e-05,1174791008,50000,0.99822,binary_deep,0.99266,0.56,saturated,6
"U(0.01,0.1), eps=1e-05",narrow_e5,0.01,0.1,1e-05,1664190563,50000,0.99958,linear,0.9985,0.11,saturated,6
"U(0.01,0.1), eps=1e-05",narrow_e5,0.01,0.1,1e-05,2357466314,50000,0.99992,brute,0.99966,0.03,saturated,6
"U(0.01,0.1), eps=1e-05",narrow_e5,0.01,0.1,1e-05,3339549897,50000,1.0,brute,0.9995,0.05,saturated,6
"U(0.01,0.1), eps=1e-05",narrow_e5,0.01,0.1,1e-05,4730754135,50000,1.0,brute,0.99954,0.05,saturated,6
"U(0.01,0.1), eps=1e-05",narrow_e5,0.01,0.1,1e-05,6701512293,50000,1.0,brute,0.99996,0.0,saturated,6
"U(0.01,0.1), eps=1e-05",narrow_e5,0.01,0.1,1e-05,9493257466,50000,1.0,brute,0.99996,0.0,saturated,6
"U(0.01,0.1), eps=1e-05",narrow_e5,0.01,0.1,1e-05,13447999999,50000,1.0,binary_deep,1.0,0.0,saturated,6
"U(0.01,0.1), eps=1e-06",narrow_e6,0.01,0.1,1e-06,896533333,50000,0.27634,reverse_eng_risk,0.18698,8.94,live,6
"U(0.01,0.1), eps=1e-06",narrow_e6,0.01,0.1,1e-06,1270015093,50000,0.32578,binary_deep,0.221,10.48,live,6
"U(0.01,0.1), eps=1e-06",narrow_e6,0.01,0.1,1e-06,1799083511,50000,0.38228,reverse_eng_risk,0.25916,12.31,live,6
"U(0.01,0.1), eps=1e-06",narrow_e6,0.01,0.1,1e-06,2548553554,50000,0.44162,reverse_eng_risk,0.30736,13.43,live,6
"U(0.01,0.1), eps=1e-06",narrow_e6,0.01,0.1,1e-06,3610241091,50000,0.5138,reverse_eng_risk,0.3602,15.36,live,6
"U(0.01,0.1), eps=1e-06",narrow_e6,0.01,0.1,1e-06,5114211046,50000,0.5849,binary_deep,0.4222,16.27,live,6
"U(0.01,0.1), eps=1e-06",narrow_e6,0.01,0.1,1e-06,7244711353,50000,0.66184,reverse_eng_risk,0.49238,16.95,live,6
"U(0.01,0.1), eps=1e-06",narrow_e6,0.01,0.1,1e-06,10262744755,50000,0.73684,binary_deep,0.56812,16.87,live,6
"U(0.01,0.1), eps=1e-06",narrow_e6,0.01,0.1,1e-06,14538043655,50000,0.808,reverse_eng_risk,0.65232,15.57,live,6
"U(0.01,0.1), eps=1e-06",narrow_e6,0.01,0.1,1e-06,20594365186,50000,0.87122,reverse_eng_risk,0.73514,13.61,live,6
"U(0.01,0.1), eps=1e-06",narrow_e6,0.01,0.1,1e-06,29173655514,50000,0.92234,reverse_eng_risk,0.81704,10.53,live,6
"U(0.01,0.1), eps=1e-06",narrow_e6,0.01,0.1,1e-06,41326943964,50000,0.95938,reverse_eng_risk,0.88634,7.3,live,6
"U(0.01,0.1), eps=1e-06",narrow_e6,0.01,0.1,1e-06,58543102238,50000,0.98166,binary_deep,0.94042,4.12,live,6
"U(0.01,0.1), eps=1e-06",narrow_e6,0.01,0.1,1e-06,82931242693,50000,0.99412,binary_deep,0.97452,1.96,saturated,6
"U(0.01,0.1), eps=1e-06",narrow_e6,0.01,0.1,1e-06,117479100897,50000,0.99834,binary_deep,0.9927,0.56,saturated,6
"U(0.01,0.1), eps=1e-06",narrow_e6,0.01,0.1,1e-06,166419056310,50000,0.99956,reverse_eng_risk,0.99794,0.16,saturated,6
"U(0.01,0.1), eps=1e-06",narrow_e6,0.01,0.1,1e-06,235746631456,50000,0.99992,brute,0.99966,0.03,saturated,6
"U(0.01,0.1), eps=1e-06",narrow_e6,0.01,0.1,1e-06,333954989743,50000,1.0,brute,0.99984,0.02,saturated,6
"U(0.01,0.1), eps=1e-06",narrow_e6,0.01,0.1,1e-06,473075413571,50000,1.0,brute,0.99954,0.05,saturated,6
"U(0.01,0.1), eps=1e-06",narrow_e6,0.01,0.1,1e-06,670151229355,50000,1.0,brute,0.99996,0.0,saturated,6
"U(0.01,0.1), eps=1e-06",narrow_e6,0.01,0.1,1e-06,949325746642,50000,1.0,brute,0.99996,0.0,saturated,6
"U(0.01,0.1), eps=1e-06",narrow_e6,0.01,0.1,1e-06,1344800000000,50000,1.0,binary_deep,1.0,0.0,saturated,6
"U(0.01,0.1), eps=1e-07",narrow_e7,0.01,0.1,1e-07,89653333333,50000,0.27748,reverse_eng_risk,0.18692,9.06,live,6
"U(0.01,0.1), eps=1e-07",narrow_e7,0.01,0.1,1e-07,127001509327,50000,0.32764,binary_deep,0.22116,10.65,live,6
"U(0.01,0.1), eps=1e-07",narrow_e7,0.01,0.1,1e-07,179908351108,50000,0.38274,reverse_eng_risk,0.25926,12.35,live,6
"U(0.01,0.1), eps=1e-07",narrow_e7,0.01,0.1,1e-07,254855355420,50000,0.44462,binary_deep,0.30748,13.71,live,6
"U(0.01,0.1), eps=1e-07",narrow_e7,0.01,0.1,1e-07,361024109144,50000,0.51204,reverse_eng_risk,0.3603,15.17,live,6
"U(0.01,0.1), eps=1e-07",narrow_e7,0.01,0.1,1e-07,511421104605,50000,0.58552,reverse_eng_risk,0.42224,16.33,live,6
"U(0.01,0.1), eps=1e-07",narrow_e7,0.01,0.1,1e-07,724471135335,50000,0.66192,binary_deep,0.49246,16.95,live,6
"U(0.01,0.1), eps=1e-07",narrow_e7,0.01,0.1,1e-07,1026274475590,50000,0.73988,binary_deep,0.56822,17.17,live,6
"U(0.01,0.1), eps=1e-07",narrow_e7,0.01,0.1,1e-07,1453804365525,50000,0.8087,reverse_eng_risk,0.65228,15.64,live,6
"U(0.01,0.1), eps=1e-07",narrow_e7,0.01,0.1,1e-07,2059436518680,50000,0.87118,reverse_eng_risk,0.73518,13.6,live,6
"U(0.01,0.1), eps=1e-07",narrow_e7,0.01,0.1,1e-07,2917365551411,50000,0.92386,reverse_eng_risk,0.81702,10.68,live,6
"U(0.01,0.1), eps=1e-07",narrow_e7,0.01,0.1,1e-07,4132694396433,50000,0.95894,binary_deep,0.88632,7.26,live,6
"U(0.01,0.1), eps=1e-07",narrow_e7,0.01,0.1,1e-07,5854310223842,50000,0.98158,binary_deep,0.94042,4.12,live,6
"U(0.01,0.1), eps=1e-07",narrow_e7,0.01,0.1,1e-07,8293124269377,50000,0.99322,binary_deep,0.97452,1.87,saturated,6
"U(0.01,0.1), eps=1e-07",narrow_e7,0.01,0.1,1e-07,11747910089773,50000,0.9983,binary_deep,0.9927,0.56,saturated,6
"U(0.01,0.1), eps=1e-07",narrow_e7,0.01,0.1,1e-07,16641905631032,50000,0.99954,reverse_eng_risk,0.99852,0.1,saturated,6
"U(0.01,0.1), eps=1e-07",narrow_e7,0.01,0.1,1e-07,23574663145682,50000,0.99992,brute,0.99964,0.03,saturated,6
"U(0.01,0.1), eps=1e-07",narrow_e7,0.01,0.1,1e-07,33395498974351,50000,1.0,brute,0.99984,0.02,saturated,6
"U(0.01,0.1), eps=1e-07",narrow_e7,0.01,0.1,1e-07,47307541357178,50000,1.0,brute,0.99954,0.05,saturated,6
"U(0.01,0.1), eps=1e-07",narrow_e7,0.01,0.1,1e-07,67015122935579,50000,1.0,brute,0.99996,0.0,saturated,6
"U(0.01,0.1), eps=1e-07",narrow_e7,0.01,0.1,1e-07,94932574664214,50000,1.0,brute,0.99996,0.0,saturated,6
"U(0.01,0.1), eps=1e-07",narrow_e7,0.01,0.1,1e-07,134480000000000,50000,1.0,binary_deep,1.0,0.0,saturated,6
"U(0.01,0.1), eps=1e-08",narrow_e8,0.01,0.1,1e-08,8965333333333,50000,0.27736,reverse_eng_risk,0.18698,9.04,live,6
"U(0.01,0.1), eps=1e-08",narrow_e8,0.01,0.1,1e-08,12700150932713,50000,0.32572,reverse_eng_risk,0.2212,10.45,live,6
"U(0.01,0.1), eps=1e-08",narrow_e8,0.01,0.1,1e-08,17990835110839,50000,0.38272,reverse_eng_risk,0.25928,12.34,live,6
"U(0.01,0.1), eps=1e-08",narrow_e8,0.01,0.1,1e-08,25485535542077,50000,0.444,binary_deep,0.30748,13.65,live,6
"U(0.01,0.1), eps=1e-08",narrow_e8,0.01,0.1,1e-08,36102410914495,50000,0.51192,reverse_eng_risk,0.3603,15.16,live,6
"U(0.01,0.1), eps=1e-08",narrow_e8,0.01,0.1,1e-08,51142110460546,50000,0.58744,binary_deep,0.42224,16.52,live,6
"U(0.01,0.1), eps=1e-08",narrow_e8,0.01,0.1,1e-08,72447113533589,50000,0.66268,binary_deep,0.49244,17.02,live,6
"U(0.01,0.1), eps=1e-08",narrow_e8,0.01,0.1,1e-08,102627447559047,50000,0.73688,reverse_eng_risk,0.56818,16.87,live,6
"U(0.01,0.1), eps=1e-08",narrow_e8,0.01,0.1,1e-08,145380436552546,50000,0.80796,binary_deep,0.65228,15.57,live,6
"U(0.01,0.1), eps=1e-08",narrow_e8,0.01,0.1,1e-08,205943651868068,50000,0.8723,reverse_eng_risk,0.73518,13.71,live,6
"U(0.01,0.1), eps=1e-08",narrow_e8,0.01,0.1,1e-08,291736555141147,50000,0.92394,reverse_eng_risk,0.817,10.69,live,6
"U(0.01,0.1), eps=1e-08",narrow_e8,0.01,0.1,1e-08,413269439643361,50000,0.95924,binary_deep,0.88632,7.29,live,6
"U(0.01,0.1), eps=1e-08",narrow_e8,0.01,0.1,1e-08,585431022384237,50000,0.98206,binary_deep,0.9404,4.17,live,6
"U(0.01,0.1), eps=1e-08",narrow_e8,0.01,0.1,1e-08,829312426937782,50000,0.9936,binary_deep,0.9745,1.91,saturated,6
"U(0.01,0.1), eps=1e-08",narrow_e8,0.01,0.1,1e-08,1174791008977376,50000,0.99824,binary_deep,0.9927,0.55,saturated,6
"U(0.01,0.1), eps=1e-08",narrow_e8,0.01,0.1,1e-08,1664190563103208,50000,0.9995,reverse_eng_risk,0.99852,0.1,saturated,6
"U(0.01,0.1), eps=1e-08",narrow_e8,0.01,0.1,1e-08,2357466314568226,50000,0.99992,brute,0.99958,0.03,saturated,6
"U(0.01,0.1), eps=1e-08",narrow_e8,0.01,0.1,1e-08,3339549897435170,50000,1.0,brute,0.99984,0.02,saturated,6
"U(0.01,0.1), eps=1e-08",narrow_e8,0.01,0.1,1e-08,4730754135717893,50000,1.0,brute,0.99954,0.05,saturated,6
"U(0.01,0.1), eps=1e-08",narrow_e8,0.01,0.1,1e-08,6701512293557939,50000,1.0,brute,0.99996,0.0,saturated,6
"U(0.01,0.1), eps=1e-08",narrow_e8,0.01,0.1,1e-08,9493257466421480,50000,1.0,brute,0.99996,0.0,saturated,6
"U(0.01,0.1), eps=1e-08",narrow_e8,0.01,0.1,1e-08,13447999999999998,50000,1.0,binary_deep,1.0,0.0,saturated,6
"U(0.001,0.01), eps=1e-04",small_e4,0.001,0.01,0.0001,8565,50000,0.19718,binary_deep,0.17174,2.54,live,6
"U(0.001,0.01), eps=1e-04",small_e4,0.001,0.01,0.0001,12133,50000,0.23714,binary_deep,0.2109,2.62,live,6
"U(0.001,0.01), eps=1e-04",small_e4,0.001,0.01,0.0001,17188,50000,0.28978,binary_deep,0.25232,3.75,live,6
"U(0.001,0.01), eps=1e-04",small_e4,0.001,0.01,0.0001,24349,50000,0.34428,binary_deep,0.30046,4.38,live,6
"U(0.001,0.01), eps=1e-04",small_e4,0.001,0.01,0.0001,34492,50000,0.41098,reverse_eng_risk,0.35536,5.56,live,6
"U(0.001,0.01), eps=1e-04",small_e4,0.001,0.01,0.0001,48861,50000,0.48576,reverse_eng_risk,0.41752,6.82,live,6
"U(0.001,0.01), eps=1e-04",small_e4,0.001,0.01,0.0001,69216,50000,0.57166,reverse_eng_risk,0.48678,8.49,live,6
"U(0.001,0.01), eps=1e-04",small_e4,0.001,0.01,0.0001,98051,50000,0.65582,reverse_eng_risk,0.56432,9.15,live,6
"U(0.001,0.01), eps=1e-04",small_e4,0.001,0.01,0.0001,138898,50000,0.73958,reverse_eng_risk,0.6481,9.15,live,6
"U(0.001,0.01), eps=1e-04",small_e4,0.001,0.01,0.0001,196761,50000,0.82214,reverse_eng_risk,0.73212,9.0,live,6
"U(0.001,0.01), eps=1e-04",small_e4,0.001,0.01,0.0001,278729,50000,0.88818,reverse_eng_risk,0.81228,7.59,live,6
"U(0.001,0.01), eps=1e-04",small_e4,0.001,0.01,0.0001,394843,50000,0.93762,reverse_eng_risk,0.88216,5.55,live,6
"U(0.001,0.01), eps=1e-04",small_e4,0.001,0.01,0.0001,559329,50000,0.96924,reverse_eng_risk,0.93792,3.13,live,6
"U(0.001,0.01), eps=1e-04",small_e4,0.001,0.01,0.0001,792336,50000,0.9885,reverse_eng_risk,0.97376,1.47,live,6
"U(0.001,0.01), eps=1e-04",small_e4,0.001,0.01,0.0001,1122411,50000,0.99664,reverse_eng_risk,0.9916,0.5,saturated,6
"U(0.001,0.01), eps=1e-04",small_e4,0.001,0.01,0.0001,1589990,50000,0.99928,reverse_eng_risk,0.99648,0.28,saturated,6
"U(0.001,0.01), eps=1e-04",small_e4,0.001,0.01,0.0001,2252356,50000,0.99982,reverse_eng_risk,0.9988,0.1,saturated,6
"U(0.001,0.01), eps=1e-04",small_e4,0.001,0.01,0.0001,3190652,50000,1.0,linear,0.99972,0.03,saturated,6
"U(0.001,0.01), eps=1e-04",small_e4,0.001,0.01,0.0001,4519828,50000,1.0,brute,0.9997,0.03,saturated,6
"U(0.001,0.01), eps=1e-04",small_e4,0.001,0.01,0.0001,6402718,50000,1.0,brute,0.99994,0.01,saturated,6
"U(0.001,0.01), eps=1e-04",small_e4,0.001,0.01,0.0001,9069991,50000,1.0,binary_deep,1.0,0.0,saturated,6
"U(0.001,0.01), eps=1e-04",small_e4,0.001,0.01,0.0001,12848407,50000,1.0,binary_deep,1.0,0.0,saturated,6
"U(0.001,0.1), eps=1e-04",wide_e4,0.001,0.1,0.0001,89653,50000,0.27952,binary_deep,0.18524,9.43,live,6
"U(0.001,0.1), eps=1e-04",wide_e4,0.001,0.1,0.0001,127001,50000,0.33382,binary_deep,0.21972,11.41,live,6
"U(0.001,0.1), eps=1e-04",wide_e4,0.001,0.1,0.0001,179908,50000,0.39622,binary_deep,0.25826,13.8,live,6
"U(0.001,0.1), eps=1e-04",wide_e4,0.001,0.1,0.0001,254855,50000,0.45832,binary_deep,0.3052,15.31,live,6
"U(0.001,0.1), eps=1e-04",wide_e4,0.001,0.1,0.0001,361024,50000,0.52658,binary_deep,0.35846,16.81,live,6
"U(0.001,0.1), eps=1e-04",wide_e4,0.001,0.1,0.0001,511421,50000,0.59776,binary_deep,0.42126,17.65,live,6
"U(0.001,0.1), eps=1e-04",wide_e4,0.001,0.1,0.0001,724471,50000,0.67448,binary_deep,0.49232,18.22,live,6
"U(0.001,0.1), eps=1e-04",wide_e4,0.001,0.1,0.0001,1026274,50000,0.74798,binary_deep,0.56852,17.95,live,6
"U(0.001,0.1), eps=1e-04",wide_e4,0.001,0.1,0.0001,1453804,50000,0.81738,binary_deep,0.65228,16.51,live,6
"U(0.001,0.1), eps=1e-04",wide_e4,0.001,0.1,0.0001,2059436,50000,0.87542,binary_deep,0.73406,14.14,live,6
"U(0.001,0.1), eps=1e-04",wide_e4,0.001,0.1,0.0001,2917365,50000,0.92562,reverse_eng_risk,0.81706,10.86,live,6
"U(0.001,0.1), eps=1e-04",wide_e4,0.001,0.1,0.0001,4132694,50000,0.95848,binary_deep,0.88602,7.25,live,6
"U(0.001,0.1), eps=1e-04",wide_e4,0.001,0.1,0.0001,5854310,50000,0.98118,binary_deep,0.94006,4.11,live,6
"U(0.001,0.1), eps=1e-04",wide_e4,0.001,0.1,0.0001,8293124,50000,0.9933,binary_deep,0.97434,1.9,saturated,6
"U(0.001,0.1), eps=1e-04",wide_e4,0.001,0.1,0.0001,11747910,50000,0.99826,reverse_eng_risk,0.9926,0.57,saturated,6
"U(0.001,0.1), eps=1e-04",wide_e4,0.001,0.1,0.0001,16641905,50000,0.99956,reverse_eng_risk,0.9985,0.11,saturated,6
"U(0.001,0.1), eps=1e-04",wide_e4,0.001,0.1,0.0001,23574663,50000,0.9999,brute,0.99946,0.04,saturated,6
"U(0.001,0.1), eps=1e-04",wide_e4,0.001,0.1,0.0001,33395498,50000,1.0,brute,0.99982,0.02,saturated,6
"U(0.001,0.1), eps=1e-04",wide_e4,0.001,0.1,0.0001,47307541,50000,1.0,brute,0.9998,0.02,saturated,6
"U(0.001,0.1), eps=1e-04",wide_e4,0.001,0.1,0.0001,67015122,50000,1.0,brute,0.99998,0.0,saturated,6
"U(0.001,0.1), eps=1e-04",wide_e4,0.001,0.1,0.0001,94932574,50000,1.0,brute,0.99998,0.0,saturated,6
"U(0.001,0.1), eps=1e-04",wide_e4,0.001,0.1,0.0001,134480000,50000,1.0,binary_deep,1.0,0.0,saturated,6
