setting,phi_min,phi_max,eps,budget,brute,linear_s_rate,linear_s_spent,linear_post_rate,linear_post_spent,re_normal_rate,re_normal_spent,re_post_rate,re_post_spent,binary_first_rate,binary_first_spent,binary_post_rate,binary_post_spent
"U(0.01,0.1), eps=1e-03",0.01,0.1,0.001,896,17.393,16.387,0.9929,18.6,0.9863,17.183,0.9775,17.393,0.9879,17.79,0.983,17.723,0.9864
"U(0.01,0.1), eps=1e-03",0.01,0.1,0.001,1573,23.507,22.107,0.9913,27.443,0.9918,26.693,0.9887,26.52,0.9904,27.18,0.9879,27.1,0.991
"U(0.01,0.1), eps=1e-03",0.01,0.1,0.001,2761,31.477,29.377,0.9964,37.08,0.9947,35.903,0.996,35.703,0.9965,36.08,0.9961,35.9,0.9963
"U(0.01,0.1), eps=1e-03",0.01,0.1,0.001,4847,40.86,40.723,0.9976,48.297,0.9976,48.803,0.9966,48.687,0.9966,46.873,0.9965,46.78,0.9971
"U(0.01,0.1), eps=1e-03",0.01,0.1,0.001,8507,52.14,53.317,0.9992,61.733,0.9983,62.13,0.9984,62.283,0.9985,58.27,0.9982,58.207,0.998
"U(0.01,0.1), eps=1e-03",0.01,0.1,0.001,14932,65.487,66.613,0.9996,76.08,0.9991,76.097,0.999,76.02,0.9988,74.953,0.999,74.81,0.999
"U(0.01,0.1), eps=1e-03",0.01,0.1,0.001,26209,79.01,80.153,0.9997,87.527,0.9994,88.08,0.9995,88.12,0.9995,85.637,0.9994,85.623,0.9994
"U(0.01,0.1), eps=1e-03",0.01,0.1,0.001,46001,90.007,91.203,0.9997,95.24,0.9997,95.55,0.9997,95.57,0.9997,93.85,0.9996,94.64,0.9996
"U(0.001,0.01), eps=1e-03",0.001,0.01,0.001,4395,86.243,72.127,0.9902,75.627,0.9674,53.53,0.9543,56.45,0.9648,56.12,0.9615,56.45,0.9648
"U(0.001,0.01), eps=1e-03",0.001,0.01,0.001,7713,95.647,90.39,0.9884,93.003,0.9871,88.81,0.9843,89.307,0.9845,91.48,0.9875,91.203,0.9861
"U(0.01,0.1), eps=1e-04",0.01,0.1,0.0001,89653,18.507,20.943,0.9998,25.657,0.9998,25.807,0.9998,25.817,0.9998,22.987,0.9998,25.517,0.9998
"U(0.01,0.1), eps=1e-04",0.01,0.1,0.0001,157355,24.493,29.507,0.9999,33.513,0.9999,34.243,0.9999,34.21,0.9999,29.96,0.9999,34.103,0.9999
"U(0.01,0.1), eps=1e-04",0.01,0.1,0.0001,276182,31.64,38.12,0.9999,43.79,0.9999,43.767,0.9999,43.86,0.9999,39.7,0.9999,44.15,0.9999
"U(0.01,0.1), eps=1e-04",0.01,0.1,0.0001,484741,40.97,49.8,1.0,55.083,1.0,55.49,1.0,55.477,1.0,51.627,1.0,56.35,1.0
"U(0.01,0.1), eps=1e-04",0.01,0.1,0.0001,850795,52.047,62.59,1.0,67.96,1.0,68.227,1.0,68.22,1.0,64.247,1.0,68.49,1.0
"U(0.01,0.1), eps=1e-04",0.01,0.1,0.0001,1493275,65.513,75.75,1.0,80.757,1.0,79.21,1.0,79.243,1.0,78.163,1.0,80.837,1.0
"U(0.01,0.1), eps=1e-04",0.01,0.1,0.0001,2620925,79.07,86.923,1.0,90.187,1.0,90.29,1.0,90.29,1.0,88.73,1.0,90.307,1.0
"U(0.01,0.1), eps=1e-04",0.01,0.1,0.0001,4600122,90.3,94.493,1.0,96.487,1.0,96.08,1.0,96.077,1.0,96.067,1.0,96.567,1.0
"U(0.001,0.01), eps=1e-04",0.001,0.01,0.0001,10332,19.437,17.933,0.9888,21.387,0.9838,19.513,0.9859,19.353,0.9848,20.2,0.986,20.113,0.9848
"U(0.001,0.01), eps=1e-04",0.001,0.01,0.0001,18134,25.537,24.16,0.9978,28.507,0.9909,28.867,0.9919,29.067,0.9931,29.313,0.9908,29.547,0.9935
"U(0.001,0.01), eps=1e-04",0.001,0.01,0.0001,31829,34.1,33.377,0.9972,39.39,0.9957,39.843,0.9954,39.6,0.9965,38.523,0.9947,38.403,0.9948
"U(0.001,0.01), eps=1e-04",0.001,0.01,0.0001,55865,44.593,43.303,0.9991,51.52,0.9977,51.46,0.9971,51.593,0.9969,47.527,0.9967,47.287,0.9969
"U(0.001,0.01), eps=1e-04",0.001,0.01,0.0001,98051,56.15,56.423,0.9994,65.507,0.9986,66.033,0.9983,65.953,0.9984,64.277,0.9983,64.137,0.9983
"U(0.001,0.01), eps=1e-04",0.001,0.01,0.0001,172095,69.977,70.52,0.9997,78.72,0.9992,78.913,0.9991,79.06,0.999,75.68,0.999,75.453,0.999
"U(0.001,0.01), eps=1e-04",0.001,0.01,0.0001,302053,82.733,83.207,0.9997,90.02,0.9995,89.85,0.9994,90.07,0.9995,83.997,0.9994,83.937,0.9994
"U(0.001,0.01), eps=1e-04",0.001,0.01,0.0001,530150,92.91,94.007,0.9998,96.613,0.9997,96.46,0.9997,96.613,0.9997,95.207,0.9997,95.217,0.9997
"U(0.01,0.1), eps=1e-05",0.01,0.1,1e-05,10814456,20.387,26.493,1.0,29.74,1.0,29.853,1.0,29.863,1.0,28.9,1.0,29.357,1.0
"U(0.01,0.1), eps=1e-05",0.01,0.1,1e-05,18981013,26.657,35.14,1.0,38.583,1.0,38.667,1.0,38.667,1.0,37.877,1.0,38.107,1.0
"U(0.01,0.1), eps=1e-05",0.01,0.1,1e-05,33314561,34.607,44.177,1.0,48.977,1.0,49.357,1.0,49.337,1.0,48.497,1.0,49.097,1.0
"U(0.01,0.1), eps=1e-05",0.01,0.1,1e-05,58472116,44.447,57.577,1.0,61.473,1.0,61.287,1.0,61.27,1.0,60.613,1.0,60.383,1.0
"U(0.01,0.1), eps=1e-05",0.01,0.1,1e-05,102627447,56.357,69.623,1.0,74.22,1.0,73.33,1.0,73.33,1.0,72.787,1.0,73.43,1.0
"U(0.01,0.1), eps=1e-05",0.01,0.1,1e-05,180126761,70.117,81.333,1.0,84.687,1.0,84.593,1.0,84.447,1.0,83.54,1.0,84.453,1.0
"U(0.01,0.1), eps=1e-05",0.01,0.1,1e-05,316149829,83.213,90.49,1.0,92.993,1.0,93.063,1.0,93.063,1.0,92.93,1.0,93.207,1.0
"U(0.01,0.1), eps=1e-05",0.01,0.1,1e-05,554890978,93.233,96.37,1.0,97.967,1.0,97.69,1.0,97.687,1.0,97.89,1.0,97.847,1.0
"U(0.001,0.01), eps=1e-05",0.001,0.01,1e-05,1246334,22.43,24.423,0.9999,29.53,0.9999,29.517,0.9999,29.493,0.9999,27.977,0.9999,29.693,0.9999
"U(0.001,0.01), eps=1e-05",0.001,0.01,1e-05,2187505,29.003,32.16,0.9999,38.88,0.9999,39.607,0.9999,39.507,0.9999,35.33,0.9999,38.263,0.9999
"U(0.001,0.01), eps=1e-05",0.001,0.01,1e-05,3839405,37.313,42.483,1.0,50.143,1.0,50.96,1.0,51.157,1.0,45.747,1.0,51.247,1.0
"U(0.001,0.01), eps=1e-05",0.001,0.01,1e-05,6738739,48.213,55.753,1.0,61.81,1.0,63.3,1.0,63.42,1.0,59.137,1.0,63.433,1.0
"U(0.001,0.01), eps=1e-05",0.001,0.01,1e-05,11827511,60.673,69.717,1.0,75.183,1.0,75.72,1.0,75.723,1.0,72.543,1.0,76.02,1.0
"U(0.001,0.01), eps=1e-05",0.001,0.01,1e-05,20759079,74.41,82.757,1.0,86.377,1.0,86.847,1.0,86.39,1.0,85.04,1.0,86.977,1.0
"U(0.001,0.01), eps=1e-05",0.001,0.01,1e-05,36435337,86.883,91.88,1.0,94.28,1.0,94.493,1.0,94.373,1.0,93.747,1.0,94.747,1.0
"U(0.01,0.1), eps=1e-06",0.01,0.1,1e-06,896533333,18.637,24.793,1.0,27.713,1.0,27.767,1.0,27.787,1.0,27.33,1.0,28.077,1.0
"U(0.01,0.1), eps=1e-06",0.01,0.1,1e-06,1573552196,24.38,31.887,1.0,35.793,1.0,36.167,1.0,36.163,1.0,35.37,1.0,36.22,1.0
"U(0.01,0.1), eps=1e-06",0.01,0.1,1e-06,2761823151,31.853,41.57,1.0,46.367,1.0,45.937,1.0,45.913,1.0,45.447,1.0,46.27,1.0
"U(0.01,0.1), eps=1e-06",0.01,0.1,1e-06,4847419193,40.957,52.627,1.0,57.783,1.0,57.52,1.0,57.52,1.0,57.143,1.0,57.763,1.0
"U(0.01,0.1), eps=1e-06",0.01,0.1,1e-06,8507957079,52.26,65.607,1.0,70.263,1.0,69.423,1.0,69.42,1.0,69.623,1.0,69.247,1.0
"U(0.01,0.1), eps=1e-06",0.01,0.1,1e-06,14932757159,65.6,77.617,1.0,81.743,1.0,81.18,1.0,81.183,1.0,81.44,1.0,81.083,1.0
"U(0.01,0.1), eps=1e-06",0.01,0.1,1e-06,26209257324,79.093,88.283,1.0,90.983,1.0,90.443,1.0,90.45,1.0,90.927,1.0,90.363,1.0
"U(0.01,0.1), eps=1e-06",0.01,0.1,1e-06,46001228182,90.33,95.24,1.0,96.797,1.0,96.32,1.0,96.317,1.0,96.747,1.0,96.797,1.0
"U(0.001,0.01), eps=1e-06",0.001,0.01,1e-06,103322828,20.343,24.153,1.0,29.263,1.0,29.477,1.0,29.433,1.0,27.683,1.0,29.32,1.0
"U(0.001,0.01), eps=1e-06",0.001,0.01,1e-06,181347259,26.567,32.417,1.0,37.557,1.0,37.633,1.0,37.64,1.0,36.01,1.0,38.23,1.0
"U(0.001,0.01), eps=1e-06",0.001,0.01,1e-06,318291990,34.563,42.297,1.0,48.463,1.0,48.847,1.0,48.877,1.0,46.317,1.0,48.503,1.0
"U(0.001,0.01), eps=1e-06",0.001,0.01,1e-06,558650796,44.457,54.29,1.0,60.607,1.0,60.813,1.0,60.773,1.0,58.53,1.0,60.037,1.0
"U(0.001,0.01), eps=1e-06",0.001,0.01,1e-06,980517014,56.353,67.157,1.0,72.98,1.0,72.897,1.0,72.9,1.0,72.873,1.0,72.603,1.0
"U(0.001,0.01), eps=1e-06",0.001,0.01,1e-06,1720956316,70.11,79.307,1.0,84.277,1.0,84.2,1.0,84.207,1.0,84.293,1.0,84.177,1.0
"U(0.001,0.01), eps=1e-06",0.001,0.01,1e-06,3020539774,83.183,89.977,1.0,92.753,1.0,92.797,1.0,92.787,1.0,92.56,1.0,92.973,1.0
"U(0.001,0.01), eps=1e-06",0.001,0.01,1e-06,5301506168,93.193,96.757,1.0,97.817,1.0,97.713,1.0,97.71,1.0,97.72,1.0,97.89,1.0
"U(0.01,0.1), eps=1e-07",0.01,0.1,1e-07,130449649394,22.347,29.803,1.0,32.83,1.0,33.107,1.0,33.103,1.0,32.487,1.0,33.277,1.0
"U(0.01,0.1), eps=1e-07",0.01,0.1,1e-07,228958951938,29.24,38.07,1.0,42.533,1.0,42.453,1.0,42.437,1.0,42.437,1.0,42.76,1.0
"U(0.01,0.1), eps=1e-07",0.01,0.1,1e-07,401857742938,37.587,48.837,1.0,53.647,1.0,53.363,1.0,53.357,1.0,53.353,1.0,53.743,1.0
"U(0.01,0.1), eps=1e-07",0.01,0.1,1e-07,705321387051,48.347,61.247,1.0,65.5,1.0,65.447,1.0,65.443,1.0,66.107,1.0,64.757,1.0
"U(0.01,0.1), eps=1e-07",0.01,0.1,1e-07,1237946183132,60.847,73.73,1.0,78.12,1.0,77.527,1.0,77.523,1.0,77.75,1.0,77.26,1.0
"U(0.01,0.1), eps=1e-07",0.01,0.1,1e-07,2172783613919,74.503,85.237,1.0,88.213,1.0,87.557,1.0,87.56,1.0,88.09,1.0,87.713,1.0
"U(0.01,0.1), eps=1e-07",0.01,0.1,1e-07,3813565320723,87.037,93.38,1.0,95.257,1.0,94.81,1.0,94.813,1.0,95.033,1.0,95.123,1.0
"U(0.001,0.01), eps=1e-07",0.001,0.01,1e-07,8565605095,18.627,23.277,1.0,26.767,1.0,27.573,1.0,27.637,1.0,25.127,1.0,26.69,1.0
"U(0.001,0.01), eps=1e-07",0.001,0.01,1e-07,15033938186,24.36,30.533,1.0,34.907,1.0,35.65,1.0,35.43,1.0,33.3,1.0,35.117,1.0
"U(0.001,0.01), eps=1e-07",0.001,0.01,1e-07,26386845396,31.837,39.28,1.0,44.99,1.0,44.003,1.0,43.983,1.0,44.987,1.0,44.663,1.0
"U(0.001,0.01), eps=1e-07",0.001,0.01,1e-07,46312922226,40.933,50.067,1.0,56.467,1.0,56.683,1.0,56.683,1.0,56.133,1.0,56.407,1.0
"U(0.001,0.01), eps=1e-07",0.001,0.01,1e-07,81286214132,52.253,62.677,1.0,69.217,1.0,69.207,1.0,69.213,1.0,69.08,1.0,69.407,1.0
"U(0.001,0.01), eps=1e-07",0.001,0.01,1e-07,142669654393,65.577,75.697,1.0,81.007,1.0,80.65,1.0,80.89,1.0,80.667,1.0,80.577,1.0
"U(0.001,0.01), eps=1e-07",0.001,0.01,1e-07,250406917112,79.09,86.683,1.0,90.867,1.0,90.38,1.0,90.383,1.0,90.47,1.0,90.513,1.0
"U(0.001,0.01), eps=1e-07",0.001,0.01,1e-07,439502180084,90.333,95.203,1.0,96.683,1.0,96.387,1.0,96.387,1.0,96.357,1.0,96.337,1.0
"U(0.01,0.1), eps=1e-08",0.01,0.1,1e-08,10814456019797,20.373,27.45,1.0,30.36,1.0,30.15,1.0,30.147,1.0,29.917,1.0,30.657,1.0
"U(0.01,0.1), eps=1e-08",0.01,0.1,1e-08,18981013192192,26.563,34.933,1.0,39.0,1.0,39.147,1.0,39.147,1.0,39.003,1.0,39.463,1.0
"U(0.01,0.1), eps=1e-08",0.01,0.1,1e-08,33314561651797,34.603,45.16,1.0,49.777,1.0,49.5,1.0,49.507,1.0,49.337,1.0,49.89,1.0
"U(0.01,0.1), eps=1e-08",0.01,0.1,1e-08,58472116678571,44.47,56.547,1.0,61.217,1.0,61.193,1.0,61.203,1.0,61.51,1.0,60.6,1.0
"U(0.01,0.1), eps=1e-08",0.01,0.1,1e-08,102627447559047,56.387,69.697,1.0,74.107,1.0,73.213,1.0,73.21,1.0,74.02,1.0,73.397,1.0
"U(0.01,0.1), eps=1e-08",0.01,0.1,1e-08,180126761108769,70.12,81.35,1.0,84.737,1.0,84.583,1.0,84.583,1.0,84.917,1.0,84.433,1.0
"U(0.01,0.1), eps=1e-08",0.01,0.1,1e-08,316149829692175,83.21,91.073,1.0,93.297,1.0,92.993,1.0,92.993,1.0,93.12,1.0,93.067,1.0
"U(0.01,0.1), eps=1e-08",0.01,0.1,1e-08,554890978992489,93.223,96.51,1.0,98.033,1.0,97.66,1.0,97.66,1.0,97.953,1.0,98.003,1.0
"U(0.001,0.01), eps=1e-08",0.001,0.01,1e-08,1246334229887,22.343,27.85,1.0,32.07,1.0,32.51,1.0,32.5,1.0,30.547,1.0,32.307,1.0
"U(0.001,0.01), eps=1e-08",0.001,0.01,1e-08,2187505910242,29.237,36.023,1.0,41.51,1.0,41.663,1.0,41.647,1.0,41.47,1.0,41.14,1.0
"U(0.001,0.01), eps=1e-08",0.001,0.01,1e-08,3839405187307,37.58,46.25,1.0,52.73,1.0,52.747,1.0,52.73,1.0,52.25,1.0,52.88,1.0
"U(0.001,0.01), eps=1e-08",0.001,0.01,1e-08,6738739366737,48.337,58.867,1.0,64.707,1.0,64.897,1.0,64.893,1.0,64.927,1.0,64.397,1.0
"U(0.001,0.01), eps=1e-08",0.001,0.01,1e-08,11827511303817,60.837,71.18,1.0,77.193,1.0,77.003,1.0,77.0,1.0,77.187,1.0,76.897,1.0
"U(0.001,0.01), eps=1e-08",0.001,0.01,1e-08,20759079113881,74.5,83.337,1.0,87.68,1.0,87.307,1.0,87.3,1.0,87.713,1.0,87.033,1.0
"U(0.001,0.01), eps=1e-08",0.001,0.01,1e-08,36435337459140,87.04,93.06,1.0,94.913,1.0,94.65,1.0,94.643,1.0,95.077,1.0,95.023,1.0
"U(0.001,0.1), eps=1e-04",0.001,0.1,0.0001,89653,18.36,19.577,0.9999,27.923,0.9997,27.817,0.9997,27.83,0.9997,28.053,0.9997,28.1,0.9997
"U(0.001,0.1), eps=1e-04",0.001,0.1,0.0001,157355,24.313,28.003,0.9999,36.777,0.9998,37.137,0.9998,37.133,0.9998,37.18,0.9998,37.193,0.9998
"U(0.001,0.1), eps=1e-04",0.001,0.1,0.0001,276182,31.723,37.223,0.9999,45.873,0.9999,46.91,0.9999,46.79,0.9999,47.597,0.9999,47.597,0.9999
"U(0.001,0.1), eps=1e-04",0.001,0.1,0.0001,484741,40.84,48.68,1.0,58.663,0.9999,58.26,1.0,58.767,0.9999,58.707,0.9999,58.77,0.9999
"U(0.001,0.1), eps=1e-04",0.001,0.1,0.0001,850795,52.193,59.95,1.0,70.24,1.0,70.57,1.0,70.577,1.0,70.563,1.0,70.177,1.0
"U(0.001,0.1), eps=1e-04",0.001,0.1,0.0001,1493275,65.503,74.027,1.0,82.747,1.0,82.18,1.0,82.197,1.0,82.18,1.0,82.197,1.0
"U(0.001,0.1), eps=1e-04",0.001,0.1,0.0001,2620925,79.057,85.963,1.0,91.04,1.0,90.757,1.0,91.087,1.0,90.757,1.0,91.087,1.0
"U(0.001,0.1), eps=1e-04",0.001,0.1,0.0001,4600122,90.267,93.88,1.0,96.89,1.0,96.71,1.0,96.7,1.0,96.597,1.0,96.61,1.0
"U(0.001,0.1), eps=1e-06",0.001,0.1,1e-06,1081445601,20.377,28.1,1.0,33.903,1.0,34.45,1.0,34.433,1.0,33.267,1.0,34.317,1.0
"U(0.001,0.1), eps=1e-06",0.001,0.1,1e-06,1898101319,26.587,36.7,1.0,42.693,1.0,43.42,1.0,43.42,1.0,42.52,1.0,43.44,1.0
"U(0.001,0.1), eps=1e-06",0.001,0.1,1e-06,3331456165,34.59,47.337,1.0,52.84,1.0,53.617,1.0,53.62,1.0,53.063,1.0,53.923,1.0
"U(0.001,0.1), eps=1e-06",0.001,0.1,1e-06,5847211667,44.447,58.737,1.0,64.42,1.0,64.577,1.0,64.597,1.0,64.353,1.0,64.613,1.0
"U(0.001,0.1), eps=1e-06",0.001,0.1,1e-06,10262744755,56.38,70.69,1.0,75.767,1.0,75.587,1.0,75.573,1.0,75.903,1.0,76.427,1.0
"U(0.001,0.1), eps=1e-06",0.001,0.1,1e-06,18012676110,70.123,82.14,1.0,85.387,1.0,86.023,1.0,86.03,1.0,86.387,1.0,86.627,1.0
"U(0.001,0.1), eps=1e-06",0.001,0.1,1e-06,31614982969,83.22,91.283,1.0,94.113,1.0,93.6,1.0,93.603,1.0,93.767,1.0,94.12,1.0
"U(0.0001,0.1), eps=1e-04",0.0001,0.1,0.0001,89653,18.357,20.237,0.9998,26.84,0.9997,26.943,0.9997,27.577,0.9997,28.21,0.9997,28.31,0.9997
"U(0.0001,0.1), eps=1e-04",0.0001,0.1,0.0001,157355,24.12,26.5,0.9999,36.743,0.9998,37.007,0.9996,37.163,0.9998,37.36,0.9999,37.64,0.9998
"U(0.0001,0.1), eps=1e-04",0.0001,0.1,0.0001,276182,31.59,37.707,0.9999,46.517,0.9999,47.343,0.9998,47.387,0.9999,47.68,0.9999,47.753,0.9999
"U(0.0001,0.1), eps=1e-04",0.0001,0.1,0.0001,484741,40.727,49.32,1.0,58.447,0.9999,58.88,0.9999,58.907,0.9999,59.107,1.0,59.157,0.9999
"U(0.0001,0.1), eps=1e-04",0.0001,0.1,0.0001,850795,52.003,61.17,1.0,70.57,1.0,71.087,0.9999,71.12,1.0,71.233,1.0,71.227,1.0
"U(0.0001,0.1), eps=1e-04",0.0001,0.1,0.0001,1493275,65.547,72.89,1.0,82.29,1.0,82.12,1.0,82.103,1.0,82.207,1.0,82.17,1.0
"U(0.0001,0.1), eps=1e-04",0.0001,0.1,0.0001,2620925,79.087,85.887,1.0,90.333,1.0,91.087,1.0,91.08,1.0,91.117,1.0,91.11,1.0
"U(0.0001,0.1), eps=1e-04",0.0001,0.1,0.0001,4600122,90.237,93.25,1.0,97.013,1.0,96.633,1.0,96.63,1.0,96.65,1.0,96.64,1.0
"U(0.0001,0.1), eps=1e-06",0.0001,0.1,1e-06,1081445601,20.353,28.623,1.0,34.223,1.0,34.0,1.0,34.987,1.0,34.99,1.0,34.987,1.0
"U(0.0001,0.1), eps=1e-06",0.0001,0.1,1e-06,1898101319,26.577,36.843,1.0,42.777,1.0,43.84,1.0,43.83,1.0,43.84,1.0,43.83,1.0
"U(0.0001,0.1), eps=1e-06",0.0001,0.1,1e-06,3331456165,34.603,47.223,1.0,53.517,1.0,53.067,1.0,53.103,1.0,52.407,1.0,52.697,1.0
"U(0.0001,0.1), eps=1e-06",0.0001,0.1,1e-06,5847211667,44.453,58.57,1.0,65.55,1.0,64.977,1.0,64.97,1.0,64.237,1.0,62.617,1.0
"U(0.0001,0.1), eps=1e-06",0.0001,0.1,1e-06,10262744755,56.387,70.547,1.0,76.613,1.0,75.843,1.0,75.847,1.0,75.727,1.0,75.33,1.0
"U(0.0001,0.1), eps=1e-06",0.0001,0.1,1e-06,18012676110,70.137,81.36,1.0,86.23,1.0,86.197,1.0,86.203,1.0,86.033,1.0,85.617,1.0
"U(0.0001,0.1), eps=1e-06",0.0001,0.1,1e-06,31614982969,83.223,91.623,1.0,93.787,1.0,93.69,1.0,93.797,1.0,93.783,1.0,93.723,1.0
"U(0.0001,0.01), eps=1e-04",0.0001,0.01,0.0001,8565,16.823,14.513,0.9899,17.633,0.9798,15.613,0.9641,16.247,0.9843,17.597,0.9689,17.797,0.9834
"U(0.0001,0.01), eps=1e-04",0.0001,0.01,0.0001,15033,22.283,21.267,0.9927,25.987,0.9886,24.443,0.983,24.663,0.9896,27.323,0.9913,27.44,0.991
"U(0.0001,0.01), eps=1e-04",0.0001,0.01,0.0001,26386,30.107,28.72,0.9976,35.313,0.9924,35.243,0.9935,33.07,0.9916,38.313,0.995,38.083,0.9945
"U(0.0001,0.01), eps=1e-04",0.0001,0.01,0.0001,46312,39.867,38.857,0.9979,48.56,0.996,47.12,0.9951,46.867,0.9968,49.903,0.9966,49.8,0.9964
"U(0.0001,0.01), eps=1e-04",0.0001,0.01,0.0001,81286,51.333,51.673,0.9988,61.643,0.9976,61.81,0.9977,61.667,0.9977,63.773,0.9977,63.813,0.9973
"U(0.0001,0.01), eps=1e-04",0.0001,0.01,0.0001,142669,64.963,65.79,0.9992,75.96,0.9987,75.293,0.9974,75.883,0.9986,76.483,0.9985,76.593,0.9988
"U(0.0001,0.01), eps=1e-04",0.0001,0.01,0.0001,250406,78.473,79.797,0.9995,87.173,0.9993,87.163,0.9992,87.25,0.9993,87.857,0.9992,87.977,0.9992
"U(0.0001,0.01), eps=1e-04",0.0001,0.01,0.0001,439502,89.9,91.673,0.9997,95.22,0.9996,94.787,0.9996,94.603,0.9995,95.34,0.9996,94.85,0.9995
"U(0.0001,0.01), eps=1e-06",0.0001,0.01,1e-06,85656050,18.567,22.84,1.0,30.04,1.0,30.203,1.0,30.24,1.0,30.56,1.0,30.667,1.0
"U(0.0001,0.01), eps=1e-06",0.0001,0.01,1e-06,150339381,24.387,30.037,1.0,38.007,1.0,39.013,1.0,38.963,1.0,39.053,1.0,38.837,1.0
"U(0.0001,0.01), eps=1e-06",0.0001,0.01,1e-06,263868453,31.787,39.207,1.0,48.09,1.0,49.02,1.0,48.997,1.0,48.867,1.0,48.67,1.0
"U(0.0001,0.01), eps=1e-06",0.0001,0.01,1e-06,463129222,40.893,50.54,1.0,59.557,1.0,59.597,1.0,59.637,1.0,59.503,1.0,60.023,1.0
"U(0.0001,0.01), eps=1e-06",0.0001,0.01,1e-06,812862141,52.233,63.31,1.0,71.173,1.0,71.74,1.0,71.677,1.0,70.25,1.0,71.31,1.0
"U(0.0001,0.01), eps=1e-06",0.0001,0.01,1e-06,1426696543,65.523,76.177,1.0,81.973,1.0,82.437,1.0,82.607,1.0,81.407,1.0,82.147,1.0
"U(0.0001,0.01), eps=1e-06",0.0001,0.01,1e-06,2504069171,79.063,86.353,1.0,90.967,1.0,91.25,1.0,91.29,1.0,90.86,1.0,91.34,1.0
"U(0.0001,0.01), eps=1e-06",0.0001,0.01,1e-06,4395021800,90.28,94.723,1.0,96.727,1.0,96.747,1.0,96.747,1.0,96.563,1.0,96.873,1.0
"U(0.005,0.05), eps=1e-04",0.005,0.05,0.0001,63120,22.107,23.2,0.9995,28.737,0.9995,28.553,0.9994,28.407,0.9994,25.757,0.9995,26.187,0.9995
"U(0.005,0.05), eps=1e-04",0.005,0.05,0.0001,110786,28.837,33.11,0.9997,36.76,0.9997,38.27,0.9997,37.46,0.9997,36.773,0.9997,37.197,0.9997
"U(0.005,0.05), eps=1e-04",0.005,0.05,0.0001,194447,37.507,42.97,0.9998,49.53,0.9998,49.21,0.9998,49.66,0.9998,45.577,0.9998,49.52,0.9998
"U(0.005,0.05), eps=1e-04",0.005,0.05,0.0001,341284,48.057,54.58,0.9999,62.193,0.9999,62.5,0.9999,62.453,0.9999,57.47,0.9999,63.157,0.9999
"U(0.005,0.05), eps=1e-04",0.005,0.05,0.0001,599006,60.803,69.453,0.9999,74.85,0.9999,74.367,0.9999,74.333,0.9999,71.01,0.9999,75.813,0.9999
"U(0.005,0.05), eps=1e-04",0.005,0.05,0.0001,1051346,74.44,82.02,1.0,86.467,1.0,85.64,1.0,85.657,1.0,84.123,1.0,86.823,1.0
"U(0.005,0.05), eps=1e-04",0.005,0.05,0.0001,1845273,86.92,91.413,1.0,94.363,1.0,94.317,1.0,94.333,1.0,93.2,1.0,94.483,1.0
"U(0.005,0.05), eps=1e-06",0.005,0.05,1e-06,433806451,18.617,23.877,1.0,27.187,1.0,27.347,1.0,27.357,1.0,26.697,1.0,27.303,1.0
"U(0.005,0.05), eps=1e-06",0.005,0.05,1e-06,761396224,24.35,31.3,1.0,34.65,1.0,35.657,1.0,35.633,1.0,34.613,1.0,35.517,1.0
"U(0.005,0.05), eps=1e-06",0.005,0.05,1e-06,1336366041,31.85,40.723,1.0,45.33,1.0,45.49,1.0,45.43,1.0,44.51,1.0,45.487,1.0
"U(0.005,0.05), eps=1e-06",0.005,0.05,1e-06,2345525415,40.957,52.22,1.0,56.493,1.0,57.047,1.0,57.043,1.0,56.22,1.0,57.263,1.0
"U(0.005,0.05), eps=1e-06",0.005,0.05,1e-06,4116753425,52.27,64.013,1.0,69.3,1.0,69.287,1.0,69.27,1.0,68.443,1.0,68.527,1.0
"U(0.005,0.05), eps=1e-06",0.005,0.05,1e-06,7225527657,65.593,76.34,1.0,81.017,1.0,80.82,1.0,80.827,1.0,80.917,1.0,81.04,1.0
"U(0.005,0.05), eps=1e-06",0.005,0.05,1e-06,12681898705,79.087,87.007,1.0,90.323,1.0,90.423,1.0,90.427,1.0,90.667,1.0,89.807,1.0
"U(0.005,0.05), eps=1e-06",0.005,0.05,1e-06,22258658797,90.34,95.097,1.0,96.407,1.0,96.437,1.0,96.437,1.0,96.713,1.0,96.813,1.0
"U(0.0001,0.001), eps=1e-04",0.0001,0.001,0.0001,43950,86.243,72.15,0.9875,76.447,0.9728,53.517,0.9542,56.357,0.9648,56.107,0.9614,56.357,0.9648
"U(0.0001,0.001), eps=1e-04",0.0001,0.001,0.0001,77139,95.647,90.023,0.9929,92.853,0.9869,88.837,0.985,89.293,0.9844,91.51,0.9882,91.19,0.9861
"U(0.0001,0.001), eps=1e-06",0.0001,0.001,1e-06,8565605,18.31,18.47,0.9999,24.09,0.9998,24.967,0.9998,25.063,0.9998,21.253,0.9998,23.453,0.9998
"U(0.0001,0.001), eps=1e-06",0.0001,0.001,1e-06,15033938,24.293,24.13,0.9999,31.423,0.9999,33.163,0.9999,33.077,0.9999,31.137,0.9999,32.467,0.9999
"U(0.0001,0.001), eps=1e-06",0.0001,0.001,1e-06,26386845,31.713,31.657,1.0,41.663,0.9999,43.223,0.9999,43.293,0.9999,38.627,0.9999,42.31,0.9999
"U(0.0001,0.001), eps=1e-06",0.0001,0.001,1e-06,46312922,40.703,41.783,1.0,53.14,1.0,54.737,1.0,54.82,1.0,49.93,1.0,54.473,1.0
"U(0.0001,0.001), eps=1e-06",0.0001,0.001,1e-06,81286214,52.12,54.883,1.0,66.963,1.0,67.35,1.0,67.53,1.0,63.023,1.0,67.91,1.0
"U(0.0001,0.001), eps=1e-06",0.0001,0.001,1e-06,142669654,65.28,68.59,1.0,79.52,1.0,78.277,1.0,79.78,1.0,76.75,1.0,79.357,1.0
"U(0.0001,0.001), eps=1e-06",0.0001,0.001,1e-06,250406917,79.003,81.883,1.0,89.837,1.0,89.95,1.0,89.9,1.0,87.997,1.0,89.673,1.0
"U(0.0001,0.001), eps=1e-06",0.0001,0.001,1e-06,439502180,90.29,92.19,1.0,96.3,1.0,96.103,1.0,96.04,1.0,95.343,1.0,96.177,1.0
"U(1e-05,0.01), eps=1e-05",1e-05,0.01,1e-05,1033228,20.12,22.543,0.9999,30.113,0.9996,29.847,0.9992,30.127,0.9997,30.48,0.9996,30.683,0.9997
"U(1e-05,0.01), eps=1e-05",1e-05,0.01,1e-05,1813472,26.45,29.6,0.9999,37.97,0.9998,39.12,0.9999,39.017,0.9999,39.563,0.9999,39.64,0.9998
"U(1e-05,0.01), eps=1e-05",1e-05,0.01,1e-05,3182919,34.203,38.62,1.0,50.033,0.9999,50.36,0.9997,50.547,0.9999,50.653,0.9999,50.763,0.9999
"U(1e-05,0.01), eps=1e-05",1e-05,0.01,1e-05,5586507,44.2,49.9,1.0,61.273,1.0,62.197,0.9999,62.113,0.9999,62.313,1.0,62.293,0.9999
"U(1e-05,0.01), eps=1e-05",1e-05,0.01,1e-05,9805170,56.34,62.793,1.0,73.677,1.0,74.327,1.0,74.233,1.0,74.44,1.0,74.337,1.0
"U(1e-05,0.01), eps=1e-05",1e-05,0.01,1e-05,17209563,69.72,76.193,1.0,83.757,1.0,85.103,1.0,85.187,1.0,85.163,1.0,85.247,1.0
"U(1e-05,0.01), eps=1e-05",1e-05,0.01,1e-05,30205397,83.113,87.72,1.0,93.023,1.0,93.023,1.0,93.067,1.0,93.06,1.0,93.097,1.0
"U(1e-05,0.01), eps=1e-05",1e-05,0.01,1e-05,53015061,93.16,95.62,1.0,97.763,1.0,97.713,1.0,97.67,1.0,97.727,1.0,97.67,1.0
