setting,budget,m200_rate
"U(0.01,0.1), eps=1e-03",896,0.0
"U(0.01,0.1), eps=1e-03",1081,0.0
"U(0.01,0.1), eps=1e-03",1304,0.0
"U(0.01,0.1), eps=1e-03",1573,0.0
"U(0.01,0.1), eps=1e-03",1898,0.0
"U(0.01,0.1), eps=1e-03",2289,0.0
"U(0.01,0.1), eps=1e-03",2761,0.0
"U(0.01,0.1), eps=1e-03",3331,5.077
"U(0.01,0.1), eps=1e-03",4018,22.047
"U(0.01,0.1), eps=1e-03",4847,32.748
"U(0.01,0.1), eps=1e-03",5847,41.363
"U(0.01,0.1), eps=1e-03",7053,48.685
"U(0.01,0.1), eps=1e-03",8507,55.937
"U(0.01,0.1), eps=1e-03",10262,62.742
"U(0.01,0.1), eps=1e-03",12379,68.297
"U(0.01,0.1), eps=1e-03",14932,73.995
"U(0.01,0.1), eps=1e-03",18012,78.917
"U(0.01,0.1), eps=1e-03",21727,83.415
"U(0.01,0.1), eps=1e-03",26209,87.105
"U(0.01,0.1), eps=1e-03",31614,90.617
"U(0.01,0.1), eps=1e-03",38135,93.335
"U(0.01,0.1), eps=1e-03",46001,95.395
"U(0.01,0.1), eps=1e-03",55489,97.002
"U(0.01,0.1), eps=1e-03",66933,98.188
"U(0.01,0.1), eps=1e-03",80739,99.013
"U(0.01,0.1), eps=1e-03",97391,99.508
"U(0.001,0.01), eps=1e-03",3643,0.0
"U(0.001,0.01), eps=1e-03",4395,0.0
"U(0.001,0.01), eps=1e-03",5301,0.0
"U(0.001,0.01), eps=1e-03",6394,0.0
"U(0.001,0.01), eps=1e-03",7713,0.0
"U(0.001,0.01), eps=1e-03",9304,0.0
"U(0.001,0.01), eps=1e-03",11224,0.0
"U(0.001,0.01), eps=1e-03",13539,0.0
"U(0.001,0.01), eps=1e-03",16331,0.0
"U(0.01,0.1), eps=1e-04",89653,25.483
"U(0.01,0.1), eps=1e-04",108144,28.24
"U(0.01,0.1), eps=1e-04",130449,31.012
"U(0.01,0.1), eps=1e-04",157355,33.837
"U(0.01,0.1), eps=1e-04",189810,36.712
"U(0.01,0.1), eps=1e-04",228958,40.117
"U(0.01,0.1), eps=1e-04",276182,43.378
"U(0.01,0.1), eps=1e-04",333145,46.985
"U(0.01,0.1), eps=1e-04",401857,50.565
"U(0.01,0.1), eps=1e-04",484741,54.455
"U(0.01,0.1), eps=1e-04",584721,58.36
"U(0.01,0.1), eps=1e-04",705321,62.83
"U(0.01,0.1), eps=1e-04",850795,67.05
"U(0.01,0.1), eps=1e-04",1026274,71.305
"U(0.01,0.1), eps=1e-04",1237946,75.332
"U(0.01,0.1), eps=1e-04",1493275,79.407
"U(0.01,0.1), eps=1e-04",1801267,82.985
"U(0.01,0.1), eps=1e-04",2172783,86.177
"U(0.01,0.1), eps=1e-04",2620925,89.26
"U(0.01,0.1), eps=1e-04",3161498,91.938
"U(0.01,0.1), eps=1e-04",3813565,94.053
"U(0.01,0.1), eps=1e-04",4600122,96.0
"U(0.01,0.1), eps=1e-04",5548909,97.395
"U(0.01,0.1), eps=1e-04",6693386,98.395
"U(0.01,0.1), eps=1e-04",8073914,99.09
"U(0.001,0.01), eps=1e-04",8565,0.0
"U(0.001,0.01), eps=1e-04",10332,0.0
"U(0.001,0.01), eps=1e-04",12463,0.0
"U(0.001,0.01), eps=1e-04",15033,0.0
"U(0.001,0.01), eps=1e-04",18134,0.0
"U(0.001,0.01), eps=1e-04",21875,0.0
"U(0.001,0.01), eps=1e-04",26386,0.0
"U(0.001,0.01), eps=1e-04",31829,2.19
"U(0.001,0.01), eps=1e-04",38394,14.492
"U(0.001,0.01), eps=1e-04",46312,28.025
"U(0.001,0.01), eps=1e-04",55865,37.615
"U(0.001,0.01), eps=1e-04",67387,45.883
"U(0.001,0.01), eps=1e-04",81286,53.435
"U(0.001,0.01), eps=1e-04",98051,60.42
"U(0.001,0.01), eps=1e-04",118275,66.547
"U(0.001,0.01), eps=1e-04",142669,72.297
"U(0.001,0.01), eps=1e-04",172095,77.455
"U(0.001,0.01), eps=1e-04",207590,82.157
"U(0.001,0.01), eps=1e-04",250406,86.13
"U(0.001,0.01), eps=1e-04",302053,89.785
"U(0.001,0.01), eps=1e-04",364353,92.5
"U(0.001,0.01), eps=1e-04",439502,94.802
"U(0.001,0.01), eps=1e-04",530150,96.713
"U(0.001,0.01), eps=1e-04",639495,97.898
"U(0.001,0.01), eps=1e-04",771393,98.77
"U(0.001,0.01), eps=1e-04",930494,99.315
"U(0.01,0.1), eps=1e-05",8965333,25.622
"U(0.01,0.1), eps=1e-05",10814456,28.078
"U(0.01,0.1), eps=1e-05",13044964,30.617
"U(0.01,0.1), eps=1e-05",15735521,33.55
"U(0.01,0.1), eps=1e-05",18981013,36.45
"U(0.01,0.1), eps=1e-05",22895895,39.51
"U(0.01,0.1), eps=1e-05",27618231,42.977
"U(0.01,0.1), eps=1e-05",33314561,46.653
"U(0.01,0.1), eps=1e-05",40185774,50.505
"U(0.01,0.1), eps=1e-05",48474191,54.41
"U(0.01,0.1), eps=1e-05",58472116,58.517
"U(0.01,0.1), eps=1e-05",70532138,62.785
"U(0.01,0.1), eps=1e-05",85079570,67.065
"U(0.01,0.1), eps=1e-05",102627447,71.167
"U(0.01,0.1), eps=1e-05",123794618,75.225
"U(0.01,0.1), eps=1e-05",149327571,79.315
"U(0.01,0.1), eps=1e-05",180126761,83.06
"U(0.01,0.1), eps=1e-05",217278361,86.325
"U(0.01,0.1), eps=1e-05",262092573,89.295
"U(0.01,0.1), eps=1e-05",316149829,91.96
"U(0.01,0.1), eps=1e-05",381356532,94.075
"U(0.01,0.1), eps=1e-05",460012281,96.022
"U(0.01,0.1), eps=1e-05",554890978,97.427
"U(0.01,0.1), eps=1e-05",669338647,98.37
"U(0.01,0.1), eps=1e-05",807391437,99.087
"U(0.001,0.01), eps=1e-05",856560,25.145
"U(0.001,0.01), eps=1e-05",1033228,27.52
"U(0.001,0.01), eps=1e-05",1246334,30.41
"U(0.001,0.01), eps=1e-05",1503393,33.057
"U(0.001,0.01), eps=1e-05",1813472,36.112
"U(0.001,0.01), eps=1e-05",2187505,39.203
"U(0.001,0.01), eps=1e-05",2638684,42.773
"U(0.001,0.01), eps=1e-05",3182919,46.48
"U(0.001,0.01), eps=1e-05",3839405,50.118
"U(0.001,0.01), eps=1e-05",4631292,53.843
"U(0.001,0.01), eps=1e-05",5586507,57.797
"U(0.001,0.01), eps=1e-05",6738739,62.19
"U(0.001,0.01), eps=1e-05",8128621,66.343
"U(0.001,0.01), eps=1e-05",9805170,70.64
"U(0.001,0.01), eps=1e-05",11827511,74.785
"U(0.001,0.01), eps=1e-05",14266965,78.76
"U(0.001,0.01), eps=1e-05",17209563,82.453
"U(0.001,0.01), eps=1e-05",20759079,85.775
"U(0.001,0.01), eps=1e-05",25040691,88.938
"U(0.001,0.01), eps=1e-05",30205397,91.54
"U(0.001,0.01), eps=1e-05",36435337,93.82
"U(0.001,0.01), eps=1e-05",43950218,95.805
"U(0.001,0.01), eps=1e-05",53015061,97.225
"U(0.001,0.01), eps=1e-05",63949552,98.335
"U(0.001,0.01), eps=1e-05",77139309,99.03
"U(0.01,0.1), eps=1e-06",896533333,25.677
"U(0.01,0.1), eps=1e-06",1081445601,28.1
"U(0.01,0.1), eps=1e-06",1304496493,30.69
"U(0.01,0.1), eps=1e-06",1573552196,33.61
"U(0.01,0.1), eps=1e-06",1898101319,36.535
"U(0.01,0.1), eps=1e-06",2289589519,39.455
"U(0.01,0.1), eps=1e-06",2761823151,42.945
"U(0.01,0.1), eps=1e-06",3331456165,46.66
"U(0.01,0.1), eps=1e-06",4018577429,50.532
"U(0.01,0.1), eps=1e-06",4847419193,54.473
"U(0.01,0.1), eps=1e-06",5847211667,58.505
"U(0.01,0.1), eps=1e-06",7053213870,62.74
"U(0.01,0.1), eps=1e-06",8507957079,67.0
"U(0.01,0.1), eps=1e-06",10262744755,71.14
"U(0.01,0.1), eps=1e-06",12379461831,75.16
"U(0.01,0.1), eps=1e-06",14932757159,79.255
"U(0.01,0.1), eps=1e-06",18012676110,82.985
"U(0.01,0.1), eps=1e-06",21727836139,86.252
"U(0.01,0.1), eps=1e-06",26209257324,89.243
"U(0.01,0.1), eps=1e-06",31614982969,91.9
"U(0.01,0.1), eps=1e-06",38135653207,94.037
"U(0.01,0.1), eps=1e-06",46001228182,96.008
"U(0.01,0.1), eps=1e-06",55489097899,97.415
"U(0.01,0.1), eps=1e-06",66933864754,98.38
"U(0.01,0.1), eps=1e-06",80739143733,99.087
"U(0.001,0.01), eps=1e-06",85656050,25.335
"U(0.001,0.01), eps=1e-06",103322828,27.675
"U(0.001,0.01), eps=1e-06",124633422,30.283
"U(0.001,0.01), eps=1e-06",150339381,33.065
"U(0.001,0.01), eps=1e-06",181347259,36.005
"U(0.001,0.01), eps=1e-06",218750591,39.035
"U(0.001,0.01), eps=1e-06",263868453,42.402
"U(0.001,0.01), eps=1e-06",318291990,46.037
"U(0.001,0.01), eps=1e-06",383940518,49.895
"U(0.001,0.01), eps=1e-06",463129222,53.822
"U(0.001,0.01), eps=1e-06",558650796,57.93
"U(0.001,0.01), eps=1e-06",673873936,62.142
"U(0.001,0.01), eps=1e-06",812862141,66.448
"U(0.001,0.01), eps=1e-06",980517014,70.557
"U(0.001,0.01), eps=1e-06",1182751130,74.585
"U(0.001,0.01), eps=1e-06",1426696543,78.725
"U(0.001,0.01), eps=1e-06",1720956316,82.42
"U(0.001,0.01), eps=1e-06",2075907911,85.845
"U(0.001,0.01), eps=1e-06",2504069171,88.843
"U(0.001,0.01), eps=1e-06",3020539774,91.608
"U(0.001,0.01), eps=1e-06",3643533745,93.855
"U(0.001,0.01), eps=1e-06",4395021800,95.778
"U(0.001,0.01), eps=1e-06",5301506168,97.29
"U(0.001,0.01), eps=1e-06",6394955231,98.338
"U(0.001,0.01), eps=1e-06",7713930929,99.017
"U(0.01,0.1), eps=1e-07",89653333333,25.683
"U(0.01,0.1), eps=1e-07",108144560197,28.087
"U(0.01,0.1), eps=1e-07",130449649394,30.678
"U(0.01,0.1), eps=1e-07",157355219680,33.6
"U(0.01,0.1), eps=1e-07",189810131921,36.54
"U(0.01,0.1), eps=1e-07",228958951938,39.445
"U(0.01,0.1), eps=1e-07",276182315148,42.933
"U(0.01,0.1), eps=1e-07",333145616517,46.65
"U(0.01,0.1), eps=1e-07",401857742938,50.55
"U(0.01,0.1), eps=1e-07",484741919306,54.455
"U(0.01,0.1), eps=1e-07",584721166785,58.505
"U(0.01,0.1), eps=1e-07",705321387051,62.738
"U(0.01,0.1), eps=1e-07",850795707922,66.992
"U(0.01,0.1), eps=1e-07",1026274475590,71.135
"U(0.01,0.1), eps=1e-07",1237946183132,75.157
"U(0.01,0.1), eps=1e-07",1493275715983,79.232
"U(0.01,0.1), eps=1e-07",1801267611087,82.965
"U(0.01,0.1), eps=1e-07",2172783613919,86.25
"U(0.01,0.1), eps=1e-07",2620925732443,89.237
"U(0.01,0.1), eps=1e-07",3161498296921,91.892
"U(0.01,0.1), eps=1e-07",3813565320723,94.032
"U(0.01,0.1), eps=1e-07",4600122818216,96.005
"U(0.01,0.1), eps=1e-07",5548909789924,97.415
"U(0.01,0.1), eps=1e-07",6693386475420,98.38
"U(0.01,0.1), eps=1e-07",8073914373357,99.087
"U(0.001,0.01), eps=1e-07",8565605095,25.28
"U(0.001,0.01), eps=1e-07",10332282821,27.677
"U(0.001,0.01), eps=1e-07",12463342298,30.283
"U(0.001,0.01), eps=1e-07",15033938186,33.08
"U(0.001,0.01), eps=1e-07",18134725979,36.1
"U(0.001,0.01), eps=1e-07",21875059102,39.057
"U(0.001,0.01), eps=1e-07",26386845396,42.412
"U(0.001,0.01), eps=1e-07",31829199030,46.108
"U(0.001,0.01), eps=1e-07",38394051873,49.872
"U(0.001,0.01), eps=1e-07",46312922226,53.885
"U(0.001,0.01), eps=1e-07",55865079629,57.878
"U(0.001,0.01), eps=1e-07",67387393667,62.075
"U(0.001,0.01), eps=1e-07",81286214132,66.45
"U(0.001,0.01), eps=1e-07",98051701489,70.48
"U(0.001,0.01), eps=1e-07",118275113038,74.51
"U(0.001,0.01), eps=1e-07",142669654393,78.625
"U(0.001,0.01), eps=1e-07",172095631632,82.388
"U(0.001,0.01), eps=1e-07",207590791138,85.808
"U(0.001,0.01), eps=1e-07",250406917112,88.818
"U(0.001,0.01), eps=1e-07",302053977412,91.562
"U(0.001,0.01), eps=1e-07",364353374591,93.787
"U(0.001,0.01), eps=1e-07",439502180084,95.757
"U(0.001,0.01), eps=1e-07",530150616871,97.267
"U(0.001,0.01), eps=1e-07",639495523129,98.34
"U(0.001,0.01), eps=1e-07",771393092995,99.017
"U(0.01,0.1), eps=1e-08",8965333333333,25.67
"U(0.01,0.1), eps=1e-08",10814456019797,28.085
"U(0.01,0.1), eps=1e-08",13044964939485,30.675
"U(0.01,0.1), eps=1e-08",15735521968084,33.595
"U(0.01,0.1), eps=1e-08",18981013192192,36.535
"U(0.01,0.1), eps=1e-08",22895895193876,39.44
"U(0.01,0.1), eps=1e-08",27618231514879,42.938
"U(0.01,0.1), eps=1e-08",33314561651797,46.647
"U(0.01,0.1), eps=1e-08",40185774293819,50.545
"U(0.01,0.1), eps=1e-08",48474191930623,54.45
"U(0.01,0.1), eps=1e-08",58472116678571,58.503
"U(0.01,0.1), eps=1e-08",70532138705184,62.735
"U(0.01,0.1), eps=1e-08",85079570792251,66.99
"U(0.01,0.1), eps=1e-08",102627447559047,71.135
"U(0.01,0.1), eps=1e-08",123794618313287,75.15
"U(0.01,0.1), eps=1e-08",149327571598378,79.23
"U(0.01,0.1), eps=1e-08",180126761108769,82.957
"U(0.01,0.1), eps=1e-08",217278361391956,86.245
"U(0.01,0.1), eps=1e-08",262092573244382,89.237
"U(0.01,0.1), eps=1e-08",316149829692175,91.895
"U(0.01,0.1), eps=1e-08",381356532072333,94.032
"U(0.01,0.1), eps=1e-08",460012281821689,96.005
"U(0.01,0.1), eps=1e-08",554890978992489,97.415
"U(0.01,0.1), eps=1e-08",669338647542012,98.38
"U(0.01,0.1), eps=1e-08",807391437335714,99.087
"U(0.001,0.01), eps=1e-08",856560509554,25.295
"U(0.001,0.01), eps=1e-08",1033228282146,27.682
"U(0.001,0.01), eps=1e-08",1246334229887,30.285
"U(0.001,0.01), eps=1e-08",1503393818606,33.062
"U(0.001,0.01), eps=1e-08",1813472597980,36.1
"U(0.001,0.01), eps=1e-08",2187505910242,39.055
"U(0.001,0.01), eps=1e-08",2638684539638,42.42
"U(0.001,0.01), eps=1e-08",3182919903037,46.1
"U(0.001,0.01), eps=1e-08",3839405187307,49.87
"U(0.001,0.01), eps=1e-08",4631292222671,53.858
"U(0.001,0.01), eps=1e-08",5586507962920,57.883
"U(0.001,0.01), eps=1e-08",6738739366737,62.06
"U(0.001,0.01), eps=1e-08",8128621413272,66.443
"U(0.001,0.01), eps=1e-08",9805170148953,70.44
"U(0.001,0.01), eps=1e-08",11827511303817,74.492
"U(0.001,0.01), eps=1e-08",14266965439335,78.59
"U(0.001,0.01), eps=1e-08",17209563163258,82.373
"U(0.001,0.01), eps=1e-08",20759079113881,85.797
"U(0.001,0.01), eps=1e-08",25040691711246,88.805
"U(0.001,0.01), eps=1e-08",30205397741290,91.558
"U(0.001,0.01), eps=1e-08",36435337459140,93.787
"U(0.001,0.01), eps=1e-08",43950218008441,95.755
"U(0.001,0.01), eps=1e-08",53015061687180,97.265
"U(0.001,0.01), eps=1e-08",63949552312931,98.335
"U(0.001,0.01), eps=1e-08",77139309299590,99.02
"U(0.001,0.1), eps=1e-04",89653,27.5
"U(0.001,0.1), eps=1e-04",108144,30.257
"U(0.001,0.1), eps=1e-04",130449,33.212
"U(0.001,0.1), eps=1e-04",157355,36.337
"U(0.001,0.1), eps=1e-04",189810,39.492
"U(0.001,0.1), eps=1e-04",228958,42.99
"U(0.001,0.1), eps=1e-04",276182,46.308
"U(0.001,0.1), eps=1e-04",333145,50.11
"U(0.001,0.1), eps=1e-04",401857,53.458
"U(0.001,0.1), eps=1e-04",484741,57.442
"U(0.001,0.1), eps=1e-04",584721,61.31
"U(0.001,0.1), eps=1e-04",705321,65.483
"U(0.001,0.1), eps=1e-04",850795,69.58
"U(0.001,0.1), eps=1e-04",1026274,73.523
"U(0.001,0.1), eps=1e-04",1237946,77.485
"U(0.001,0.1), eps=1e-04",1493275,81.213
"U(0.001,0.1), eps=1e-04",1801267,84.312
"U(0.001,0.1), eps=1e-04",2172783,87.387
"U(0.001,0.1), eps=1e-04",2620925,90.183
"U(0.001,0.1), eps=1e-04",3161498,92.615
"U(0.001,0.1), eps=1e-04",3813565,94.675
"U(0.001,0.1), eps=1e-04",4600122,96.422
"U(0.001,0.1), eps=1e-04",5548909,97.65
"U(0.001,0.1), eps=1e-04",6693386,98.545
"U(0.001,0.1), eps=1e-04",8073914,99.192
"U(0.001,0.1), eps=1e-06",896533333,27.98
"U(0.001,0.1), eps=1e-06",1081445601,30.607
"U(0.001,0.1), eps=1e-06",1304496493,33.355
"U(0.001,0.1), eps=1e-06",1573552196,36.345
"U(0.001,0.1), eps=1e-06",1898101319,39.303
"U(0.001,0.1), eps=1e-06",2289589519,42.61
"U(0.001,0.1), eps=1e-06",2761823151,46.11
"U(0.001,0.1), eps=1e-06",3331456165,49.685
"U(0.001,0.1), eps=1e-06",4018577429,53.625
"U(0.001,0.1), eps=1e-06",4847419193,57.435
"U(0.001,0.1), eps=1e-06",5847211667,61.475
"U(0.001,0.1), eps=1e-06",7053213870,65.668
"U(0.001,0.1), eps=1e-06",8507957079,69.64
"U(0.001,0.1), eps=1e-06",10262744755,73.623
"U(0.001,0.1), eps=1e-06",12379461831,77.472
"U(0.001,0.1), eps=1e-06",14932757159,81.19
"U(0.001,0.1), eps=1e-06",18012676110,84.42
"U(0.001,0.1), eps=1e-06",21727836139,87.43
"U(0.001,0.1), eps=1e-06",26209257324,90.15
"U(0.001,0.1), eps=1e-06",31614982969,92.602
"U(0.001,0.1), eps=1e-06",38135653207,94.63
"U(0.001,0.1), eps=1e-06",46001228182,96.465
"U(0.001,0.1), eps=1e-06",55489097899,97.665
"U(0.001,0.1), eps=1e-06",66933864754,98.555
"U(0.001,0.1), eps=1e-06",80739143733,99.195
"U(0.0001,0.1), eps=1e-04",89653,27.32
"U(0.0001,0.1), eps=1e-04",108144,30.102
"U(0.0001,0.1), eps=1e-04",130449,33.163
"U(0.0001,0.1), eps=1e-04",157355,36.24
"U(0.0001,0.1), eps=1e-04",189810,39.405
"U(0.0001,0.1), eps=1e-04",228958,42.823
"U(0.0001,0.1), eps=1e-04",276182,46.192
"U(0.0001,0.1), eps=1e-04",333145,50.008
"U(0.0001,0.1), eps=1e-04",401857,53.485
"U(0.0001,0.1), eps=1e-04",484741,57.43
"U(0.0001,0.1), eps=1e-04",584721,61.415
"U(0.0001,0.1), eps=1e-04",705321,65.582
"U(0.0001,0.1), eps=1e-04",850795,69.685
"U(0.0001,0.1), eps=1e-04",1026274,73.638
"U(0.0001,0.1), eps=1e-04",1237946,77.565
"U(0.0001,0.1), eps=1e-04",1493275,81.28
"U(0.0001,0.1), eps=1e-04",1801267,84.422
"U(0.0001,0.1), eps=1e-04",2172783,87.572
"U(0.0001,0.1), eps=1e-04",2620925,90.24
"U(0.0001,0.1), eps=1e-04",3161498,92.597
"U(0.0001,0.1), eps=1e-04",3813565,94.683
"U(0.0001,0.1), eps=1e-04",4600122,96.415
"U(0.0001,0.1), eps=1e-04",5548909,97.65
"U(0.0001,0.1), eps=1e-04",6693386,98.56
"U(0.0001,0.1), eps=1e-04",8073914,99.205
"U(0.0001,0.1), eps=1e-06",896533333,28.263
"U(0.0001,0.1), eps=1e-06",1081445601,30.85
"U(0.0001,0.1), eps=1e-06",1304496493,33.665
"U(0.0001,0.1), eps=1e-06",1573552196,36.605
"U(0.0001,0.1), eps=1e-06",1898101319,39.655
"U(0.0001,0.1), eps=1e-06",2289589519,42.945
"U(0.0001,0.1), eps=1e-06",2761823151,46.332
"U(0.0001,0.1), eps=1e-06",3331456165,49.968
"U(0.0001,0.1), eps=1e-06",4018577429,53.938
"U(0.0001,0.1), eps=1e-06",4847419193,57.683
"U(0.0001,0.1), eps=1e-06",5847211667,61.723
"U(0.0001,0.1), eps=1e-06",7053213870,65.935
"U(0.0001,0.1), eps=1e-06",8507957079,69.87
"U(0.0001,0.1), eps=1e-06",10262744755,73.86
"U(0.0001,0.1), eps=1e-06",12379461831,77.63
"U(0.0001,0.1), eps=1e-06",14932757159,81.32
"U(0.0001,0.1), eps=1e-06",18012676110,84.557
"U(0.0001,0.1), eps=1e-06",21727836139,87.572
"U(0.0001,0.1), eps=1e-06",26209257324,90.22
"U(0.0001,0.1), eps=1e-06",31614982969,92.635
"U(0.0001,0.1), eps=1e-06",38135653207,94.68
"U(0.0001,0.1), eps=1e-06",46001228182,96.487
"U(0.0001,0.1), eps=1e-06",55489097899,97.665
"U(0.0001,0.1), eps=1e-06",66933864754,98.567
"U(0.0001,0.1), eps=1e-06",80739143733,99.205
"U(0.0001,0.01), eps=1e-04",8565,0.0
"U(0.0001,0.01), eps=1e-04",10332,0.0
"U(0.0001,0.01), eps=1e-04",12463,0.0
"U(0.0001,0.01), eps=1e-04",15033,0.0
"U(0.0001,0.01), eps=1e-04",18134,0.0
"U(0.0001,0.01), eps=1e-04",21875,0.0
"U(0.0001,0.01), eps=1e-04",26386,0.0
"U(0.0001,0.01), eps=1e-04",31829,2.633
"U(0.0001,0.01), eps=1e-04",38394,16.36
"U(0.0001,0.01), eps=1e-04",46312,29.785
"U(0.0001,0.01), eps=1e-04",55865,39.5
"U(0.0001,0.01), eps=1e-04",67387,47.335
"U(0.0001,0.01), eps=1e-04",81286,54.995
"U(0.0001,0.01), eps=1e-04",98051,61.41
"U(0.0001,0.01), eps=1e-04",118275,67.755
"U(0.0001,0.01), eps=1e-04",142669,73.515
"U(0.0001,0.01), eps=1e-04",172095,78.575
"U(0.0001,0.01), eps=1e-04",207590,82.953
"U(0.0001,0.01), eps=1e-04",250406,86.76
"U(0.0001,0.01), eps=1e-04",302053,90.002
"U(0.0001,0.01), eps=1e-04",364353,92.82
"U(0.0001,0.01), eps=1e-04",439502,95.088
"U(0.0001,0.01), eps=1e-04",530150,96.81
"U(0.0001,0.01), eps=1e-04",639495,97.988
"U(0.0001,0.01), eps=1e-04",771393,98.793
"U(0.0001,0.01), eps=1e-04",930494,99.39
"U(0.0001,0.01), eps=1e-06",85656050,27.505
"U(0.0001,0.01), eps=1e-06",103322828,30.118
"U(0.0001,0.01), eps=1e-06",124633422,32.855
"U(0.0001,0.01), eps=1e-06",150339381,35.752
"U(0.0001,0.01), eps=1e-06",181347259,38.665
"U(0.0001,0.01), eps=1e-06",218750591,42.093
"U(0.0001,0.01), eps=1e-06",263868453,45.5
"U(0.0001,0.01), eps=1e-06",318291990,48.985
"U(0.0001,0.01), eps=1e-06",383940518,52.85
"U(0.0001,0.01), eps=1e-06",463129222,56.732
"U(0.0001,0.01), eps=1e-06",558650796,60.593
"U(0.0001,0.01), eps=1e-06",673873936,64.885
"U(0.0001,0.01), eps=1e-06",812862141,68.907
"U(0.0001,0.01), eps=1e-06",980517014,72.955
"U(0.0001,0.01), eps=1e-06",1182751130,76.79
"U(0.0001,0.01), eps=1e-06",1426696543,80.568
"U(0.0001,0.01), eps=1e-06",1720956316,83.89
"U(0.0001,0.01), eps=1e-06",2075907911,87.015
"U(0.0001,0.01), eps=1e-06",2504069171,89.817
"U(0.0001,0.01), eps=1e-06",3020539774,92.332
"U(0.0001,0.01), eps=1e-06",3643533745,94.383
"U(0.0001,0.01), eps=1e-06",4395021800,96.215
"U(0.0001,0.01), eps=1e-06",5301506168,97.543
"U(0.0001,0.01), eps=1e-06",6394955231,98.438
"U(0.0001,0.01), eps=1e-06",7713930929,99.112
"U(0.005,0.05), eps=1e-04",43380,23.353
"U(0.005,0.05), eps=1e-04",52328,25.972
"U(0.005,0.05), eps=1e-04",63120,28.585
"U(0.005,0.05), eps=1e-04",76139,31.82
"U(0.005,0.05), eps=1e-04",91843,34.975
"U(0.005,0.05), eps=1e-04",110786,38.32
"U(0.005,0.05), eps=1e-04",133636,41.973
"U(0.005,0.05), eps=1e-04",161199,46.013
"U(0.005,0.05), eps=1e-04",194447,49.807
"U(0.005,0.05), eps=1e-04",234552,54.025
"U(0.005,0.05), eps=1e-04",282929,58.11
"U(0.005,0.05), eps=1e-04",341284,62.06
"U(0.005,0.05), eps=1e-04",411675,66.435
"U(0.005,0.05), eps=1e-04",496584,70.645
"U(0.005,0.05), eps=1e-04",599006,74.8
"U(0.005,0.05), eps=1e-04",722552,78.897
"U(0.005,0.05), eps=1e-04",871581,82.578
"U(0.005,0.05), eps=1e-04",1051346,86.085
"U(0.005,0.05), eps=1e-04",1268189,89.177
"U(0.005,0.05), eps=1e-04",1529757,91.705
"U(0.005,0.05), eps=1e-04",1845273,93.993
"U(0.005,0.05), eps=1e-04",2225865,95.965
"U(0.005,0.05), eps=1e-04",2684956,97.37
"U(0.005,0.05), eps=1e-04",3238735,98.39
"U(0.005,0.05), eps=1e-04",3906732,99.052
"U(0.005,0.05), eps=1e-06",433806451,25.367
"U(0.005,0.05), eps=1e-06",523280129,27.755
"U(0.005,0.05), eps=1e-06",631207980,30.412
"U(0.005,0.05), eps=1e-06",761396224,33.225
"U(0.005,0.05), eps=1e-06",918436122,36.24
"U(0.005,0.05), eps=1e-06",1107865896,39.21
"U(0.005,0.05), eps=1e-06",1336366041,42.545
"U(0.005,0.05), eps=1e-06",1611994918,46.225
"U(0.005,0.05), eps=1e-06",1944472949,50.065
"U(0.005,0.05), eps=1e-06",2345525415,53.958
"U(0.005,0.05), eps=1e-06",2829295968,58.057
"U(0.005,0.05), eps=1e-06",3412845421,62.272
"U(0.005,0.05), eps=1e-06",4116753425,66.56
"U(0.005,0.05), eps=1e-06",4965844236,70.698
"U(0.005,0.05), eps=1e-06",5990062176,74.74
"U(0.005,0.05), eps=1e-06",7225527657,78.785
"U(0.005,0.05), eps=1e-06",8715811021,82.532
"U(0.005,0.05), eps=1e-06",10513469099,85.975
"U(0.005,0.05), eps=1e-06",12681898705,88.913
"U(0.005,0.05), eps=1e-06",15297572404,91.69
"U(0.005,0.05), eps=1e-06",18452735422,93.895
"U(0.005,0.05), eps=1e-06",22258658797,95.888
"U(0.005,0.05), eps=1e-06",26849563499,97.343
"U(0.005,0.05), eps=1e-06",32387353913,98.37
"U(0.005,0.05), eps=1e-06",39067327613,99.047
"U(0.0001,0.001), eps=1e-04",36435,0.0
"U(0.0001,0.001), eps=1e-04",43950,0.0
"U(0.0001,0.001), eps=1e-04",53015,0.0
"U(0.0001,0.001), eps=1e-04",63949,0.0
"U(0.0001,0.001), eps=1e-04",77139,0.0
"U(0.0001,0.001), eps=1e-04",93049,0.0
"U(0.0001,0.001), eps=1e-04",112241,0.0
"U(0.0001,0.001), eps=1e-04",135391,0.0
"U(0.0001,0.001), eps=1e-04",163315,0.0
"U(0.0001,0.001), eps=1e-06",8565605,25.065
"U(0.0001,0.001), eps=1e-06",10332282,27.558
"U(0.0001,0.001), eps=1e-06",12463342,30.395
"U(0.0001,0.001), eps=1e-06",15033938,33.167
"U(0.0001,0.001), eps=1e-06",18134725,36.038
"U(0.0001,0.001), eps=1e-06",21875059,39.403
"U(0.0001,0.001), eps=1e-06",26386845,42.758
"U(0.0001,0.001), eps=1e-06",31829199,46.365
"U(0.0001,0.001), eps=1e-06",38394051,50.15
"U(0.0001,0.001), eps=1e-06",46312922,53.795
"U(0.0001,0.001), eps=1e-06",55865079,57.778
"U(0.0001,0.001), eps=1e-06",67387393,62.077
"U(0.0001,0.001), eps=1e-06",81286214,66.427
"U(0.0001,0.001), eps=1e-06",98051701,70.668
"U(0.0001,0.001), eps=1e-06",118275113,74.772
"U(0.0001,0.001), eps=1e-06",142669654,78.765
"U(0.0001,0.001), eps=1e-06",172095631,82.415
"U(0.0001,0.001), eps=1e-06",207590791,85.745
"U(0.0001,0.001), eps=1e-06",250406917,88.93
"U(0.0001,0.001), eps=1e-06",302053977,91.527
"U(0.0001,0.001), eps=1e-06",364353374,93.802
"U(0.0001,0.001), eps=1e-06",439502180,95.828
"U(0.0001,0.001), eps=1e-06",530150616,97.242
"U(0.0001,0.001), eps=1e-06",639495523,98.338
"U(0.0001,0.001), eps=1e-06",771393092,99.035
"U(1e-05,0.01), eps=1e-05",856560,27.0
"U(1e-05,0.01), eps=1e-05",1033228,29.782
"U(1e-05,0.01), eps=1e-05",1246334,32.653
"U(1e-05,0.01), eps=1e-05",1503393,35.595
"U(1e-05,0.01), eps=1e-05",1813472,38.85
"U(1e-05,0.01), eps=1e-05",2187505,42.32
"U(1e-05,0.01), eps=1e-05",2638684,45.69
"U(1e-05,0.01), eps=1e-05",3182919,49.258
"U(1e-05,0.01), eps=1e-05",3839405,53.128
"U(1e-05,0.01), eps=1e-05",4631292,56.858
"U(1e-05,0.01), eps=1e-05",5586507,60.69
"U(1e-05,0.01), eps=1e-05",6738739,64.86
"U(1e-05,0.01), eps=1e-05",8128621,68.932
"U(1e-05,0.01), eps=1e-05",9805170,72.875
"U(1e-05,0.01), eps=1e-05",11827511,76.85
"U(1e-05,0.01), eps=1e-05",14266965,80.648
"U(1e-05,0.01), eps=1e-05",17209563,83.757
"U(1e-05,0.01), eps=1e-05",20759079,86.945
"U(1e-05,0.01), eps=1e-05",25040691,89.8
"U(1e-05,0.01), eps=1e-05",30205397,92.203
"U(1e-05,0.01), eps=1e-05",36435337,94.332
"U(1e-05,0.01), eps=1e-05",43950218,96.14
"U(1e-05,0.01), eps=1e-05",53015061,97.433
"U(1e-05,0.01), eps=1e-05",63949552,98.43
"U(1e-05,0.01), eps=1e-05",77139309,99.098
