scenario,phi_min,phi_max,eps,budget,brute_pct,re_const_pct,re_stat_pct,re_delta_pp,bin_const_pct,bin_stat_pct,bin_delta_pp,re_const_params,re_stat_params,bin_const_params,bin_stat_params
"T3.1  U(0.01,0.1) e-3 @10k",0.01,0.1,0.001,10000,55.95,61.28,66.25,4.97,39.2,63.75,24.55,"{'m_exploration': 149, 'safeguard': 0.85}","{'m_exploration': 39, 'eps_target': 0.001}","{'m_exploration': 20, 'safeguard': 2, 'conf': 0.65}","{'m_exploration': 156, 'conf': 0.5, 'eps_target': 0.001}"
"T3.2  U(0.01,0.1) e-3 @45k",0.01,0.1,0.001,45000,89.77,92.75,95.32,2.57,85.82,93.16,7.34,"{'m_exploration': 409, 'safeguard': 0.85}","{'m_exploration': 149, 'eps_target': 0.001}","{'m_exploration': 33, 'safeguard': 2, 'conf': 0.5}","{'m_exploration': 732, 'conf': 0.5, 'eps_target': 0.001}"
"T3.2  U(0.01,0.1) e-4 @3M",0.01,0.1,0.0001,3000000,82.32,90.86,92.15,1.29,88.04,90.82,2.78,"{'m_exploration': 10582, 'safeguard': 0.975}","{'m_exploration': 1308, 'eps_target': 0.0001}","{'m_exploration': 936, 'safeguard': 2, 'conf': 0.9}","{'m_exploration': 259, 'conf': 0.65, 'eps_target': 0.0001}"
"T3.2  U(0.001,0.01) e-4 @400k",0.001,0.01,0.0001,400000,88.33,91.62,93.83,2.22,78.66,92.18,13.52,"{'m_exploration': 373, 'safeguard': 0.85}","{'m_exploration': 70, 'eps_target': 0.0001}","{'m_exploration': 20, 'safeguard': 2, 'conf': 0.5}","{'m_exploration': 493, 'conf': 0.5, 'eps_target': 0.0001}"
"T3.2  U(0.001,0.1) e-4 @3.5M",0.001,0.1,0.0001,3500000,85.38,92.19,94.19,2.0,85.26,94.16,8.9,"{'m_exploration': 10582, 'safeguard': 0.925}","{'m_exploration': 861, 'eps_target': 0.0001}","{'m_exploration': 259, 'safeguard': 2, 'conf': 0.65}","{'m_exploration': 12164, 'conf': 0.5, 'eps_target': 0.0001}"
"T3.3  U(0.01,pi/16) e-3 @10k",0.01,0.19634954084936207,0.001,10000,42.79,50.53,53.35,2.81,33.23,53.36,20.13,"{'m_exploration': 122, 'safeguard': 0.85}","{'m_exploration': 176, 'eps_target': 0.001}","{'m_exploration': 20, 'safeguard': 2, 'conf': 0.5}","{'m_exploration': 185, 'conf': 0.5, 'eps_target': 0.001}"
"T3.3  U(0.01,pi/8) e-3 @10k",0.01,0.39269908169872414,0.001,10000,30.69,38.53,42.06,3.53,25.45,42.08,16.63,"{'m_exploration': 312, 'safeguard': 0.8}","{'m_exploration': 142, 'eps_target': 0.001}","{'m_exploration': 20, 'safeguard': 2, 'conf': 0.65}","{'m_exploration': 222, 'conf': 0.5, 'eps_target': 0.001}"
"T3.3  U(0.01,pi/4) e-3 @10k",0.01,0.7853981633974483,0.001,10000,22.14,25.07,31.97,6.9,17.97,32.06,14.09,"{'m_exploration': 861, 'safeguard': 0.85}","{'m_exploration': 373, 'eps_target': 0.001}","{'m_exploration': 20, 'safeguard': 1, 'conf': 0.5}","{'m_exploration': 259, 'conf': 0.5, 'eps_target': 0.001}"
"T3.3  U(0.01,pi/2) e-3 @10k",0.01,1.5707963267948966,0.001,10000,15.97,16.21,23.06,6.84,13.28,23.34,10.06,"{'m_exploration': 4585, 'safeguard': 0.8}","{'m_exploration': 861, 'eps_target': 0.001}","{'m_exploration': 20, 'safeguard': 2, 'conf': 0.8}","{'m_exploration': 936, 'conf': 0.5, 'eps_target': 0.001}"
"T3.4  U(0.01,pi/2) e-3 @175k",0.01,1.5707963267948966,0.001,174608,59.62,57.08,72.6,15.52,57.6,72.77,15.16,"{'m_exploration': 130011, 'safeguard': 0.85}","{'m_exploration': 861, 'eps_target': 0.001}","{'m_exploration': 259, 'safeguard': 2, 'conf': 0.8}","{'m_exploration': 3375, 'conf': 0.5, 'eps_target': 0.001}"
"T3.4  U(0.01,pi/2) e-3 @887k",0.01,1.5707963267948966,0.001,887240,94.1,81.64,96.69,15.06,91.72,96.65,4.93,"{'m_exploration': 300000, 'safeguard': 0.8}","{'m_exploration': 16074, 'eps_target': 0.001}","{'m_exploration': 493, 'safeguard': 2, 'conf': 0.8}","{'m_exploration': 23093, 'conf': 0.5, 'eps_target': 0.001}"
