setting,phi_min,phi_max,eps,algo,threshold_pct,budget_to_reach,budget_lo,budget_hi,ratio_vs_brute,ratio_lo,ratio_hi,grid_dev,boot_coverage,ratio_ci_inflation
"U(0.01,0.1), eps=1e-03",0.01,0.1,0.001,brute,50,7640.0,7513.7,7759.9,1.0,1.0,1.0,0.0053,1.0,0.0226
"U(0.01,0.1), eps=1e-03",0.01,0.1,0.001,brute,80,27424.4,26991.5,27809.2,1.0,1.0,1.0,0.0076,1.0,0.0205
"U(0.01,0.1), eps=1e-03",0.01,0.1,0.001,brute,90,45866.8,45207.4,46677.8,1.0,1.0,1.0,0.0129,1.0,0.0228
"U(0.01,0.1), eps=1e-03",0.01,0.1,0.001,brute,95,65078.0,64208.2,66103.5,1.0,1.0,1.0,0.0189,1.0,0.0199
"U(0.01,0.1), eps=1e-03",0.01,0.1,0.001,separable,50,113363.8,111396.5,116032.0,0.067,0.066,0.069,0.0075,1.0,
"U(0.01,0.1), eps=1e-03",0.01,0.1,0.001,separable,80,409277.0,404120.4,414444.6,0.067,0.066,0.068,0.0047,1.0,
"U(0.01,0.1), eps=1e-03",0.01,0.1,0.001,separable,90,683118.6,673590.4,691989.2,0.067,0.066,0.069,0.0076,1.0,
"U(0.01,0.1), eps=1e-03",0.01,0.1,0.001,separable,95,973169.6,957052.7,987282.6,0.067,0.066,0.068,0.0163,1.0,
"U(0.01,0.1), eps=1e-03",0.01,0.1,0.001,linear,50,7307.1,7160.3,7437.9,1.046,1.02,1.072,0.0206,1.0,
"U(0.01,0.1), eps=1e-03",0.01,0.1,0.001,linear,80,26178.7,25826.2,26638.9,1.048,1.024,1.069,0.02,1.0,
"U(0.01,0.1), eps=1e-03",0.01,0.1,0.001,linear,90,43441.5,42960.8,43967.6,1.056,1.036,1.077,0.0391,1.0,
"U(0.01,0.1), eps=1e-03",0.01,0.1,0.001,linear,95,64091.5,63354.8,64920.5,1.015,0.998,1.035,0.0241,1.0,
"U(0.01,0.1), eps=1e-03",0.01,0.1,0.001,binary,50,13216.8,13105.7,13330.7,0.578,0.568,0.588,0.006,1.0,
"U(0.01,0.1), eps=1e-03",0.01,0.1,0.001,binary,80,33536.5,32988.7,34017.1,0.818,0.8,0.836,0.0118,1.0,
"U(0.01,0.1), eps=1e-03",0.01,0.1,0.001,binary,90,58395.3,57337.4,59291.8,0.785,0.768,0.805,0.0087,1.0,
"U(0.01,0.1), eps=1e-03",0.01,0.1,0.001,binary,95,89342.4,88039.1,90573.7,0.728,0.714,0.744,0.0165,1.0,
"U(0.01,0.1), eps=1e-03",0.01,0.1,0.001,reverse_eng,50,5703.5,5602.7,5838.5,1.34,1.303,1.372,0.039,1.0,
"U(0.01,0.1), eps=1e-03",0.01,0.1,0.001,reverse_eng,80,21569.1,21296.0,21925.0,1.271,1.242,1.297,0.036,1.0,
"U(0.01,0.1), eps=1e-03",0.01,0.1,0.001,reverse_eng,90,37197.1,36734.7,37727.0,1.233,1.208,1.259,0.0287,1.0,
"U(0.01,0.1), eps=1e-03",0.01,0.1,0.001,reverse_eng,95,58129.8,56954.7,59113.6,1.12,1.097,1.147,0.0117,1.0,
"U(0.01,0.1), eps=1e-03",0.01,0.1,0.001,binary_risk,50,5201.1,5108.5,5289.0,1.469,1.435,1.504,0.0101,1.0,
"U(0.01,0.1), eps=1e-03",0.01,0.1,0.001,binary_risk,80,19327.9,19097.3,19552.1,1.419,1.392,1.445,0.0168,1.0,
"U(0.01,0.1), eps=1e-03",0.01,0.1,0.001,binary_risk,90,32227.3,31520.8,32892.8,1.423,1.389,1.464,0.0427,1.0,
"U(0.01,0.1), eps=1e-03",0.01,0.1,0.001,binary_risk,95,49548.0,48788.3,50221.1,1.313,1.289,1.343,0.0214,1.0,
"U(0.01,0.1), eps=1e-03",0.01,0.1,0.001,reverse_eng_risk,50,5171.3,5090.5,5242.8,1.477,1.445,1.508,0.0145,1.0,
"U(0.01,0.1), eps=1e-03",0.01,0.1,0.001,reverse_eng_risk,80,17853.1,17579.1,18177.3,1.536,1.503,1.569,0.0077,1.0,
"U(0.01,0.1), eps=1e-03",0.01,0.1,0.001,reverse_eng_risk,90,30011.1,29618.0,30476.8,1.528,1.496,1.562,0.0075,1.0,
"U(0.01,0.1), eps=1e-03",0.01,0.1,0.001,reverse_eng_risk,95,44040.3,43410.5,44744.6,1.478,1.445,1.509,0.0176,1.0,
"U(0.01,0.1), eps=1e-03",0.01,0.1,0.001,oracle_hl,50,3365.1,3292.8,3436.1,2.27,2.21,2.331,0.0036,1.0,
"U(0.01,0.1), eps=1e-03",0.01,0.1,0.001,oracle_hl,80,13718.5,13528.4,13919.1,1.999,1.959,2.04,0.0038,1.0,
"U(0.01,0.1), eps=1e-03",0.01,0.1,0.001,oracle_hl,90,24498.1,24170.0,24865.1,1.872,1.832,1.914,0.0094,1.0,
"U(0.01,0.1), eps=1e-03",0.01,0.1,0.001,oracle_hl,95,37065.6,36462.9,37762.5,1.756,1.715,1.795,0.0188,1.0,
"U(0.001,0.01), eps=1e-03",0.001,0.01,0.001,brute,50,1151.6,1130.6,1176.2,1.0,1.0,1.0,0.0417,1.0,0.0284
"U(0.001,0.01), eps=1e-03",0.001,0.01,0.001,brute,80,3270.4,3233.8,3305.8,1.0,1.0,1.0,0.0138,1.0,0.0159
"U(0.001,0.01), eps=1e-03",0.001,0.01,0.001,brute,90,5336.1,5255.1,5423.0,1.0,1.0,1.0,0.0176,1.0,0.0222
"U(0.001,0.01), eps=1e-03",0.001,0.01,0.001,brute,95,7382.4,7296.3,7476.3,1.0,1.0,1.0,0.0357,1.0,0.0166
"U(0.001,0.01), eps=1e-03",0.001,0.01,0.001,separable,50,,,,,,,,0.0,
"U(0.001,0.01), eps=1e-03",0.001,0.01,0.001,separable,80,,,,,,,,0.0,
"U(0.001,0.01), eps=1e-03",0.001,0.01,0.001,separable,90,,,,,,,,0.0,
"U(0.001,0.01), eps=1e-03",0.001,0.01,0.001,separable,95,,,,,,,,0.0,
"U(0.001,0.01), eps=1e-03",0.001,0.01,0.001,linear,50,2347.0,2334.3,2360.1,0.491,0.481,0.502,0.11,1.0,
"U(0.001,0.01), eps=1e-03",0.001,0.01,0.001,linear,80,5365.2,5297.8,5427.0,0.61,0.6,0.619,0.023,1.0,
"U(0.001,0.01), eps=1e-03",0.001,0.01,0.001,linear,90,7607.2,7536.9,7685.1,0.701,0.688,0.715,0.0246,1.0,
"U(0.001,0.01), eps=1e-03",0.001,0.01,0.001,linear,95,9956.0,9826.2,10073.5,0.742,0.73,0.756,0.0229,1.0,
"U(0.001,0.01), eps=1e-03",0.001,0.01,0.001,binary,50,38880.1,38690.3,39074.1,0.03,0.029,0.03,0.0172,1.0,
"U(0.001,0.01), eps=1e-03",0.001,0.01,0.001,binary,80,59491.9,59018.0,60022.7,0.055,0.054,0.056,0.0252,1.0,
"U(0.001,0.01), eps=1e-03",0.001,0.01,0.001,binary,90,71689.2,71346.2,72017.4,0.074,0.073,0.076,0.0777,1.0,
"U(0.001,0.01), eps=1e-03",0.001,0.01,0.001,binary,95,87932.5,87129.8,89200.7,0.084,0.083,0.085,0.0543,1.0,
"U(0.001,0.01), eps=1e-03",0.001,0.01,0.001,reverse_eng,50,3561.0,3556.1,3565.9,0.323,0.317,0.33,0.0915,1.0,
"U(0.001,0.01), eps=1e-03",0.001,0.01,0.001,reverse_eng,80,5790.8,5719.0,5863.8,0.565,0.555,0.574,0.0089,1.0,
"U(0.001,0.01), eps=1e-03",0.001,0.01,0.001,reverse_eng,90,8860.5,8770.4,8956.6,0.602,0.591,0.614,0.03,1.0,
"U(0.001,0.01), eps=1e-03",0.001,0.01,0.001,reverse_eng,95,12839.1,12666.5,13027.2,0.575,0.564,0.587,0.0242,1.0,
"U(0.001,0.01), eps=1e-03",0.001,0.01,0.001,binary_risk,50,4220.5,4209.2,4231.8,0.273,0.268,0.279,0.0305,1.0,
"U(0.001,0.01), eps=1e-03",0.001,0.01,0.001,binary_risk,80,5840.3,5812.8,5868.6,0.56,0.553,0.567,0.0251,1.0,
"U(0.001,0.01), eps=1e-03",0.001,0.01,0.001,binary_risk,90,7378.0,7329.6,7426.2,0.723,0.711,0.736,0.036,1.0,
"U(0.001,0.01), eps=1e-03",0.001,0.01,0.001,binary_risk,95,9156.1,9072.5,9246.1,0.806,0.794,0.819,0.0446,1.0,
"U(0.001,0.01), eps=1e-03",0.001,0.01,0.001,reverse_eng_risk,50,4283.0,4270.0,4296.7,0.269,0.264,0.275,0.0317,1.0,
"U(0.001,0.01), eps=1e-03",0.001,0.01,0.001,reverse_eng_risk,80,6273.6,6234.4,6314.8,0.521,0.515,0.528,0.0245,1.0,
"U(0.001,0.01), eps=1e-03",0.001,0.01,0.001,reverse_eng_risk,90,8082.9,8003.6,8156.8,0.66,0.648,0.673,0.0354,1.0,
"U(0.001,0.01), eps=1e-03",0.001,0.01,0.001,reverse_eng_risk,95,10198.4,10099.4,10294.5,0.724,0.713,0.735,0.0313,1.0,
"U(0.001,0.01), eps=1e-03",0.001,0.01,0.001,oracle_hl,50,402.6,396.7,407.9,2.86,2.797,2.935,0.0005,1.0,
"U(0.001,0.01), eps=1e-03",0.001,0.01,0.001,oracle_hl,80,1347.3,1328.5,1367.4,2.427,2.38,2.474,0.005,1.0,
"U(0.001,0.01), eps=1e-03",0.001,0.01,0.001,oracle_hl,90,2399.6,2363.2,2439.4,2.224,2.175,2.275,0.011,1.0,
"U(0.001,0.01), eps=1e-03",0.001,0.01,0.001,oracle_hl,95,3620.3,3558.8,3704.1,2.039,1.993,2.082,0.021,1.0,
"U(0.01,0.1), eps=1e-04",0.01,0.1,0.0001,brute,50,755609.1,741755.3,768502.9,1.0,1.0,1.0,0.004,1.0,0.0255
"U(0.01,0.1), eps=1e-04",0.01,0.1,0.0001,brute,80,2712256.9,2669912.4,2750059.0,1.0,1.0,1.0,0.0073,1.0,0.0212
"U(0.01,0.1), eps=1e-04",0.01,0.1,0.0001,brute,90,4504357.6,4442423.2,4577338.9,1.0,1.0,1.0,0.0121,1.0,0.0214
"U(0.01,0.1), eps=1e-04",0.01,0.1,0.0001,brute,95,6452159.2,6365221.8,6556231.0,1.0,1.0,1.0,0.0189,1.0,0.0207
"U(0.01,0.1), eps=1e-04",0.01,0.1,0.0001,separable,50,11352332.0,11143532.9,11614766.0,0.067,0.065,0.068,0.0029,1.0,
"U(0.01,0.1), eps=1e-04",0.01,0.1,0.0001,separable,80,40603659.6,40132789.4,41111977.0,0.067,0.066,0.068,0.0087,1.0,
"U(0.01,0.1), eps=1e-04",0.01,0.1,0.0001,separable,90,67162887.1,66212470.5,68097992.0,0.067,0.066,0.069,0.0125,1.0,
"U(0.01,0.1), eps=1e-04",0.01,0.1,0.0001,separable,95,96323746.2,94372170.0,97892035.7,0.067,0.066,0.069,0.0209,1.0,
"U(0.01,0.1), eps=1e-04",0.01,0.1,0.0001,linear,50,485984.8,477008.2,496025.4,1.555,1.512,1.596,0.0173,1.0,
"U(0.01,0.1), eps=1e-04",0.01,0.1,0.0001,linear,80,1777736.6,1750266.5,1811335.6,1.526,1.491,1.558,0.0057,1.0,
"U(0.01,0.1), eps=1e-04",0.01,0.1,0.0001,linear,90,3135637.6,3083026.5,3200548.6,1.437,1.401,1.469,0.0302,1.0,
"U(0.01,0.1), eps=1e-04",0.01,0.1,0.0001,linear,95,4745893.9,4637322.6,4835844.7,1.36,1.33,1.4,0.0306,1.0,
"U(0.01,0.1), eps=1e-04",0.01,0.1,0.0001,binary,50,532389.2,524109.7,540714.9,1.419,1.388,1.452,0.0017,1.0,
"U(0.01,0.1), eps=1e-04",0.01,0.1,0.0001,binary,80,1969931.0,1943760.9,1995393.1,1.377,1.349,1.404,0.0087,1.0,
"U(0.01,0.1), eps=1e-04",0.01,0.1,0.0001,binary,90,3436612.1,3379843.2,3489195.8,1.311,1.284,1.341,0.0171,1.0,
"U(0.01,0.1), eps=1e-04",0.01,0.1,0.0001,binary,95,5026661.1,4941699.0,5103421.4,1.284,1.259,1.313,0.0198,1.0,
"U(0.01,0.1), eps=1e-04",0.01,0.1,0.0001,reverse_eng,50,409868.0,398944.4,420468.8,1.844,1.782,1.905,0.0325,1.0,
"U(0.01,0.1), eps=1e-04",0.01,0.1,0.0001,reverse_eng,80,1597654.0,1572006.9,1621986.9,1.698,1.66,1.735,0.0069,1.0,
"U(0.01,0.1), eps=1e-04",0.01,0.1,0.0001,reverse_eng,90,2890437.6,2849495.6,2929472.4,1.558,1.527,1.591,0.0144,1.0,
"U(0.01,0.1), eps=1e-04",0.01,0.1,0.0001,reverse_eng,95,4384971.2,4317128.5,4465588.8,1.471,1.44,1.503,0.0148,1.0,
"U(0.01,0.1), eps=1e-04",0.01,0.1,0.0001,binary_risk,50,435094.6,429174.3,441214.6,1.737,1.696,1.775,0.0193,1.0,
"U(0.01,0.1), eps=1e-04",0.01,0.1,0.0001,binary_risk,80,1653983.7,1631184.4,1677096.8,1.64,1.605,1.671,0.008,1.0,
"U(0.01,0.1), eps=1e-04",0.01,0.1,0.0001,binary_risk,90,2899248.1,2857972.0,2942087.7,1.554,1.524,1.586,0.0076,1.0,
"U(0.01,0.1), eps=1e-04",0.01,0.1,0.0001,binary_risk,95,4306373.0,4250538.9,4364622.4,1.498,1.468,1.529,0.0174,1.0,
"U(0.01,0.1), eps=1e-04",0.01,0.1,0.0001,reverse_eng_risk,50,370497.4,364141.1,377201.3,2.039,1.988,2.093,0.0015,1.0,
"U(0.01,0.1), eps=1e-04",0.01,0.1,0.0001,reverse_eng_risk,80,1462109.2,1437653.4,1488346.9,1.855,1.81,1.895,0.0094,1.0,
"U(0.01,0.1), eps=1e-04",0.01,0.1,0.0001,reverse_eng_risk,90,2570139.5,2530522.7,2619507.6,1.753,1.713,1.793,0.0095,1.0,
"U(0.01,0.1), eps=1e-04",0.01,0.1,0.0001,reverse_eng_risk,95,3932441.7,3833645.5,4012666.1,1.641,1.599,1.691,0.0172,1.0,
"U(0.01,0.1), eps=1e-04",0.01,0.1,0.0001,oracle_hl,50,336509.1,329413.3,343375.0,2.245,2.182,2.308,0.0036,1.0,
"U(0.01,0.1), eps=1e-04",0.01,0.1,0.0001,oracle_hl,80,1371868.1,1352961.4,1391523.2,1.977,1.937,2.017,0.0038,1.0,
"U(0.01,0.1), eps=1e-04",0.01,0.1,0.0001,oracle_hl,90,2449861.6,2416418.6,2487046.2,1.839,1.8,1.877,0.0094,1.0,
"U(0.01,0.1), eps=1e-04",0.01,0.1,0.0001,oracle_hl,95,3706630.9,3647153.7,3776739.7,1.741,1.704,1.78,0.0188,1.0,
"U(0.001,0.01), eps=1e-04",0.001,0.01,0.0001,brute,50,73920.2,72628.1,75257.9,1.0,1.0,1.0,0.008,1.0,0.0247
"U(0.001,0.01), eps=1e-04",0.001,0.01,0.0001,brute,80,265736.6,262222.6,269304.7,1.0,1.0,1.0,0.0039,1.0,0.0195
"U(0.001,0.01), eps=1e-04",0.001,0.01,0.0001,brute,90,440366.7,433077.7,448363.3,1.0,1.0,1.0,0.0136,1.0,0.0239
"U(0.001,0.01), eps=1e-04",0.001,0.01,0.0001,brute,95,629997.3,620787.0,641653.9,1.0,1.0,1.0,0.0197,1.0,0.0218
"U(0.001,0.01), eps=1e-04",0.001,0.01,0.0001,separable,50,11280865.9,11061542.4,11480054.8,0.007,0.006,0.007,0.0005,1.0,
"U(0.001,0.01), eps=1e-04",0.001,0.01,0.0001,separable,80,,,,,,,,0.0,
"U(0.001,0.01), eps=1e-04",0.001,0.01,0.0001,separable,90,,,,,,,,0.0,
"U(0.001,0.01), eps=1e-04",0.001,0.01,0.0001,separable,95,,,,,,,,0.0,
"U(0.001,0.01), eps=1e-04",0.001,0.01,0.0001,linear,50,72500.6,71426.8,73538.6,1.02,0.998,1.044,0.0078,1.0,
"U(0.001,0.01), eps=1e-04",0.001,0.01,0.0001,linear,80,246235.1,243540.2,249613.0,1.079,1.059,1.099,0.0494,1.0,
"U(0.001,0.01), eps=1e-04",0.001,0.01,0.0001,linear,90,400005.8,395501.5,404405.5,1.101,1.079,1.124,0.0179,1.0,
"U(0.001,0.01), eps=1e-04",0.001,0.01,0.0001,linear,95,606546.3,593241.9,623909.5,1.039,1.006,1.071,0.0369,1.0,
"U(0.001,0.01), eps=1e-04",0.001,0.01,0.0001,binary,50,154280.2,152967.6,155563.4,0.479,0.47,0.488,0.0196,1.0,
"U(0.001,0.01), eps=1e-04",0.001,0.01,0.0001,binary,80,411739.4,406960.3,416865.4,0.645,0.634,0.657,0.0222,1.0,
"U(0.001,0.01), eps=1e-04",0.001,0.01,0.0001,binary,90,814807.5,781498.8,840643.1,0.54,0.522,0.565,0.0436,1.0,
"U(0.001,0.01), eps=1e-04",0.001,0.01,0.0001,binary,95,1565450.1,1532630.2,1603831.5,0.402,0.39,0.413,0.2417,1.0,
"U(0.001,0.01), eps=1e-04",0.001,0.01,0.0001,reverse_eng,50,58982.6,57922.5,59943.0,1.253,1.225,1.286,0.0233,1.0,
"U(0.001,0.01), eps=1e-04",0.001,0.01,0.0001,reverse_eng,80,211617.9,207425.0,215195.6,1.256,1.228,1.286,0.0258,1.0,
"U(0.001,0.01), eps=1e-04",0.001,0.01,0.0001,reverse_eng,90,362886.4,356956.8,370038.8,1.214,1.183,1.244,0.0111,1.0,
"U(0.001,0.01), eps=1e-04",0.001,0.01,0.0001,reverse_eng,95,530268.0,521388.2,541871.5,1.188,1.158,1.217,0.0275,1.0,
"U(0.001,0.01), eps=1e-04",0.001,0.01,0.0001,binary_risk,50,52953.1,52223.9,53784.2,1.396,1.363,1.427,0.0238,1.0,
"U(0.001,0.01), eps=1e-04",0.001,0.01,0.0001,binary_risk,80,201521.2,197470.0,206150.3,1.319,1.283,1.349,0.0326,1.0,
"U(0.001,0.01), eps=1e-04",0.001,0.01,0.0001,binary_risk,90,345485.9,341588.4,350122.1,1.275,1.25,1.301,0.0166,1.0,
"U(0.001,0.01), eps=1e-04",0.001,0.01,0.0001,binary_risk,95,509376.4,500116.4,521714.2,1.237,1.203,1.268,0.0134,1.0,
"U(0.001,0.01), eps=1e-04",0.001,0.01,0.0001,reverse_eng_risk,50,51435.3,50779.9,52148.6,1.437,1.406,1.469,0.0076,1.0,
"U(0.001,0.01), eps=1e-04",0.001,0.01,0.0001,reverse_eng_risk,80,180555.2,177490.0,183145.5,1.472,1.444,1.5,0.0037,1.0,
"U(0.001,0.01), eps=1e-04",0.001,0.01,0.0001,reverse_eng_risk,90,299917.6,295651.9,305400.7,1.468,1.433,1.502,0.0219,1.0,
"U(0.001,0.01), eps=1e-04",0.001,0.01,0.0001,reverse_eng_risk,95,447917.3,438062.9,457746.8,1.407,1.373,1.449,0.022,1.0,
"U(0.001,0.01), eps=1e-04",0.001,0.01,0.0001,oracle_hl,50,33129.6,32429.5,33732.6,2.231,2.177,2.292,0.0031,1.0,
"U(0.001,0.01), eps=1e-04",0.001,0.01,0.0001,oracle_hl,80,134685.4,132793.6,136798.1,1.973,1.931,2.012,0.0046,1.0,
"U(0.001,0.01), eps=1e-04",0.001,0.01,0.0001,oracle_hl,90,239949.7,236301.4,244252.2,1.835,1.791,1.877,0.011,1.0,
"U(0.001,0.01), eps=1e-04",0.001,0.01,0.0001,oracle_hl,95,362044.3,355833.2,369558.8,1.74,1.696,1.784,0.0209,1.0,
"U(0.01,0.1), eps=1e-05",0.01,0.1,1e-05,brute,50,75455934.4,74124237.0,76643468.2,1.0,1.0,1.0,0.0024,1.0,0.024
"U(0.01,0.1), eps=1e-05",0.01,0.1,1e-05,brute,80,270949780.7,266872911.5,274819339.6,1.0,1.0,1.0,0.0066,1.0,0.0205
"U(0.01,0.1), eps=1e-05",0.01,0.1,1e-05,brute,90,448422833.7,442310956.6,455449961.1,1.0,1.0,1.0,0.0118,1.0,0.0211
"U(0.01,0.1), eps=1e-05",0.01,0.1,1e-05,brute,95,643237157.0,634336472.2,653562049.7,1.0,1.0,1.0,0.0168,1.0,0.021
"U(0.01,0.1), eps=1e-05",0.01,0.1,1e-05,separable,50,1132258652.2,1112797536.8,1156890598.9,0.067,0.065,0.068,0.0013,1.0,
"U(0.01,0.1), eps=1e-05",0.01,0.1,1e-05,separable,80,4058485960.8,4011128106.8,4109470580.4,0.067,0.065,0.068,0.0079,1.0,
"U(0.01,0.1), eps=1e-05",0.01,0.1,1e-05,separable,90,6714555805.3,6610976758.7,6805317957.4,0.067,0.065,0.068,0.0129,1.0,
"U(0.01,0.1), eps=1e-05",0.01,0.1,1e-05,separable,95,9621061242.7,9428855148.5,9777374559.0,0.067,0.065,0.069,0.0216,1.0,
"U(0.01,0.1), eps=1e-05",0.01,0.1,1e-05,linear,50,42848780.9,42061938.6,43579962.2,1.761,1.718,1.806,0.0019,1.0,
"U(0.01,0.1), eps=1e-05",0.01,0.1,1e-05,linear,80,177875715.0,174561032.8,181389499.8,1.523,1.487,1.561,0.0207,1.0,
"U(0.01,0.1), eps=1e-05",0.01,0.1,1e-05,linear,90,307321103.7,302749833.2,312595219.8,1.459,1.426,1.49,0.0133,1.0,
"U(0.01,0.1), eps=1e-05",0.01,0.1,1e-05,linear,95,467015379.1,457406649.9,474986549.2,1.377,1.347,1.412,0.0063,1.0,
"U(0.01,0.1), eps=1e-05",0.01,0.1,1e-05,binary,50,39239887.5,38525580.2,40199307.6,1.923,1.872,1.969,0.0027,1.0,
"U(0.01,0.1), eps=1e-05",0.01,0.1,1e-05,binary,80,158469136.4,155700559.6,160778370.7,1.71,1.672,1.747,0.0107,1.0,
"U(0.01,0.1), eps=1e-05",0.01,0.1,1e-05,binary,90,282425819.4,277991492.6,286455658.5,1.588,1.556,1.625,0.0095,1.0,
"U(0.01,0.1), eps=1e-05",0.01,0.1,1e-05,binary,95,430792526.9,424457194.9,437325114.7,1.493,1.463,1.527,0.0171,1.0,
"U(0.01,0.1), eps=1e-05",0.01,0.1,1e-05,reverse_eng,50,35498613.6,34865036.9,36098162.7,2.126,2.075,2.179,0.0012,1.0,
"U(0.01,0.1), eps=1e-05",0.01,0.1,1e-05,reverse_eng,80,145231440.5,143198708.1,147663903.5,1.866,1.823,1.903,0.0157,1.0,
"U(0.01,0.1), eps=1e-05",0.01,0.1,1e-05,reverse_eng,90,260409619.8,256387732.9,265536422.7,1.722,1.679,1.76,0.0221,1.0,
"U(0.01,0.1), eps=1e-05",0.01,0.1,1e-05,reverse_eng,95,410305686.6,394554714.8,424347806.3,1.568,1.516,1.632,0.0452,1.0,
"U(0.01,0.1), eps=1e-05",0.01,0.1,1e-05,binary_risk,50,36639958.8,35897201.9,37378580.7,2.059,2.004,2.115,0.0179,1.0,
"U(0.01,0.1), eps=1e-05",0.01,0.1,1e-05,binary_risk,80,145483406.4,143261761.6,148099157.8,1.862,1.82,1.903,0.0088,1.0,
"U(0.01,0.1), eps=1e-05",0.01,0.1,1e-05,binary_risk,90,257137918.6,252901456.7,262280377.5,1.744,1.703,1.782,0.0126,1.0,
"U(0.01,0.1), eps=1e-05",0.01,0.1,1e-05,binary_risk,95,386930494.0,378621020.5,394697291.1,1.662,1.621,1.708,0.0196,1.0,
"U(0.01,0.1), eps=1e-05",0.01,0.1,1e-05,reverse_eng_risk,50,34937481.9,34211894.3,35533161.8,2.16,2.107,2.215,0.0051,1.0,
"U(0.01,0.1), eps=1e-05",0.01,0.1,1e-05,reverse_eng_risk,80,140239060.6,138359561.4,142442012.7,1.932,1.891,1.97,0.0033,1.0,
"U(0.01,0.1), eps=1e-05",0.01,0.1,1e-05,reverse_eng_risk,90,255824575.5,252153942.3,260263944.9,1.753,1.716,1.788,0.0158,1.0,
"U(0.01,0.1), eps=1e-05",0.01,0.1,1e-05,reverse_eng_risk,95,388337375.4,379981943.9,395931719.9,1.656,1.617,1.702,0.011,1.0,
"U(0.01,0.1), eps=1e-05",0.01,0.1,1e-05,oracle_hl,50,33650971.5,32931699.6,34330932.0,2.242,2.181,2.303,0.0036,1.0,
"U(0.01,0.1), eps=1e-05",0.01,0.1,1e-05,oracle_hl,80,137186856.4,135290589.0,139152368.0,1.975,1.935,2.016,0.0038,1.0,
"U(0.01,0.1), eps=1e-05",0.01,0.1,1e-05,oracle_hl,90,244986231.2,241632673.5,248657217.4,1.83,1.792,1.869,0.0094,1.0,
"U(0.01,0.1), eps=1e-05",0.01,0.1,1e-05,oracle_hl,95,370663117.8,364680035.7,377572673.3,1.735,1.697,1.775,0.0188,1.0,
"U(0.001,0.01), eps=1e-05",0.001,0.01,1e-05,brute,50,7243761.7,7121778.9,7360244.5,1.0,1.0,1.0,0.0015,1.0,0.0232
"U(0.001,0.01), eps=1e-05",0.001,0.01,1e-05,brute,80,25921502.7,25485323.0,26286050.5,1.0,1.0,1.0,0.0084,1.0,0.0216
"U(0.001,0.01), eps=1e-05",0.001,0.01,1e-05,brute,90,43107019.1,42493127.7,43806126.9,1.0,1.0,1.0,0.012,1.0,0.0208
"U(0.001,0.01), eps=1e-05",0.001,0.01,1e-05,brute,95,61376810.3,60533156.8,62300170.0,1.0,1.0,1.0,0.0183,1.0,0.0207
"U(0.001,0.01), eps=1e-05",0.001,0.01,1e-05,separable,50,1135314595.5,1114924290.8,1154105241.9,0.006,0.006,0.007,0.0005,1.0,
"U(0.001,0.01), eps=1e-05",0.001,0.01,1e-05,separable,80,,,,,,,,0.0,
"U(0.001,0.01), eps=1e-05",0.001,0.01,1e-05,separable,90,,,,,,,,0.0,
"U(0.001,0.01), eps=1e-05",0.001,0.01,1e-05,separable,95,,,,,,,,0.0,
"U(0.001,0.01), eps=1e-05",0.001,0.01,1e-05,linear,50,5302026.7,5230518.5,5387656.8,1.366,1.333,1.395,0.0069,1.0,
"U(0.001,0.01), eps=1e-05",0.001,0.01,1e-05,linear,80,18231604.5,17983413.9,18454621.2,1.422,1.395,1.45,0.0049,1.0,
"U(0.001,0.01), eps=1e-05",0.001,0.01,1e-05,linear,90,30792963.8,30153062.7,31337173.2,1.4,1.37,1.437,0.0121,1.0,
"U(0.001,0.01), eps=1e-05",0.001,0.01,1e-05,linear,95,49437934.5,48768536.5,50166102.6,1.241,1.217,1.267,0.0158,1.0,
"U(0.001,0.01), eps=1e-05",0.001,0.01,1e-05,binary,50,6174301.4,6079540.7,6277274.6,1.173,1.144,1.199,0.0028,1.0,
"U(0.001,0.01), eps=1e-05",0.001,0.01,1e-05,binary,80,23656549.4,23297212.5,24027794.4,1.096,1.07,1.12,0.0103,1.0,
"U(0.001,0.01), eps=1e-05",0.001,0.01,1e-05,binary,90,40406526.8,39898883.8,40924017.6,1.067,1.047,1.089,0.0126,1.0,
"U(0.001,0.01), eps=1e-05",0.001,0.01,1e-05,binary,95,59946845.7,58994893.8,60955111.5,1.024,1.003,1.047,0.0231,1.0,
"U(0.001,0.01), eps=1e-05",0.001,0.01,1e-05,reverse_eng,50,3987516.4,3883791.2,4075233.7,1.817,1.767,1.876,0.0278,1.0,
"U(0.001,0.01), eps=1e-05",0.001,0.01,1e-05,reverse_eng,80,15496052.2,15268108.9,15706570.0,1.673,1.639,1.705,0.0045,1.0,
"U(0.001,0.01), eps=1e-05",0.001,0.01,1e-05,reverse_eng,90,27130270.6,26738550.2,27492991.0,1.589,1.559,1.623,0.0169,1.0,
"U(0.001,0.01), eps=1e-05",0.001,0.01,1e-05,reverse_eng,95,42083058.6,41461385.7,42794259.1,1.458,1.427,1.491,0.0144,1.0,
"U(0.001,0.01), eps=1e-05",0.001,0.01,1e-05,binary_risk,50,4398337.1,4329701.1,4481667.5,1.647,1.606,1.685,0.0037,1.0,
"U(0.001,0.01), eps=1e-05",0.001,0.01,1e-05,binary_risk,80,16279585.3,16034132.0,16554090.3,1.592,1.555,1.625,0.0068,1.0,
"U(0.001,0.01), eps=1e-05",0.001,0.01,1e-05,binary_risk,90,28415158.2,28036964.2,28839045.7,1.517,1.487,1.549,0.0132,1.0,
"U(0.001,0.01), eps=1e-05",0.001,0.01,1e-05,binary_risk,95,41650059.8,41132210.0,42180860.2,1.474,1.446,1.502,0.0341,1.0,
"U(0.001,0.01), eps=1e-05",0.001,0.01,1e-05,reverse_eng_risk,50,3690690.1,3622955.0,3775137.2,1.963,1.911,2.01,0.0059,1.0,
"U(0.001,0.01), eps=1e-05",0.001,0.01,1e-05,reverse_eng_risk,80,14338596.4,14074871.8,14600619.6,1.808,1.763,1.848,0.0133,1.0,
"U(0.001,0.01), eps=1e-05",0.001,0.01,1e-05,reverse_eng_risk,90,25441537.8,24935345.4,25900128.6,1.694,1.654,1.74,0.0187,1.0,
"U(0.001,0.01), eps=1e-05",0.001,0.01,1e-05,reverse_eng_risk,95,38800800.2,37987343.4,39512148.0,1.582,1.546,1.623,0.0213,1.0,
"U(0.001,0.01), eps=1e-05",0.001,0.01,1e-05,oracle_hl,50,3312973.3,3244188.6,3371716.7,2.186,2.133,2.245,0.0031,1.0,
"U(0.001,0.01), eps=1e-05",0.001,0.01,1e-05,oracle_hl,80,13468590.5,13282594.8,13685570.8,1.925,1.88,1.965,0.0046,1.0,
"U(0.001,0.01), eps=1e-05",0.001,0.01,1e-05,oracle_hl,90,23995061.0,23625638.3,24428667.9,1.796,1.757,1.836,0.011,1.0,
"U(0.001,0.01), eps=1e-05",0.001,0.01,1e-05,oracle_hl,95,36204468.2,35575332.5,36990033.2,1.695,1.653,1.734,0.0209,1.0,
"U(0.01,0.1), eps=1e-06",0.01,0.1,1e-06,brute,50,7544868663.5,7403713584.5,7662855543.5,1.0,1.0,1.0,0.0022,1.0,0.0232
"U(0.01,0.1), eps=1e-06",0.01,0.1,1e-06,brute,80,27090781762.8,26655066806.9,27480737484.9,1.0,1.0,1.0,0.0065,1.0,0.0225
"U(0.01,0.1), eps=1e-06",0.01,0.1,1e-06,brute,90,44853284996.9,44240613749.7,45539183401.2,1.0,1.0,1.0,0.0116,1.0,0.0203
"U(0.01,0.1), eps=1e-06",0.01,0.1,1e-06,brute,95,64279632025.0,63388462663.6,65306720414.1,1.0,1.0,1.0,0.0173,1.0,0.0215
"U(0.01,0.1), eps=1e-06",0.01,0.1,1e-06,separable,50,113112472672.0,111181403450.5,115579841674.0,0.067,0.065,0.068,0.0013,1.0,
"U(0.01,0.1), eps=1e-06",0.01,0.1,1e-06,separable,80,405427643132.6,400481992317.2,410240516279.2,0.067,0.065,0.068,0.0082,1.0,
"U(0.01,0.1), eps=1e-06",0.01,0.1,1e-06,separable,90,671332940611.1,661012646824.9,680730880890.3,0.067,0.066,0.068,0.0128,1.0,
"U(0.01,0.1), eps=1e-06",0.01,0.1,1e-06,separable,95,961799836442.3,943771910822.1,977761499259.8,0.067,0.065,0.068,0.0209,1.0,
"U(0.01,0.1), eps=1e-06",0.01,0.1,1e-06,linear,50,4262599206.9,4179217122.1,4334746678.7,1.77,1.727,1.816,0.0007,1.0,
"U(0.01,0.1), eps=1e-06",0.01,0.1,1e-06,linear,80,16891490615.3,16648169254.6,17141613484.5,1.604,1.569,1.635,0.0025,1.0,
"U(0.01,0.1), eps=1e-06",0.01,0.1,1e-06,linear,90,29475835014.0,29078903175.9,29933777492.6,1.522,1.492,1.554,0.0114,1.0,
"U(0.01,0.1), eps=1e-06",0.01,0.1,1e-06,linear,95,44867712424.3,44102687792.2,45798897237.4,1.433,1.397,1.467,0.0438,1.0,
"U(0.01,0.1), eps=1e-06",0.01,0.1,1e-06,binary,50,3804607929.8,3733658676.5,3890634598.2,1.983,1.93,2.031,0.0098,1.0,
"U(0.01,0.1), eps=1e-06",0.01,0.1,1e-06,binary,80,15644826072.9,15369431883.9,15893355944.6,1.732,1.694,1.772,0.004,1.0,
"U(0.01,0.1), eps=1e-06",0.01,0.1,1e-06,binary,90,29052395170.5,28596426620.2,29500479665.6,1.544,1.51,1.578,0.0058,1.0,
"U(0.01,0.1), eps=1e-06",0.01,0.1,1e-06,binary,95,42361379941.1,41765074086.2,42999689505.8,1.517,1.487,1.551,0.0181,1.0,
"U(0.01,0.1), eps=1e-06",0.01,0.1,1e-06,reverse_eng,50,3486802785.2,3415828621.1,3546958964.0,2.164,2.11,2.222,0.0013,1.0,
"U(0.01,0.1), eps=1e-06",0.01,0.1,1e-06,reverse_eng,80,14408667063.6,14184914036.8,14665651462.8,1.88,1.836,1.919,0.0061,1.0,
"U(0.01,0.1), eps=1e-06",0.01,0.1,1e-06,reverse_eng,90,26033766893.7,25598549022.0,26558849849.5,1.723,1.682,1.762,0.0111,1.0,
"U(0.01,0.1), eps=1e-06",0.01,0.1,1e-06,reverse_eng,95,39955934173.2,38896725961.7,40768408584.6,1.609,1.57,1.655,0.0212,1.0,
"U(0.01,0.1), eps=1e-06",0.01,0.1,1e-06,binary_risk,50,3430179067.9,3359402836.6,3489901659.2,2.2,2.145,2.255,0.0133,1.0,
"U(0.01,0.1), eps=1e-06",0.01,0.1,1e-06,binary_risk,80,14068642985.8,13873290985.0,14281920521.6,1.926,1.883,1.963,0.0054,1.0,
"U(0.01,0.1), eps=1e-06",0.01,0.1,1e-06,binary_risk,90,24975548358.8,24650175920.0,25337377091.7,1.796,1.76,1.834,0.017,1.0,
"U(0.01,0.1), eps=1e-06",0.01,0.1,1e-06,binary_risk,95,37859153546.5,37199522269.2,38643721816.8,1.698,1.657,1.738,0.019,1.0,
"U(0.01,0.1), eps=1e-06",0.01,0.1,1e-06,reverse_eng_risk,50,3365661442.7,3294837454.5,3435579296.6,2.242,2.181,2.302,0.0014,1.0,
"U(0.01,0.1), eps=1e-06",0.01,0.1,1e-06,reverse_eng_risk,80,14177949602.4,13939264996.1,14449714866.6,1.911,1.862,1.953,0.0157,1.0,
"U(0.01,0.1), eps=1e-06",0.01,0.1,1e-06,reverse_eng_risk,90,25507224596.9,25061523190.0,26045634480.5,1.758,1.714,1.8,0.0042,1.0,
"U(0.01,0.1), eps=1e-06",0.01,0.1,1e-06,reverse_eng_risk,95,38640416388.4,37821696094.1,39447153425.1,1.664,1.621,1.709,0.0158,1.0,
"U(0.01,0.1), eps=1e-06",0.01,0.1,1e-06,oracle_hl,50,3365097215.1,3293170024.1,3433093260.0,2.242,2.181,2.303,0.0036,1.0,
"U(0.01,0.1), eps=1e-06",0.01,0.1,1e-06,oracle_hl,80,13718685683.9,13529058938.8,13915236851.5,1.975,1.931,2.015,0.0038,1.0,
"U(0.01,0.1), eps=1e-06",0.01,0.1,1e-06,oracle_hl,90,24498623150.3,24163267378.9,24865721770.5,1.831,1.793,1.869,0.0094,1.0,
"U(0.01,0.1), eps=1e-06",0.01,0.1,1e-06,oracle_hl,95,37066311799.5,36468003592.8,37757267338.8,1.734,1.694,1.773,0.0188,1.0,
"U(0.001,0.01), eps=1e-06",0.001,0.01,1e-06,brute,50,721731385.4,709211983.2,733417419.2,1.0,1.0,1.0,0.0039,1.0,0.024
"U(0.001,0.01), eps=1e-06",0.001,0.01,1e-06,brute,80,2587753486.6,2545518744.3,2623548832.7,1.0,1.0,1.0,0.0075,1.0,0.022
"U(0.001,0.01), eps=1e-06",0.001,0.01,1e-06,brute,90,4294489303.0,4235041201.2,4367282348.9,1.0,1.0,1.0,0.0112,1.0,0.0214
"U(0.001,0.01), eps=1e-06",0.001,0.01,1e-06,brute,95,6162779129.9,6077764588.4,6265291344.7,1.0,1.0,1.0,0.0165,1.0,0.0219
"U(0.001,0.01), eps=1e-06",0.001,0.01,1e-06,separable,50,112990356235.5,110804830415.2,114978717528.5,0.006,0.006,0.007,0.0008,1.0,
"U(0.001,0.01), eps=1e-06",0.001,0.01,1e-06,separable,80,,,,,,,,0.0,
"U(0.001,0.01), eps=1e-06",0.001,0.01,1e-06,separable,90,,,,,,,,0.0,
"U(0.001,0.01), eps=1e-06",0.001,0.01,1e-06,separable,95,,,,,,,,0.0,
"U(0.001,0.01), eps=1e-06",0.001,0.01,1e-06,linear,50,465737252.3,454880798.8,473977944.0,1.55,1.512,1.593,0.0304,1.0,
"U(0.001,0.01), eps=1e-06",0.001,0.01,1e-06,linear,80,1777057249.5,1746188065.9,1803387219.9,1.456,1.424,1.489,0.0039,1.0,
"U(0.001,0.01), eps=1e-06",0.001,0.01,1e-06,linear,90,3003525189.6,2954433646.6,3055239851.0,1.43,1.398,1.464,0.0012,1.0,
"U(0.001,0.01), eps=1e-06",0.001,0.01,1e-06,linear,95,4360574961.0,4283979578.5,4448177471.0,1.413,1.378,1.449,0.0128,1.0,
"U(0.001,0.01), eps=1e-06",0.001,0.01,1e-06,binary,50,466687527.4,456882683.5,475774448.4,1.546,1.505,1.588,0.0023,1.0,
"U(0.001,0.01), eps=1e-06",0.001,0.01,1e-06,binary,80,1757388091.1,1721167719.7,1784429608.1,1.472,1.438,1.508,0.007,1.0,
"U(0.001,0.01), eps=1e-06",0.001,0.01,1e-06,binary,90,2968880119.6,2924770193.3,3021571323.9,1.447,1.415,1.48,0.0187,1.0,
"U(0.001,0.01), eps=1e-06",0.001,0.01,1e-06,binary,95,4426516419.7,4341796482.1,4517436508.6,1.392,1.357,1.427,0.0214,1.0,
"U(0.001,0.01), eps=1e-06",0.001,0.01,1e-06,reverse_eng,50,349038882.3,342787048.5,354793099.1,2.068,2.019,2.119,0.0022,1.0,
"U(0.001,0.01), eps=1e-06",0.001,0.01,1e-06,reverse_eng,80,1431740544.2,1407223974.7,1455802776.7,1.807,1.766,1.848,0.0012,1.0,
"U(0.001,0.01), eps=1e-06",0.001,0.01,1e-06,reverse_eng,90,2485847368.1,2446976487.3,2536434148.9,1.728,1.684,1.769,0.0325,1.0,
"U(0.001,0.01), eps=1e-06",0.001,0.01,1e-06,reverse_eng,95,3906177265.1,3840511669.7,3969137434.9,1.578,1.544,1.616,0.0094,1.0,
"U(0.001,0.01), eps=1e-06",0.001,0.01,1e-06,binary_risk,50,359174095.8,353497567.0,365459103.6,2.009,1.962,2.056,0.0051,1.0,
"U(0.001,0.01), eps=1e-06",0.001,0.01,1e-06,binary_risk,80,1391174530.5,1371903023.5,1413215302.8,1.86,1.817,1.898,0.0277,1.0,
"U(0.001,0.01), eps=1e-06",0.001,0.01,1e-06,binary_risk,90,2493743781.8,2453506781.0,2545599347.8,1.722,1.681,1.765,0.0302,1.0,
"U(0.001,0.01), eps=1e-06",0.001,0.01,1e-06,binary_risk,95,3812754183.0,3718052597.5,3897772694.1,1.616,1.577,1.665,0.0377,1.0,
"U(0.001,0.01), eps=1e-06",0.001,0.01,1e-06,reverse_eng_risk,50,338316265.5,331701669.3,344044007.3,2.133,2.082,2.189,0.0032,1.0,
"U(0.001,0.01), eps=1e-06",0.001,0.01,1e-06,reverse_eng_risk,80,1372863727.1,1352060037.4,1397572705.0,1.885,1.843,1.923,0.009,1.0,
"U(0.001,0.01), eps=1e-06",0.001,0.01,1e-06,reverse_eng_risk,90,2468403914.1,2429268067.4,2514409917.5,1.74,1.698,1.779,0.0116,1.0,
"U(0.001,0.01), eps=1e-06",0.001,0.01,1e-06,reverse_eng_risk,95,3711612047.1,3629295725.5,3783678203.1,1.66,1.62,1.707,0.015,1.0,
"U(0.001,0.01), eps=1e-06",0.001,0.01,1e-06,oracle_hl,50,331297404.1,324418943.8,337171736.1,2.178,2.124,2.237,0.0031,1.0,
"U(0.001,0.01), eps=1e-06",0.001,0.01,1e-06,oracle_hl,80,1346859087.6,1328259516.9,1368557123.0,1.921,1.88,1.961,0.0046,1.0,
"U(0.001,0.01), eps=1e-06",0.001,0.01,1e-06,oracle_hl,90,2399506152.4,2362563882.0,2442866851.5,1.79,1.751,1.83,0.011,1.0,
"U(0.001,0.01), eps=1e-06",0.001,0.01,1e-06,oracle_hl,95,3620446864.4,3557533295.0,3699003362.2,1.702,1.659,1.742,0.0209,1.0,
"U(0.01,0.1), eps=1e-07",0.01,0.1,1e-07,brute,50,754327386624.7,740884395121.2,766115166542.2,1.0,1.0,1.0,0.0022,1.0,0.0233
"U(0.01,0.1), eps=1e-07",0.01,0.1,1e-07,brute,80,2709388922092.9,2665924939051.9,2748792505872.6,1.0,1.0,1.0,0.0065,1.0,0.0214
"U(0.01,0.1), eps=1e-07",0.01,0.1,1e-07,brute,90,4486042662807.3,4425848015979.0,4556557669150.1,1.0,1.0,1.0,0.0117,1.0,0.0205
"U(0.01,0.1), eps=1e-07",0.01,0.1,1e-07,brute,95,6429281096188.0,6340390024058.9,6534900699402.4,1.0,1.0,1.0,0.0171,1.0,0.0218
"U(0.01,0.1), eps=1e-07",0.01,0.1,1e-07,separable,50,11309660544802.5,11114798790083.5,11552749914673.6,0.067,0.065,0.068,0.0013,1.0,
"U(0.01,0.1), eps=1e-07",0.01,0.1,1e-07,separable,80,40558737610388.8,40095030474667.8,41083184717516.1,0.067,0.065,0.068,0.0081,1.0,
"U(0.01,0.1), eps=1e-07",0.01,0.1,1e-07,separable,90,67166910124346.0,66057306268183.1,68070245325715.2,0.067,0.066,0.068,0.0125,1.0,
"U(0.01,0.1), eps=1e-07",0.01,0.1,1e-07,separable,95,96212672115813.2,94348168223297.4,97782026208657.5,0.067,0.065,0.068,0.0209,1.0,
"U(0.01,0.1), eps=1e-07",0.01,0.1,1e-07,linear,50,425468277060.0,417527104434.6,432650802612.8,1.773,1.727,1.818,0.0004,1.0,
"U(0.01,0.1), eps=1e-07",0.01,0.1,1e-07,linear,80,1683365894789.5,1660207180127.4,1707476209154.1,1.61,1.575,1.641,0.0049,1.0,
"U(0.01,0.1), eps=1e-07",0.01,0.1,1e-07,linear,90,2945591231187.6,2907123146194.1,2989594421350.0,1.523,1.492,1.554,0.0115,1.0,
"U(0.01,0.1), eps=1e-07",0.01,0.1,1e-07,linear,95,4489951198789.7,4413427779577.6,4587051595542.0,1.432,1.399,1.465,0.0426,1.0,
"U(0.01,0.1), eps=1e-07",0.01,0.1,1e-07,binary,50,371566811497.4,365483121800.5,378127505798.7,2.03,1.982,2.075,0.0045,1.0,
"U(0.01,0.1), eps=1e-07",0.01,0.1,1e-07,binary,80,1560556709818.3,1532796951474.0,1585462506427.5,1.736,1.697,1.775,0.0026,1.0,
"U(0.01,0.1), eps=1e-07",0.01,0.1,1e-07,binary,90,2906109373895.8,2862928652212.8,2952008438808.9,1.544,1.512,1.579,0.0067,1.0,
"U(0.01,0.1), eps=1e-07",0.01,0.1,1e-07,binary,95,4235680735777.0,4174061597068.2,4298351469247.1,1.518,1.487,1.55,0.0182,1.0,
"U(0.01,0.1), eps=1e-07",0.01,0.1,1e-07,reverse_eng,50,348354270960.9,341221096775.6,354649723827.2,2.165,2.111,2.223,0.0014,1.0,
"U(0.01,0.1), eps=1e-07",0.01,0.1,1e-07,reverse_eng,80,1440232657270.5,1418294760836.9,1465534946219.8,1.881,1.834,1.92,0.0065,1.0,
"U(0.01,0.1), eps=1e-07",0.01,0.1,1e-07,reverse_eng,90,2603749722175.2,2561355929798.5,2653962868111.5,1.723,1.683,1.763,0.0114,1.0,
"U(0.01,0.1), eps=1e-07",0.01,0.1,1e-07,reverse_eng,95,3993695881776.3,3888644489290.5,4074760868602.1,1.61,1.572,1.658,0.0218,1.0,
"U(0.01,0.1), eps=1e-07",0.01,0.1,1e-07,binary_risk,50,339177657175.7,331788474677.6,345669272368.4,2.224,2.168,2.283,0.0135,1.0,
"U(0.01,0.1), eps=1e-07",0.01,0.1,1e-07,binary_risk,80,1401570371278.0,1381720788518.2,1422010307229.3,1.933,1.891,1.972,0.0056,1.0,
"U(0.01,0.1), eps=1e-07",0.01,0.1,1e-07,binary_risk,90,2492661759269.3,2457852926537.4,2528793696985.3,1.8,1.765,1.837,0.0154,1.0,
"U(0.01,0.1), eps=1e-07",0.01,0.1,1e-07,binary_risk,95,3793376403982.1,3727323806821.3,3873554921754.4,1.695,1.652,1.736,0.015,1.0,
"U(0.01,0.1), eps=1e-07",0.01,0.1,1e-07,reverse_eng_risk,50,337425879983.4,329190422599.5,345583853626.7,2.236,2.165,2.302,0.0163,1.0,
"U(0.01,0.1), eps=1e-07",0.01,0.1,1e-07,reverse_eng_risk,80,1419931116908.0,1396191134720.7,1447051217070.1,1.908,1.862,1.953,0.0136,1.0,
"U(0.01,0.1), eps=1e-07",0.01,0.1,1e-07,reverse_eng_risk,90,2552546705286.2,2507102234334.9,2607009659743.6,1.757,1.71,1.799,0.0042,1.0,
"U(0.01,0.1), eps=1e-07",0.01,0.1,1e-07,reverse_eng_risk,95,3869691802138.9,3787491433492.9,3946799611597.6,1.661,1.621,1.708,0.0163,1.0,
"U(0.01,0.1), eps=1e-07",0.01,0.1,1e-07,oracle_hl,50,336509721529.8,329317002429.7,343309326017.4,2.242,2.181,2.302,0.0036,1.0,
"U(0.01,0.1), eps=1e-07",0.01,0.1,1e-07,oracle_hl,80,1371868568448.2,1352905893932.7,1391523685210.6,1.975,1.934,2.015,0.0038,1.0,
"U(0.01,0.1), eps=1e-07",0.01,0.1,1e-07,oracle_hl,90,2449862315066.9,2416326737921.1,2486572177089.9,1.831,1.793,1.87,0.0094,1.0,
"U(0.01,0.1), eps=1e-07",0.01,0.1,1e-07,oracle_hl,95,3706631179974.6,3646800359298.5,3775726733903.4,1.735,1.695,1.775,0.0188,1.0,
"U(0.001,0.01), eps=1e-07",0.001,0.01,1e-07,brute,50,72103476299.7,70830072124.9,73215540289.4,1.0,1.0,1.0,0.0023,1.0,0.0235
"U(0.001,0.01), eps=1e-07",0.001,0.01,1e-07,brute,80,258883611933.4,254753001478.1,262572682705.1,1.0,1.0,1.0,0.0064,1.0,0.021
"U(0.001,0.01), eps=1e-07",0.001,0.01,1e-07,brute,90,428429459650.0,422548025963.4,435143024346.2,1.0,1.0,1.0,0.0117,1.0,0.0209
"U(0.001,0.01), eps=1e-07",0.001,0.01,1e-07,brute,95,614078825279.8,605497322056.8,624008872427.7,1.0,1.0,1.0,0.0171,1.0,0.0214
"U(0.001,0.01), eps=1e-07",0.001,0.01,1e-07,separable,50,11305047007877.2,11087785368979.7,11489682634009.9,0.006,0.006,0.007,0.0005,1.0,
"U(0.001,0.01), eps=1e-07",0.001,0.01,1e-07,separable,80,,,,,,,,0.0,
"U(0.001,0.01), eps=1e-07",0.001,0.01,1e-07,separable,90,,,,,,,,0.0,
"U(0.001,0.01), eps=1e-07",0.001,0.01,1e-07,separable,95,,,,,,,,0.0,
"U(0.001,0.01), eps=1e-07",0.001,0.01,1e-07,linear,50,45234783601.2,44371056383.3,46294055366.8,1.594,1.546,1.634,0.0008,1.0,
"U(0.001,0.01), eps=1e-07",0.001,0.01,1e-07,linear,80,176178185091.9,173167048604.4,178835242761.0,1.469,1.437,1.503,0.0034,1.0,
"U(0.001,0.01), eps=1e-07",0.001,0.01,1e-07,linear,90,298859975825.0,294025296171.4,304309901223.1,1.434,1.403,1.466,0.0052,1.0,
"U(0.001,0.01), eps=1e-07",0.001,0.01,1e-07,linear,95,431459780878.8,424999421673.9,439316867935.8,1.423,1.389,1.457,0.0248,1.0,
"U(0.001,0.01), eps=1e-07",0.001,0.01,1e-07,binary,50,37752948212.4,37006238692.4,38596492590.2,1.91,1.857,1.96,0.0046,1.0,
"U(0.001,0.01), eps=1e-07",0.001,0.01,1e-07,binary,80,147439199296.2,144817366514.2,149720074107.2,1.756,1.719,1.798,0.0015,1.0,
"U(0.001,0.01), eps=1e-07",0.001,0.01,1e-07,binary,90,257238530863.1,251587985883.3,261858636916.4,1.665,1.628,1.709,0.0164,1.0,
"U(0.001,0.01), eps=1e-07",0.001,0.01,1e-07,binary,95,390565781958.2,382682550732.8,396929511824.8,1.572,1.538,1.612,0.0176,1.0,
"U(0.001,0.01), eps=1e-07",0.001,0.01,1e-07,reverse_eng,50,34884524384.4,34296136045.5,35465156720.9,2.067,2.018,2.118,0.0079,1.0,
"U(0.001,0.01), eps=1e-07",0.001,0.01,1e-07,reverse_eng,80,142801764857.9,140329598125.2,145171141849.6,1.813,1.773,1.853,0.0013,1.0,
"U(0.001,0.01), eps=1e-07",0.001,0.01,1e-07,reverse_eng,90,249590204458.8,245423273243.0,255329959514.3,1.717,1.671,1.757,0.0273,1.0,
"U(0.001,0.01), eps=1e-07",0.001,0.01,1e-07,reverse_eng,95,391636595588.0,384906046695.6,398026527210.0,1.568,1.535,1.604,0.009,1.0,
"U(0.001,0.01), eps=1e-07",0.001,0.01,1e-07,binary_risk,50,34611844310.3,34056528822.8,35198415581.6,2.083,2.037,2.133,0.0051,1.0,
"U(0.001,0.01), eps=1e-07",0.001,0.01,1e-07,binary_risk,80,138050594582.4,136086357337.9,140641051920.1,1.875,1.831,1.916,0.0186,1.0,
"U(0.001,0.01), eps=1e-07",0.001,0.01,1e-07,binary_risk,90,246968553893.1,243265397557.9,251145035709.5,1.735,1.697,1.773,0.0293,1.0,
"U(0.001,0.01), eps=1e-07",0.001,0.01,1e-07,binary_risk,95,370174409603.1,362053900176.4,378260317967.4,1.659,1.617,1.705,0.0347,1.0,
"U(0.001,0.01), eps=1e-07",0.001,0.01,1e-07,reverse_eng_risk,50,33638830621.0,32988718687.0,34195671634.4,2.143,2.094,2.198,0.0093,1.0,
"U(0.001,0.01), eps=1e-07",0.001,0.01,1e-07,reverse_eng_risk,80,137821620301.9,135658513975.1,140267840454.0,1.878,1.834,1.917,0.0057,1.0,
"U(0.001,0.01), eps=1e-07",0.001,0.01,1e-07,reverse_eng_risk,90,246484296548.2,242507376973.1,251355794300.1,1.738,1.697,1.778,0.0101,1.0,
"U(0.001,0.01), eps=1e-07",0.001,0.01,1e-07,reverse_eng_risk,95,378526415296.1,370828634166.8,385437990022.9,1.622,1.585,1.666,0.0056,1.0,
"U(0.001,0.01), eps=1e-07",0.001,0.01,1e-07,oracle_hl,50,33129740447.5,32441894413.3,33717173652.1,2.176,2.122,2.232,0.0031,1.0,
"U(0.001,0.01), eps=1e-07",0.001,0.01,1e-07,oracle_hl,80,134685908832.6,132825951762.5,136855712379.1,1.922,1.88,1.961,0.0046,1.0,
"U(0.001,0.01), eps=1e-07",0.001,0.01,1e-07,oracle_hl,90,239950615262.8,236256388223.8,244286685162.5,1.785,1.746,1.826,0.011,1.0,
"U(0.001,0.01), eps=1e-07",0.001,0.01,1e-07,oracle_hl,95,362044686532.5,355753329579.9,369900336313.6,1.696,1.651,1.735,0.0209,1.0,
"U(0.01,0.1), eps=1e-08",0.01,0.1,1e-08,brute,50,75436562937821.1,74101697657593.7,76660706701476.8,1.0,1.0,1.0,0.0022,1.0,0.0243
"U(0.01,0.1), eps=1e-08",0.01,0.1,1e-08,brute,80,270975755210404.3,266763090897089.9,274885447958116.8,1.0,1.0,1.0,0.0065,1.0,0.0213
"U(0.01,0.1), eps=1e-08",0.01,0.1,1e-08,brute,90,448670403873320.2,442549143886637.9,455785806708295.6,1.0,1.0,1.0,0.0116,1.0,0.0204
"U(0.01,0.1), eps=1e-08",0.01,0.1,1e-08,brute,95,643052136577970.5,634293766145341.5,653642441002770.5,1.0,1.0,1.0,0.0172,1.0,0.0215
"U(0.01,0.1), eps=1e-08",0.01,0.1,1e-08,separable,50,1131092649932836.2,1112106411787602.9,1155060508240645.2,0.067,0.065,0.068,0.0013,1.0,
"U(0.01,0.1), eps=1e-08",0.01,0.1,1e-08,separable,80,4056326188263525.5,4005174018776676.5,4106021494398758.0,0.067,0.065,0.068,0.0081,1.0,
"U(0.01,0.1), eps=1e-08",0.01,0.1,1e-08,separable,90,6718176647916627.0,6615354302521572.0,6807627168720012.0,0.067,0.065,0.068,0.0123,1.0,
"U(0.01,0.1), eps=1e-08",0.01,0.1,1e-08,separable,95,9622765804458598.0,9437467174206584.0,9780672365750036.0,0.067,0.065,0.068,0.0208,1.0,
"U(0.01,0.1), eps=1e-08",0.01,0.1,1e-08,linear,50,41904448943324.0,40915720121316.6,42757273360951.4,1.8,1.751,1.855,0.0086,1.0,
"U(0.01,0.1), eps=1e-08",0.01,0.1,1e-08,linear,80,168327520959505.7,166040118941475.1,170720796373576.7,1.61,1.576,1.642,0.0045,1.0,
"U(0.01,0.1), eps=1e-08",0.01,0.1,1e-08,linear,90,294439182430094.6,290412380669481.6,298957820908095.8,1.524,1.494,1.556,0.0118,1.0,
"U(0.01,0.1), eps=1e-08",0.01,0.1,1e-08,linear,95,449006736002627.1,441249142688078.4,458420804204643.8,1.432,1.398,1.467,0.0428,1.0,
"U(0.01,0.1), eps=1e-08",0.01,0.1,1e-08,binary,50,37175098676434.9,36573988115371.8,37851778304075.6,2.029,1.981,2.077,0.004,1.0,
"U(0.01,0.1), eps=1e-08",0.01,0.1,1e-08,binary,80,156051892212560.2,153251201651676.5,158464257556291.0,1.736,1.698,1.777,0.0028,1.0,
"U(0.01,0.1), eps=1e-08",0.01,0.1,1e-08,binary,90,290395721730961.8,285954605414516.8,294808305934688.3,1.545,1.512,1.578,0.0067,1.0,
"U(0.01,0.1), eps=1e-08",0.01,0.1,1e-08,binary,95,423568073577765.1,417393063795954.7,429720858907478.1,1.518,1.488,1.55,0.0182,1.0,
"U(0.01,0.1), eps=1e-08",0.01,0.1,1e-08,reverse_eng,50,34842136971487.6,34124509771170.4,35475634373198.7,2.165,2.11,2.223,0.0012,1.0,
"U(0.01,0.1), eps=1e-08",0.01,0.1,1e-08,reverse_eng,80,144048331912129.4,141827568344275.7,146490795224262.6,1.881,1.833,1.921,0.0063,1.0,
"U(0.01,0.1), eps=1e-08",0.01,0.1,1e-08,reverse_eng,90,260373770844499.8,255835547712653.1,265729302945564.2,1.723,1.683,1.765,0.0112,1.0,
"U(0.01,0.1), eps=1e-08",0.01,0.1,1e-08,reverse_eng,95,399406951940990.1,389783912846013.3,407444651735088.1,1.61,1.573,1.657,0.0219,1.0,
"U(0.01,0.1), eps=1e-08",0.01,0.1,1e-08,binary_risk,50,33918786683449.6,33192611796469.7,34560793715054.2,2.224,2.168,2.285,0.013,1.0,
"U(0.01,0.1), eps=1e-08",0.01,0.1,1e-08,binary_risk,80,140205743603564.4,138201905583874.9,142242800819268.8,1.933,1.891,1.972,0.0059,1.0,
"U(0.01,0.1), eps=1e-08",0.01,0.1,1e-08,binary_risk,90,249142701173806.5,245673956430256.8,252923990819113.7,1.801,1.765,1.839,0.0151,1.0,
"U(0.01,0.1), eps=1e-08",0.01,0.1,1e-08,binary_risk,95,379799470860110.9,373134532160976.1,387980717240902.1,1.693,1.648,1.735,0.0138,1.0,
"U(0.01,0.1), eps=1e-08",0.01,0.1,1e-08,reverse_eng_risk,50,33764659287531.0,32940500824763.1,34592575455419.1,2.234,2.168,2.301,0.0166,1.0,
"U(0.01,0.1), eps=1e-08",0.01,0.1,1e-08,reverse_eng_risk,80,142124282560029.3,139761861752923.8,144851973170518.5,1.907,1.86,1.951,0.013,1.0,
"U(0.01,0.1), eps=1e-08",0.01,0.1,1e-08,reverse_eng_risk,90,255268509947084.8,250647517379509.1,260677648203950.7,1.758,1.711,1.799,0.004,1.0,
"U(0.01,0.1), eps=1e-08",0.01,0.1,1e-08,reverse_eng_risk,95,387092120963515.4,378811746403865.2,394712518024970.3,1.661,1.622,1.707,0.0161,1.0,
"U(0.01,0.1), eps=1e-08",0.01,0.1,1e-08,oracle_hl,50,33650972153075.1,32931700243061.7,34330932601824.2,2.242,2.182,2.304,0.0036,1.0,
"U(0.01,0.1), eps=1e-08",0.01,0.1,1e-08,oracle_hl,80,137186856844904.3,135290589393352.4,139152368521144.8,1.975,1.935,2.016,0.0038,1.0,
"U(0.01,0.1), eps=1e-08",0.01,0.1,1e-08,oracle_hl,90,244986231506758.7,241632673792182.1,248657217709059.0,1.831,1.794,1.869,0.0094,1.0,
"U(0.01,0.1), eps=1e-08",0.01,0.1,1e-08,oracle_hl,95,370663117997498.0,364680035929896.0,377572673390369.8,1.735,1.695,1.775,0.0188,1.0,
"U(0.001,0.01), eps=1e-08",0.001,0.01,1e-08,brute,50,7209083495149.4,7083266953841.6,7325034291901.5,1.0,1.0,1.0,0.0023,1.0,0.0231
"U(0.001,0.01), eps=1e-08",0.001,0.01,1e-08,brute,80,25889403364050.6,25465331815631.3,26262976071998.3,1.0,1.0,1.0,0.0065,1.0,0.0209
"U(0.001,0.01), eps=1e-08",0.001,0.01,1e-08,brute,90,42860280217911.3,42268745373995.6,43527002898892.2,1.0,1.0,1.0,0.0117,1.0,0.0208
"U(0.001,0.01), eps=1e-08",0.001,0.01,1e-08,brute,95,61426252511352.7,60571688894351.3,62416039067765.4,1.0,1.0,1.0,0.0171,1.0,0.0211
"U(0.001,0.01), eps=1e-08",0.001,0.01,1e-08,separable,50,1130710491684862.2,1109740531978552.8,1149967507093357.2,0.006,0.006,0.007,0.0008,1.0,
"U(0.001,0.01), eps=1e-08",0.001,0.01,1e-08,separable,80,,,,,,,,0.0,
"U(0.001,0.01), eps=1e-08",0.001,0.01,1e-08,separable,90,,,,,,,,0.0,
"U(0.001,0.01), eps=1e-08",0.001,0.01,1e-08,separable,95,,,,,,,,0.0,
"U(0.001,0.01), eps=1e-08",0.001,0.01,1e-08,linear,50,4528644961519.9,4440699515016.9,4637606639964.2,1.592,1.544,1.634,0.0028,1.0,
"U(0.001,0.01), eps=1e-08",0.001,0.01,1e-08,linear,80,17558674359779.9,17252927838340.9,17826115099520.2,1.474,1.442,1.508,0.0014,1.0,
"U(0.001,0.01), eps=1e-08",0.001,0.01,1e-08,linear,90,29904010051085.7,29444092503611.1,30435676799765.5,1.433,1.401,1.466,0.0045,1.0,
"U(0.001,0.01), eps=1e-08",0.001,0.01,1e-08,linear,95,43491427516164.4,42757104431938.8,44417324205350.7,1.412,1.379,1.446,0.0158,1.0,
"U(0.001,0.01), eps=1e-08",0.001,0.01,1e-08,binary,50,3526935640885.1,3461537116573.7,3592137209663.3,2.044,1.991,2.093,0.005,1.0,
"U(0.001,0.01), eps=1e-08",0.001,0.01,1e-08,binary,80,14650858441017.0,14372944586600.6,14897232813412.1,1.767,1.73,1.809,0.0014,1.0,
"U(0.001,0.01), eps=1e-08",0.001,0.01,1e-08,binary,90,25642303181161.3,25054763092461.3,26119611202006.2,1.671,1.631,1.718,0.0172,1.0,
"U(0.001,0.01), eps=1e-08",0.001,0.01,1e-08,binary,95,38936902286473.3,38130129050698.6,39621463424038.4,1.578,1.544,1.621,0.0185,1.0,
"U(0.001,0.01), eps=1e-08",0.001,0.01,1e-08,reverse_eng,50,3492263369336.9,3430502910358.3,3554452195074.2,2.064,2.013,2.115,0.0064,1.0,
"U(0.001,0.01), eps=1e-08",0.001,0.01,1e-08,reverse_eng,80,14450189494486.1,14171977388738.5,14664551874139.0,1.792,1.753,1.832,0.0185,1.0,
"U(0.001,0.01), eps=1e-08",0.001,0.01,1e-08,reverse_eng,90,24969772116406.4,24558389350942.5,25521138310429.9,1.716,1.67,1.757,0.0266,1.0,
"U(0.001,0.01), eps=1e-08",0.001,0.01,1e-08,reverse_eng,95,39175833676445.6,38507090769939.1,39783815815432.0,1.568,1.536,1.605,0.0092,1.0,
"U(0.001,0.01), eps=1e-08",0.001,0.01,1e-08,binary_risk,50,3460281989803.9,3405053205268.7,3515671635539.1,2.083,2.032,2.133,0.0051,1.0,
"U(0.001,0.01), eps=1e-08",0.001,0.01,1e-08,binary_risk,80,13774688807189.5,13573885873310.2,14022286541832.6,1.879,1.834,1.92,0.0198,1.0,
"U(0.001,0.01), eps=1e-08",0.001,0.01,1e-08,binary_risk,90,24707933785488.5,24357215337997.8,25151711270214.3,1.735,1.696,1.769,0.0184,1.0,
"U(0.001,0.01), eps=1e-08",0.001,0.01,1e-08,binary_risk,95,36903851515302.0,36054967444112.4,37733923448143.7,1.664,1.622,1.711,0.0262,1.0,
"U(0.001,0.01), eps=1e-08",0.001,0.01,1e-08,reverse_eng_risk,50,3368824783666.4,3303574462520.2,3423659224337.9,2.14,2.089,2.195,0.0023,1.0,
"U(0.001,0.01), eps=1e-08",0.001,0.01,1e-08,reverse_eng_risk,80,13766871680652.1,13557306713681.0,14017844203217.1,1.881,1.834,1.92,0.0041,1.0,
"U(0.001,0.01), eps=1e-08",0.001,0.01,1e-08,reverse_eng_risk,90,24695034708767.9,24304204447153.3,25184308843312.0,1.736,1.696,1.776,0.0099,1.0,
"U(0.001,0.01), eps=1e-08",0.001,0.01,1e-08,reverse_eng_risk,95,37926851501916.5,37128314072029.7,38602782730831.7,1.62,1.584,1.662,0.0061,1.0,
"U(0.001,0.01), eps=1e-08",0.001,0.01,1e-08,oracle_hl,50,3312974044782.1,3244189441365.6,3371717365239.8,2.176,2.124,2.236,0.0031,1.0,
"U(0.001,0.01), eps=1e-08",0.001,0.01,1e-08,oracle_hl,80,13468590883290.9,13282595176274.2,13685571237937.2,1.922,1.879,1.964,0.0046,1.0,
"U(0.001,0.01), eps=1e-08",0.001,0.01,1e-08,oracle_hl,90,23995061526334.9,23625638822436.2,24428668516299.6,1.786,1.745,1.827,0.011,1.0,
"U(0.001,0.01), eps=1e-08",0.001,0.01,1e-08,oracle_hl,95,36204468653295.9,35575332958036.1,36990033631397.2,1.697,1.656,1.736,0.0209,1.0,
"U(0.001,0.1), eps=1e-04",0.001,0.1,0.0001,brute,50,756744.0,742981.8,769059.0,1.0,1.0,1.0,0.0019,1.0,0.0239
"U(0.001,0.1), eps=1e-04",0.001,0.1,0.0001,brute,80,2710156.1,2666862.1,2749520.2,1.0,1.0,1.0,0.0083,1.0,0.0219
"U(0.001,0.1), eps=1e-04",0.001,0.1,0.0001,brute,90,4517053.3,4453218.6,4596958.4,1.0,1.0,1.0,0.0093,1.0,0.0216
"U(0.001,0.1), eps=1e-04",0.001,0.1,0.0001,brute,95,6441540.2,6355770.2,6545332.5,1.0,1.0,1.0,0.0195,1.0,0.0199
"U(0.001,0.1), eps=1e-04",0.001,0.1,0.0001,separable,50,11344058.2,11137306.1,11590017.6,0.067,0.065,0.068,0.0014,1.0,
"U(0.001,0.1), eps=1e-04",0.001,0.1,0.0001,separable,80,40653870.1,40187430.3,41163454.8,0.067,0.065,0.068,0.0089,1.0,
"U(0.001,0.1), eps=1e-04",0.001,0.1,0.0001,separable,90,67266673.7,66281451.7,68157452.6,0.067,0.066,0.069,0.0115,1.0,
"U(0.001,0.1), eps=1e-04",0.001,0.1,0.0001,separable,95,96525176.3,94659675.5,98110159.2,0.067,0.065,0.068,0.0191,1.0,
"U(0.001,0.1), eps=1e-04",0.001,0.1,0.0001,linear,50,514003.5,503318.5,523102.1,1.472,1.436,1.512,0.0014,1.0,
"U(0.001,0.1), eps=1e-04",0.001,0.1,0.0001,linear,80,1942018.3,1916374.5,1967663.7,1.396,1.366,1.423,0.0047,1.0,
"U(0.001,0.1), eps=1e-04",0.001,0.1,0.0001,linear,90,3479712.7,3437492.1,3520029.8,1.298,1.274,1.325,0.0171,1.0,
"U(0.001,0.1), eps=1e-04",0.001,0.1,0.0001,linear,95,5135495.2,5058379.2,5216099.4,1.254,1.23,1.281,0.0285,1.0,
"U(0.001,0.1), eps=1e-04",0.001,0.1,0.0001,binary,50,755214.9,742994.3,766100.3,1.002,0.979,1.026,0.0008,1.0,
"U(0.001,0.1), eps=1e-04",0.001,0.1,0.0001,binary,80,2752063.2,2708792.3,2787214.4,0.985,0.965,1.006,0.0182,1.0,
"U(0.001,0.1), eps=1e-04",0.001,0.1,0.0001,binary,90,4940990.0,4870467.7,5007917.3,0.914,0.896,0.935,0.0185,1.0,
"U(0.001,0.1), eps=1e-04",0.001,0.1,0.0001,binary,95,8038730.1,7850633.0,8195668.5,0.801,0.782,0.826,0.0307,1.0,
"U(0.001,0.1), eps=1e-04",0.001,0.1,0.0001,reverse_eng,50,369001.6,362308.7,376550.3,2.051,1.995,2.101,0.0061,1.0,
"U(0.001,0.1), eps=1e-04",0.001,0.1,0.0001,reverse_eng,80,1616024.5,1590389.6,1640586.8,1.677,1.639,1.714,0.0057,1.0,
"U(0.001,0.1), eps=1e-04",0.001,0.1,0.0001,reverse_eng,90,2911220.7,2867697.3,2956275.9,1.552,1.519,1.588,0.0146,1.0,
"U(0.001,0.1), eps=1e-04",0.001,0.1,0.0001,reverse_eng,95,4584505.4,4502452.8,4698345.5,1.405,1.366,1.44,0.0304,1.0,
"U(0.001,0.1), eps=1e-04",0.001,0.1,0.0001,binary_risk,50,314570.8,309312.8,321265.3,2.406,2.342,2.466,0.006,1.0,
"U(0.001,0.1), eps=1e-04",0.001,0.1,0.0001,binary_risk,80,1336583.8,1314995.7,1356655.6,2.028,1.984,2.072,0.009,1.0,
"U(0.001,0.1), eps=1e-04",0.001,0.1,0.0001,binary_risk,90,2441032.4,2402463.2,2483081.5,1.85,1.808,1.895,0.0092,1.0,
"U(0.001,0.1), eps=1e-04",0.001,0.1,0.0001,binary_risk,95,3777144.1,3711718.1,3858463.2,1.705,1.661,1.747,0.0179,1.0,
"U(0.001,0.1), eps=1e-04",0.001,0.1,0.0001,reverse_eng_risk,50,312891.7,307972.9,318756.1,2.419,2.359,2.474,0.0087,1.0,
"U(0.001,0.1), eps=1e-04",0.001,0.1,0.0001,reverse_eng_risk,80,1332228.6,1311592.5,1351196.3,2.034,1.989,2.079,0.0102,1.0,
"U(0.001,0.1), eps=1e-04",0.001,0.1,0.0001,reverse_eng_risk,90,2430031.5,2395371.2,2466260.9,1.859,1.821,1.901,0.0166,1.0,
"U(0.001,0.1), eps=1e-04",0.001,0.1,0.0001,reverse_eng_risk,95,3770594.0,3705470.2,3850260.3,1.708,1.664,1.75,0.0111,1.0,
"U(0.001,0.1), eps=1e-04",0.001,0.1,0.0001,oracle_hl,50,272647.5,266582.4,279708.8,2.776,2.692,2.849,0.003,1.0,
"U(0.001,0.1), eps=1e-04",0.001,0.1,0.0001,oracle_hl,80,1240357.1,1217455.2,1264637.1,2.185,2.129,2.24,0.0051,1.0,
"U(0.001,0.1), eps=1e-04",0.001,0.1,0.0001,oracle_hl,90,2288769.1,2244896.9,2326946.5,1.974,1.931,2.022,0.0085,1.0,
"U(0.001,0.1), eps=1e-04",0.001,0.1,0.0001,oracle_hl,95,3532060.0,3475692.9,3594673.8,1.824,1.785,1.866,0.013,1.0,
"U(0.001,0.1), eps=1e-06",0.001,0.1,1e-06,brute,50,7543226037.1,7404343300.2,7660256142.2,1.0,1.0,1.0,0.0018,1.0,0.0237
"U(0.001,0.1), eps=1e-06",0.001,0.1,1e-06,brute,80,27079576896.6,26650719420.6,27464195305.1,1.0,1.0,1.0,0.0068,1.0,0.0215
"U(0.001,0.1), eps=1e-06",0.001,0.1,1e-06,brute,90,44853284996.9,44241095124.2,45547221586.0,1.0,1.0,1.0,0.0114,1.0,0.0198
"U(0.001,0.1), eps=1e-06",0.001,0.1,1e-06,brute,95,64273583712.4,63371172042.7,65331826106.2,1.0,1.0,1.0,0.0171,1.0,0.0214
"U(0.001,0.1), eps=1e-06",0.001,0.1,1e-06,separable,50,113087355191.7,111130153640.9,115509656737.0,0.067,0.065,0.068,0.0014,1.0,
"U(0.001,0.1), eps=1e-06",0.001,0.1,1e-06,separable,80,405340613600.5,400331361293.1,410218990863.4,0.067,0.065,0.068,0.0083,1.0,
"U(0.001,0.1), eps=1e-06",0.001,0.1,1e-06,separable,90,671155710987.5,660716022260.7,680453633156.2,0.067,0.066,0.068,0.0127,1.0,
"U(0.001,0.1), eps=1e-06",0.001,0.1,1e-06,separable,95,961649547112.5,943399480278.9,977805208601.2,0.067,0.065,0.068,0.0208,1.0,
"U(0.001,0.1), eps=1e-06",0.001,0.1,1e-06,linear,50,3811224402.0,3743907070.0,3890947006.3,1.979,1.926,2.028,0.0005,1.0,
"U(0.001,0.1), eps=1e-06",0.001,0.1,1e-06,linear,80,16151647566.6,15905959471.4,16393337404.0,1.677,1.641,1.712,0.0055,1.0,
"U(0.001,0.1), eps=1e-06",0.001,0.1,1e-06,linear,90,29422808753.9,29023580590.1,29867517212.5,1.524,1.495,1.556,0.0108,1.0,
"U(0.001,0.1), eps=1e-06",0.001,0.1,1e-06,linear,95,45703299536.2,44808596579.5,46605187996.7,1.406,1.373,1.442,0.0157,1.0,
"U(0.001,0.1), eps=1e-06",0.001,0.1,1e-06,binary,50,3224810210.6,3175056604.1,3288081912.4,2.339,2.282,2.39,0.02,1.0,
"U(0.001,0.1), eps=1e-06",0.001,0.1,1e-06,binary,80,14613401188.8,14367842661.9,14918993554.1,1.853,1.805,1.892,0.0041,1.0,
"U(0.001,0.1), eps=1e-06",0.001,0.1,1e-06,binary,90,26132921284.2,25690959705.0,26647786734.9,1.716,1.675,1.755,0.0152,1.0,
"U(0.001,0.1), eps=1e-06",0.001,0.1,1e-06,binary,95,40679980617.2,39634196302.2,41557837092.1,1.58,1.541,1.629,0.0284,1.0,
"U(0.001,0.1), eps=1e-06",0.001,0.1,1e-06,reverse_eng,50,2941674212.8,2883658491.7,2998971302.7,2.564,2.503,2.631,0.0059,1.0,
"U(0.001,0.1), eps=1e-06",0.001,0.1,1e-06,reverse_eng,80,13530738389.0,13337949128.1,13727620306.9,2.001,1.959,2.044,0.0056,1.0,
"U(0.001,0.1), eps=1e-06",0.001,0.1,1e-06,reverse_eng,90,25963028604.2,25417714772.9,26510293118.8,1.728,1.686,1.774,0.0203,1.0,
"U(0.001,0.1), eps=1e-06",0.001,0.1,1e-06,reverse_eng,95,41229256148.5,40482614641.5,41965040347.8,1.559,1.526,1.598,0.0081,1.0,
"U(0.001,0.1), eps=1e-06",0.001,0.1,1e-06,binary_risk,50,2865275382.8,2797641125.4,2923579299.4,2.633,2.563,2.704,0.0009,1.0,
"U(0.001,0.1), eps=1e-06",0.001,0.1,1e-06,binary_risk,80,13057695084.5,12819510000.5,13267563011.8,2.074,2.027,2.12,0.0011,1.0,
"U(0.001,0.1), eps=1e-06",0.001,0.1,1e-06,binary_risk,90,23484936674.3,23120310814.9,23815876654.3,1.91,1.872,1.951,0.0079,1.0,
"U(0.001,0.1), eps=1e-06",0.001,0.1,1e-06,binary_risk,95,35695790091.5,35143656109.0,36307753494.1,1.801,1.763,1.84,0.0197,1.0,
"U(0.001,0.1), eps=1e-06",0.001,0.1,1e-06,reverse_eng_risk,50,2748366194.4,2687407899.9,2812596471.5,2.745,2.669,2.823,0.0016,1.0,
"U(0.001,0.1), eps=1e-06",0.001,0.1,1e-06,reverse_eng_risk,80,12713818083.3,12447524193.1,12952740942.3,2.13,2.078,2.183,0.008,1.0,
"U(0.001,0.1), eps=1e-06",0.001,0.1,1e-06,reverse_eng_risk,90,23599068543.6,23171876507.6,24021819051.7,1.901,1.857,1.945,0.0166,1.0,
"U(0.001,0.1), eps=1e-06",0.001,0.1,1e-06,reverse_eng_risk,95,36941231346.5,36334407227.4,37689945845.0,1.74,1.699,1.782,0.0113,1.0,
"U(0.001,0.1), eps=1e-06",0.001,0.1,1e-06,oracle_hl,50,2726468681.8,2665934999.7,2796485660.7,2.767,2.684,2.84,0.0031,1.0,
"U(0.001,0.1), eps=1e-06",0.001,0.1,1e-06,oracle_hl,80,12403573102.5,12175072238.4,12638759054.5,2.183,2.128,2.234,0.0051,1.0,
"U(0.001,0.1), eps=1e-06",0.001,0.1,1e-06,oracle_hl,90,22887697340.8,22452877581.4,23277475345.9,1.96,1.918,2.006,0.0085,1.0,
"U(0.001,0.1), eps=1e-06",0.001,0.1,1e-06,oracle_hl,95,35320603013.2,34756931874.5,35930164184.6,1.82,1.781,1.86,0.013,1.0,
"U(0.0001,0.1), eps=1e-04",0.0001,0.1,0.0001,brute,50,761841.1,748080.5,774498.7,1.0,1.0,1.0,0.0035,1.0,0.024
"U(0.0001,0.1), eps=1e-04",0.0001,0.1,0.0001,brute,80,2711129.3,2665887.2,2750052.3,1.0,1.0,1.0,0.0106,1.0,0.0219
"U(0.0001,0.1), eps=1e-04",0.0001,0.1,0.0001,brute,90,4520545.4,4457949.4,4596531.5,1.0,1.0,1.0,0.0112,1.0,0.0215
"U(0.0001,0.1), eps=1e-04",0.0001,0.1,0.0001,brute,95,6460090.9,6367747.0,6560310.8,1.0,1.0,1.0,0.0185,1.0,0.0208
"U(0.0001,0.1), eps=1e-04",0.0001,0.1,0.0001,separable,50,11386873.7,11188961.1,11644942.9,0.067,0.065,0.069,0.0008,1.0,
"U(0.0001,0.1), eps=1e-04",0.0001,0.1,0.0001,separable,80,40625653.1,40127290.4,41131673.9,0.067,0.065,0.068,0.0081,1.0,
"U(0.0001,0.1), eps=1e-04",0.0001,0.1,0.0001,separable,90,67525754.3,66503279.4,68411651.2,0.067,0.066,0.068,0.0095,1.0,
"U(0.0001,0.1), eps=1e-04",0.0001,0.1,0.0001,separable,95,96712968.9,94872178.7,98293628.5,0.067,0.065,0.068,0.0198,1.0,
"U(0.0001,0.1), eps=1e-04",0.0001,0.1,0.0001,linear,50,505437.8,494731.5,514834.0,1.507,1.47,1.549,0.0049,1.0,
"U(0.0001,0.1), eps=1e-04",0.0001,0.1,0.0001,linear,80,1921635.3,1892303.5,1948194.6,1.411,1.382,1.438,0.0035,1.0,
"U(0.0001,0.1), eps=1e-04",0.0001,0.1,0.0001,linear,90,3401868.1,3345440.9,3455471.1,1.329,1.302,1.361,0.0091,1.0,
"U(0.0001,0.1), eps=1e-04",0.0001,0.1,0.0001,linear,95,5157513.6,5094014.9,5225839.8,1.253,1.227,1.277,0.0588,1.0,
"U(0.0001,0.1), eps=1e-04",0.0001,0.1,0.0001,binary,50,1260050.5,1235265.4,1281618.7,0.605,0.591,0.621,0.0049,1.0,
"U(0.0001,0.1), eps=1e-04",0.0001,0.1,0.0001,binary,80,4605946.3,4538703.1,4687260.0,0.589,0.574,0.601,0.0261,1.0,
"U(0.0001,0.1), eps=1e-04",0.0001,0.1,0.0001,binary,90,8645128.6,8411016.5,8854440.1,0.523,0.509,0.541,0.0298,1.0,
"U(0.0001,0.1), eps=1e-04",0.0001,0.1,0.0001,binary,95,15975414.7,15661431.3,16319206.8,0.404,0.394,0.415,0.04,1.0,
"U(0.0001,0.1), eps=1e-04",0.0001,0.1,0.0001,reverse_eng,50,366721.2,360750.2,372330.7,2.077,2.03,2.125,0.0119,1.0,
"U(0.0001,0.1), eps=1e-04",0.0001,0.1,0.0001,reverse_eng,80,1617990.6,1594985.0,1641144.0,1.676,1.64,1.71,0.0055,1.0,
"U(0.0001,0.1), eps=1e-04",0.0001,0.1,0.0001,reverse_eng,90,2954494.1,2916553.0,2994877.5,1.53,1.502,1.563,0.036,1.0,
"U(0.0001,0.1), eps=1e-04",0.0001,0.1,0.0001,reverse_eng,95,4816483.8,4730452.7,4890274.4,1.341,1.313,1.374,0.0141,1.0,
"U(0.0001,0.1), eps=1e-04",0.0001,0.1,0.0001,binary_risk,50,307515.6,302467.5,312958.9,2.477,2.42,2.534,0.0052,1.0,
"U(0.0001,0.1), eps=1e-04",0.0001,0.1,0.0001,binary_risk,80,1324353.0,1302398.3,1344900.4,2.047,2.002,2.091,0.0053,1.0,
"U(0.0001,0.1), eps=1e-04",0.0001,0.1,0.0001,binary_risk,90,2434078.3,2398838.7,2466675.5,1.857,1.821,1.898,0.0187,1.0,
"U(0.0001,0.1), eps=1e-04",0.0001,0.1,0.0001,binary_risk,95,3772726.1,3706809.1,3852567.9,1.712,1.668,1.752,0.0087,1.0,
"U(0.0001,0.1), eps=1e-04",0.0001,0.1,0.0001,reverse_eng_risk,50,313775.9,308723.7,319819.3,2.428,2.368,2.487,0.0035,1.0,
"U(0.0001,0.1), eps=1e-04",0.0001,0.1,0.0001,reverse_eng_risk,80,1335896.7,1313110.9,1356762.3,2.029,1.982,2.074,0.0076,1.0,
"U(0.0001,0.1), eps=1e-04",0.0001,0.1,0.0001,reverse_eng_risk,90,2443431.8,2411593.1,2477513.7,1.85,1.814,1.89,0.0229,1.0,
"U(0.0001,0.1), eps=1e-04",0.0001,0.1,0.0001,reverse_eng_risk,95,3781264.4,3715609.6,3861564.0,1.708,1.662,1.75,0.0189,1.0,
"U(0.0001,0.1), eps=1e-04",0.0001,0.1,0.0001,oracle_hl,50,266024.5,260731.8,272838.9,2.864,2.781,2.94,0.0026,1.0,
"U(0.0001,0.1), eps=1e-04",0.0001,0.1,0.0001,oracle_hl,80,1228447.2,1205777.6,1252010.1,2.207,2.152,2.261,0.0049,1.0,
"U(0.0001,0.1), eps=1e-04",0.0001,0.1,0.0001,oracle_hl,90,2273158.7,2229431.7,2309252.8,1.989,1.946,2.04,0.0089,1.0,
"U(0.0001,0.1), eps=1e-04",0.0001,0.1,0.0001,oracle_hl,95,3515261.0,3459238.5,3575931.1,1.838,1.799,1.88,0.0125,1.0,
"U(0.0001,0.1), eps=1e-06",0.0001,0.1,1e-06,brute,50,7543730060.3,7409695337.2,7663152227.4,1.0,1.0,1.0,0.002,1.0,0.0232
"U(0.0001,0.1), eps=1e-06",0.0001,0.1,1e-06,brute,80,27081605174.9,26656916817.9,27472343619.3,1.0,1.0,1.0,0.0066,1.0,0.0208
"U(0.0001,0.1), eps=1e-06",0.0001,0.1,1e-06,brute,90,44845989508.3,44264885562.8,45552414331.4,1.0,1.0,1.0,0.0115,1.0,0.0199
"U(0.0001,0.1), eps=1e-06",0.0001,0.1,1e-06,brute,95,64249230537.9,63351088576.6,65276655437.5,1.0,1.0,1.0,0.0173,1.0,0.0215
"U(0.0001,0.1), eps=1e-06",0.0001,0.1,1e-06,separable,50,113102091378.9,111095384300.3,115479328392.9,0.067,0.065,0.068,0.0014,1.0,
"U(0.0001,0.1), eps=1e-06",0.0001,0.1,1e-06,separable,80,405372448161.9,400509173465.7,410441169304.8,0.067,0.065,0.068,0.0081,1.0,
"U(0.0001,0.1), eps=1e-06",0.0001,0.1,1e-06,separable,90,670943797509.6,660698089785.3,680190273574.1,0.067,0.066,0.068,0.0128,1.0,
"U(0.0001,0.1), eps=1e-06",0.0001,0.1,1e-06,separable,95,961363356289.0,943036525173.9,976528679734.3,0.067,0.065,0.069,0.0208,1.0,
"U(0.0001,0.1), eps=1e-06",0.0001,0.1,1e-06,linear,50,3845136591.3,3772519287.9,3936353904.2,1.962,1.905,2.012,0.0107,1.0,
"U(0.0001,0.1), eps=1e-06",0.0001,0.1,1e-06,linear,80,16588335614.8,16390457043.2,16798519224.5,1.633,1.598,1.663,0.0133,1.0,
"U(0.0001,0.1), eps=1e-06",0.0001,0.1,1e-06,linear,90,28888095209.2,28424722099.1,29357382216.9,1.552,1.521,1.588,0.0114,1.0,
"U(0.0001,0.1), eps=1e-06",0.0001,0.1,1e-06,linear,95,44295864311.6,43646378856.3,45039358627.0,1.45,1.419,1.484,0.0248,1.0,
"U(0.0001,0.1), eps=1e-06",0.0001,0.1,1e-06,binary,50,3664709037.7,3600516163.0,3732453270.0,2.058,2.003,2.108,0.0087,1.0,
"U(0.0001,0.1), eps=1e-06",0.0001,0.1,1e-06,binary,80,15942137300.4,15679097566.7,16178996792.8,1.699,1.662,1.738,0.0014,1.0,
"U(0.0001,0.1), eps=1e-06",0.0001,0.1,1e-06,binary,90,28299147152.8,27795914342.3,28722973053.3,1.585,1.554,1.62,0.0117,1.0,
"U(0.0001,0.1), eps=1e-06",0.0001,0.1,1e-06,binary,95,44267151108.8,43624652653.7,44974444783.1,1.451,1.419,1.485,0.0401,1.0,
"U(0.0001,0.1), eps=1e-06",0.0001,0.1,1e-06,reverse_eng,50,2917012959.7,2851136918.3,2975419651.3,2.586,2.516,2.659,0.0049,1.0,
"U(0.0001,0.1), eps=1e-06",0.0001,0.1,1e-06,reverse_eng,80,13653902561.5,13467626104.6,13836534062.8,1.983,1.942,2.021,0.0103,1.0,
"U(0.0001,0.1), eps=1e-06",0.0001,0.1,1e-06,reverse_eng,90,26244638881.4,25677855251.9,26716295452.8,1.709,1.672,1.756,0.0228,1.0,
"U(0.0001,0.1), eps=1e-06",0.0001,0.1,1e-06,reverse_eng,95,41355585283.5,40578274771.2,42087274668.9,1.554,1.519,1.591,0.0112,1.0,
"U(0.0001,0.1), eps=1e-06",0.0001,0.1,1e-06,binary_risk,50,3004815837.0,2952088809.7,3056207088.4,2.511,2.45,2.568,0.056,1.0,
"U(0.0001,0.1), eps=1e-06",0.0001,0.1,1e-06,binary_risk,80,12884175206.0,12616114341.5,13102453826.8,2.102,2.051,2.153,0.0136,1.0,
"U(0.0001,0.1), eps=1e-06",0.0001,0.1,1e-06,binary_risk,90,23715448878.8,23360262874.3,24066051260.9,1.891,1.854,1.934,0.0058,1.0,
"U(0.0001,0.1), eps=1e-06",0.0001,0.1,1e-06,binary_risk,95,36196957319.2,35640953230.7,36862686400.6,1.775,1.736,1.817,0.0163,1.0,
"U(0.0001,0.1), eps=1e-06",0.0001,0.1,1e-06,reverse_eng_risk,50,2674486632.3,2620597474.6,2740959871.1,2.821,2.734,2.895,0.0017,1.0,
"U(0.0001,0.1), eps=1e-06",0.0001,0.1,1e-06,reverse_eng_risk,80,12619481838.1,12350251616.9,12868923553.4,2.146,2.093,2.203,0.0078,1.0,
"U(0.0001,0.1), eps=1e-06",0.0001,0.1,1e-06,reverse_eng_risk,90,23344138034.3,22921522904.5,23743221552.2,1.921,1.882,1.965,0.0176,1.0,
"U(0.0001,0.1), eps=1e-06",0.0001,0.1,1e-06,reverse_eng_risk,95,36697867270.0,36104438085.0,37431467876.2,1.751,1.709,1.791,0.0126,1.0,
"U(0.0001,0.1), eps=1e-06",0.0001,0.1,1e-06,oracle_hl,50,2660249998.3,2607323866.1,2728392434.4,2.836,2.753,2.906,0.0026,1.0,
"U(0.0001,0.1), eps=1e-06",0.0001,0.1,1e-06,oracle_hl,80,12284474083.0,12057778593.3,12520102696.1,2.205,2.146,2.259,0.0049,1.0,
"U(0.0001,0.1), eps=1e-06",0.0001,0.1,1e-06,oracle_hl,90,22731593172.0,22294323311.0,23092534250.7,1.973,1.931,2.022,0.0089,1.0,
"U(0.0001,0.1), eps=1e-06",0.0001,0.1,1e-06,oracle_hl,95,35152613350.4,34592388351.5,35759314212.8,1.828,1.787,1.868,0.0125,1.0,
"U(0.0001,0.01), eps=1e-04",0.0001,0.01,0.0001,brute,50,75804.2,74654.3,77108.0,1.0,1.0,1.0,0.0032,1.0,0.0239
"U(0.0001,0.01), eps=1e-04",0.0001,0.01,0.0001,brute,80,266817.6,263018.9,270279.3,1.0,1.0,1.0,0.0031,1.0,0.0191
"U(0.0001,0.01), eps=1e-04",0.0001,0.01,0.0001,brute,90,442482.2,435303.0,450050.3,1.0,1.0,1.0,0.0121,1.0,0.0239
"U(0.0001,0.01), eps=1e-04",0.0001,0.01,0.0001,brute,95,630655.6,621632.2,641461.9,1.0,1.0,1.0,0.0241,1.0,0.0218
"U(0.0001,0.01), eps=1e-04",0.0001,0.01,0.0001,separable,50,11552816.5,11352011.5,11726428.4,0.007,0.006,0.007,0.0013,1.0,
"U(0.0001,0.01), eps=1e-04",0.0001,0.01,0.0001,separable,80,,,,,,,,0.0,
"U(0.0001,0.01), eps=1e-04",0.0001,0.01,0.0001,separable,90,,,,,,,,0.0,
"U(0.0001,0.01), eps=1e-04",0.0001,0.01,0.0001,separable,95,,,,,,,,0.0,
"U(0.0001,0.01), eps=1e-04",0.0001,0.01,0.0001,linear,50,74300.9,73483.4,75135.1,1.02,1.002,1.041,0.0135,1.0,
"U(0.0001,0.01), eps=1e-04",0.0001,0.01,0.0001,linear,80,244842.6,241598.7,248673.1,1.09,1.068,1.111,0.0131,1.0,
"U(0.0001,0.01), eps=1e-04",0.0001,0.01,0.0001,linear,90,412367.9,408568.4,416189.4,1.073,1.052,1.093,0.0328,1.0,
"U(0.0001,0.01), eps=1e-04",0.0001,0.01,0.0001,linear,95,601477.8,589750.8,615124.9,1.049,1.023,1.076,0.0173,1.0,
"U(0.0001,0.01), eps=1e-04",0.0001,0.01,0.0001,binary,50,467675.0,465698.8,469631.2,0.162,0.16,0.165,0.0318,1.0,
"U(0.0001,0.01), eps=1e-04",0.0001,0.01,0.0001,binary,80,1193014.7,1166278.8,1215262.0,0.224,0.218,0.229,0.0258,1.0,
"U(0.0001,0.01), eps=1e-04",0.0001,0.01,0.0001,binary,90,2763465.7,2697603.8,2848068.7,0.16,0.155,0.165,0.041,1.0,
"U(0.0001,0.01), eps=1e-04",0.0001,0.01,0.0001,binary,95,5904856.8,5397469.2,6233495.0,0.107,0.101,0.117,0.0779,1.0,
"U(0.0001,0.01), eps=1e-04",0.0001,0.01,0.0001,reverse_eng,50,56574.2,55529.8,57475.5,1.34,1.309,1.376,0.0104,1.0,
"U(0.0001,0.01), eps=1e-04",0.0001,0.01,0.0001,reverse_eng,80,202933.6,199933.0,206500.0,1.315,1.285,1.34,0.0111,1.0,
"U(0.0001,0.01), eps=1e-04",0.0001,0.01,0.0001,reverse_eng,90,363883.0,358447.2,372112.4,1.216,1.183,1.244,0.0401,1.0,
"U(0.0001,0.01), eps=1e-04",0.0001,0.01,0.0001,reverse_eng,95,583706.4,574053.3,593316.8,1.08,1.058,1.107,0.0106,1.0,
"U(0.0001,0.01), eps=1e-04",0.0001,0.01,0.0001,binary_risk,50,47839.4,47131.7,48495.0,1.585,1.552,1.621,0.0469,1.0,
"U(0.0001,0.01), eps=1e-04",0.0001,0.01,0.0001,binary_risk,80,167161.6,164757.1,170091.5,1.596,1.56,1.628,0.0018,1.0,
"U(0.0001,0.01), eps=1e-04",0.0001,0.01,0.0001,binary_risk,90,283491.3,279776.1,287326.2,1.561,1.527,1.594,0.0215,1.0,
"U(0.0001,0.01), eps=1e-04",0.0001,0.01,0.0001,binary_risk,95,442656.7,433548.8,450471.9,1.425,1.394,1.462,0.0126,1.0,
"U(0.0001,0.01), eps=1e-04",0.0001,0.01,0.0001,reverse_eng_risk,50,52210.8,51531.1,52984.7,1.452,1.421,1.484,0.0036,1.0,
"U(0.0001,0.01), eps=1e-04",0.0001,0.01,0.0001,reverse_eng_risk,80,174277.9,171197.6,177099.7,1.531,1.498,1.565,0.0085,1.0,
"U(0.0001,0.01), eps=1e-04",0.0001,0.01,0.0001,reverse_eng_risk,90,298769.5,293617.4,304369.1,1.481,1.443,1.519,0.0018,1.0,
"U(0.0001,0.01), eps=1e-04",0.0001,0.01,0.0001,reverse_eng_risk,95,449106.9,440097.0,456483.7,1.404,1.374,1.44,0.0063,1.0,
"U(0.0001,0.01), eps=1e-04",0.0001,0.01,0.0001,oracle_hl,50,26881.9,26210.4,27430.8,2.82,2.749,2.91,0.0031,1.0,
"U(0.0001,0.01), eps=1e-04",0.0001,0.01,0.0001,oracle_hl,80,121928.2,119444.9,124044.1,2.188,2.139,2.243,0.0041,1.0,
"U(0.0001,0.01), eps=1e-04",0.0001,0.01,0.0001,oracle_hl,90,224501.1,220664.1,228049.4,1.971,1.927,2.017,0.0066,1.0,
"U(0.0001,0.01), eps=1e-04",0.0001,0.01,0.0001,oracle_hl,95,345492.8,339982.7,351410.7,1.825,1.782,1.869,0.0155,1.0,
"U(0.0001,0.01), eps=1e-06",0.0001,0.01,1e-06,brute,50,721288422.1,708480820.5,732955744.3,1.0,1.0,1.0,0.0021,1.0,0.0241
"U(0.0001,0.01), eps=1e-06",0.0001,0.01,1e-06,brute,80,2589992294.9,2548388028.5,2625333628.3,1.0,1.0,1.0,0.0068,1.0,0.0211
"U(0.0001,0.01), eps=1e-06",0.0001,0.01,1e-06,brute,90,4295674330.2,4236020741.2,4364866889.1,1.0,1.0,1.0,0.0117,1.0,0.0212
"U(0.0001,0.01), eps=1e-06",0.0001,0.01,1e-06,brute,95,6159243363.4,6077624271.5,6259162576.8,1.0,1.0,1.0,0.0175,1.0,0.0211
"U(0.0001,0.01), eps=1e-06",0.0001,0.01,1e-06,separable,50,113029517834.0,110866890694.6,114964795092.4,0.006,0.006,0.007,0.0004,1.0,
"U(0.0001,0.01), eps=1e-06",0.0001,0.01,1e-06,separable,80,,,,,,,,0.0,
"U(0.0001,0.01), eps=1e-06",0.0001,0.01,1e-06,separable,90,,,,,,,,0.0,
"U(0.0001,0.01), eps=1e-06",0.0001,0.01,1e-06,separable,95,,,,,,,,0.0,
"U(0.0001,0.01), eps=1e-06",0.0001,0.01,1e-06,linear,50,441115328.6,433771876.2,449485179.9,1.635,1.591,1.672,0.0061,1.0,
"U(0.0001,0.01), eps=1e-06",0.0001,0.01,1e-06,linear,80,1686276974.1,1661391443.5,1719040955.4,1.536,1.497,1.567,0.0271,1.0,
"U(0.0001,0.01), eps=1e-06",0.0001,0.01,1e-06,linear,90,3014470414.1,2970676014.3,3068176895.7,1.425,1.393,1.455,0.0123,1.0,
"U(0.0001,0.01), eps=1e-06",0.0001,0.01,1e-06,linear,95,4375198451.4,4307370238.0,4459485045.1,1.408,1.375,1.441,0.0135,1.0,
"U(0.0001,0.01), eps=1e-06",0.0001,0.01,1e-06,binary,50,465625258.0,456762653.5,474863826.5,1.549,1.508,1.588,0.0136,1.0,
"U(0.0001,0.01), eps=1e-06",0.0001,0.01,1e-06,binary,80,1968510618.2,1940639500.0,1998416567.7,1.316,1.287,1.342,0.0099,1.0,
"U(0.0001,0.01), eps=1e-06",0.0001,0.01,1e-06,binary,90,3440581096.3,3398794899.0,3488656446.9,1.249,1.224,1.273,0.0057,1.0,
"U(0.0001,0.01), eps=1e-06",0.0001,0.01,1e-06,binary,95,4924611653.4,4849713013.3,5004972030.2,1.251,1.225,1.277,0.0175,1.0,
"U(0.0001,0.01), eps=1e-06",0.0001,0.01,1e-06,reverse_eng,50,302711846.2,296826342.3,309671243.7,2.383,2.314,2.442,0.0044,1.0,
"U(0.0001,0.01), eps=1e-06",0.0001,0.01,1e-06,reverse_eng,80,1335540789.8,1315448401.7,1357637244.6,1.939,1.894,1.98,0.0029,1.0,
"U(0.0001,0.01), eps=1e-06",0.0001,0.01,1e-06,reverse_eng,90,2442896110.3,2405165776.4,2490326999.7,1.758,1.718,1.798,0.022,1.0,
"U(0.0001,0.01), eps=1e-06",0.0001,0.01,1e-06,reverse_eng,95,3912449177.2,3726977020.3,4053084270.7,1.574,1.516,1.645,0.0556,1.0,
"U(0.0001,0.01), eps=1e-06",0.0001,0.01,1e-06,binary_risk,50,322723781.3,315317999.5,329343436.8,2.235,2.172,2.297,0.0009,1.0,
"U(0.0001,0.01), eps=1e-06",0.0001,0.01,1e-06,binary_risk,80,1377566095.7,1356623861.5,1401820587.2,1.88,1.834,1.921,0.0119,1.0,
"U(0.0001,0.01), eps=1e-06",0.0001,0.01,1e-06,binary_risk,90,2493027178.3,2444116452.7,2539570696.8,1.723,1.681,1.769,0.0123,1.0,
"U(0.0001,0.01), eps=1e-06",0.0001,0.01,1e-06,binary_risk,95,3786872336.8,3697126663.2,3858555845.2,1.626,1.589,1.673,0.0071,1.0,
"U(0.0001,0.01), eps=1e-06",0.0001,0.01,1e-06,reverse_eng_risk,50,280795074.1,275962843.2,285407312.5,2.569,2.506,2.631,0.0065,1.0,
"U(0.0001,0.01), eps=1e-06",0.0001,0.01,1e-06,reverse_eng_risk,80,1244774169.7,1221444065.5,1265681224.6,2.081,2.033,2.131,0.0106,1.0,
"U(0.0001,0.01), eps=1e-06",0.0001,0.01,1e-06,reverse_eng_risk,90,2296646984.1,2264500975.5,2330841316.7,1.87,1.831,1.91,0.0122,1.0,
"U(0.0001,0.01), eps=1e-06",0.0001,0.01,1e-06,reverse_eng_risk,95,3553282880.6,3493407542.8,3623726748.4,1.733,1.693,1.775,0.0133,1.0,
"U(0.0001,0.01), eps=1e-06",0.0001,0.01,1e-06,oracle_hl,50,268813803.0,262085725.2,274475618.5,2.683,2.609,2.762,0.0031,1.0,
"U(0.0001,0.01), eps=1e-06",0.0001,0.01,1e-06,oracle_hl,80,1219283589.0,1194337417.7,1240523392.4,2.124,2.076,2.177,0.0041,1.0,
"U(0.0001,0.01), eps=1e-06",0.0001,0.01,1e-06,oracle_hl,90,2245019669.2,2206179367.1,2280590821.8,1.913,1.874,1.957,0.0066,1.0,
"U(0.0001,0.01), eps=1e-06",0.0001,0.01,1e-06,oracle_hl,95,3454933553.4,3400358284.6,3514112174.8,1.783,1.742,1.823,0.0155,1.0,
"U(0.005,0.05), eps=1e-04",0.005,0.05,0.0001,brute,50,367439.3,361078.0,372975.6,1.0,1.0,1.0,0.0003,1.0,0.0237
"U(0.005,0.05), eps=1e-04",0.005,0.05,0.0001,brute,80,1310465.8,1288900.9,1328795.4,1.0,1.0,1.0,0.0099,1.0,0.0219
"U(0.005,0.05), eps=1e-04",0.005,0.05,0.0001,brute,90,2184429.1,2153280.2,2218839.6,1.0,1.0,1.0,0.0112,1.0,0.0201
"U(0.005,0.05), eps=1e-04",0.005,0.05,0.0001,brute,95,3107099.7,3065578.2,3151976.5,1.0,1.0,1.0,0.0182,1.0,0.0202
"U(0.005,0.05), eps=1e-04",0.005,0.05,0.0001,separable,50,11344997.0,11162555.7,11564504.0,0.032,0.032,0.033,0.0009,1.0,
"U(0.005,0.05), eps=1e-04",0.005,0.05,0.0001,separable,80,40737723.5,40239901.0,41233928.9,0.032,0.032,0.033,0.007,1.0,
"U(0.005,0.05), eps=1e-04",0.005,0.05,0.0001,separable,90,,,,,,,,0.0,
"U(0.005,0.05), eps=1e-04",0.005,0.05,0.0001,separable,95,,,,,,,,0.0,
"U(0.005,0.05), eps=1e-04",0.005,0.05,0.0001,linear,50,254940.2,251118.8,259036.2,1.441,1.408,1.474,0.0036,1.0,
"U(0.005,0.05), eps=1e-04",0.005,0.05,0.0001,linear,80,963657.6,952698.2,974509.1,1.36,1.333,1.385,0.0153,1.0,
"U(0.005,0.05), eps=1e-04",0.005,0.05,0.0001,linear,90,1649431.0,1623695.3,1672465.6,1.324,1.297,1.354,0.0098,1.0,
"U(0.005,0.05), eps=1e-04",0.005,0.05,0.0001,linear,95,2424898.1,2395879.9,2450586.9,1.281,1.26,1.305,0.0473,1.0,
"U(0.005,0.05), eps=1e-04",0.005,0.05,0.0001,binary,50,338041.7,331761.9,344373.9,1.087,1.059,1.112,0.0074,1.0,
"U(0.005,0.05), eps=1e-04",0.005,0.05,0.0001,binary,80,1177146.9,1161600.2,1193397.9,1.113,1.09,1.135,0.0083,1.0,
"U(0.005,0.05), eps=1e-04",0.005,0.05,0.0001,binary,90,2009023.9,1979247.7,2037645.1,1.087,1.066,1.11,0.0138,1.0,
"U(0.005,0.05), eps=1e-04",0.005,0.05,0.0001,binary,95,3013127.4,2970983.3,3059505.3,1.031,1.011,1.052,0.0141,1.0,
"U(0.005,0.05), eps=1e-04",0.005,0.05,0.0001,reverse_eng,50,218878.1,214845.1,223794.8,1.679,1.633,1.724,0.019,1.0,
"U(0.005,0.05), eps=1e-04",0.005,0.05,0.0001,reverse_eng,80,823563.7,812634.3,835757.4,1.591,1.557,1.623,0.0087,1.0,
"U(0.005,0.05), eps=1e-04",0.005,0.05,0.0001,reverse_eng,90,1453782.4,1434874.2,1474441.1,1.503,1.473,1.533,0.0295,1.0,
"U(0.005,0.05), eps=1e-04",0.005,0.05,0.0001,reverse_eng,95,2222659.5,2186782.9,2268009.9,1.398,1.364,1.429,0.0213,1.0,
"U(0.005,0.05), eps=1e-04",0.005,0.05,0.0001,binary_risk,50,242234.2,238406.9,245369.4,1.517,1.484,1.55,0.0578,1.0,
"U(0.005,0.05), eps=1e-04",0.005,0.05,0.0001,binary_risk,80,873132.1,858547.2,887229.7,1.501,1.466,1.533,0.003,1.0,
"U(0.005,0.05), eps=1e-04",0.005,0.05,0.0001,binary_risk,90,1497733.9,1476031.0,1522562.3,1.458,1.427,1.49,0.0145,1.0,
"U(0.005,0.05), eps=1e-04",0.005,0.05,0.0001,binary_risk,95,2236140.4,2194863.7,2290550.3,1.389,1.351,1.424,0.0334,1.0,
"U(0.005,0.05), eps=1e-04",0.005,0.05,0.0001,reverse_eng_risk,50,200489.6,196365.2,204160.9,1.833,1.787,1.877,0.002,1.0,
"U(0.005,0.05), eps=1e-04",0.005,0.05,0.0001,reverse_eng_risk,80,742885.7,729354.5,754597.7,1.764,1.725,1.806,0.0065,1.0,
"U(0.005,0.05), eps=1e-04",0.005,0.05,0.0001,reverse_eng_risk,90,1307339.9,1282328.3,1330054.0,1.671,1.635,1.713,0.0129,1.0,
"U(0.005,0.05), eps=1e-04",0.005,0.05,0.0001,reverse_eng_risk,95,1972068.4,1934989.0,2002162.2,1.576,1.543,1.61,0.0114,1.0,
"U(0.005,0.05), eps=1e-04",0.005,0.05,0.0001,oracle_hl,50,166774.3,162968.1,169935.8,2.203,2.15,2.262,0.0032,1.0,
"U(0.005,0.05), eps=1e-04",0.005,0.05,0.0001,oracle_hl,80,678872.9,669502.8,688853.6,1.93,1.888,1.97,0.0045,1.0,
"U(0.005,0.05), eps=1e-04",0.005,0.05,0.0001,oracle_hl,90,1210533.5,1192362.1,1231127.4,1.805,1.765,1.842,0.0108,1.0,
"U(0.005,0.05), eps=1e-04",0.005,0.05,0.0001,oracle_hl,95,1828009.8,1796840.2,1868458.4,1.7,1.657,1.739,0.0206,1.0,
"U(0.005,0.05), eps=1e-06",0.005,0.05,1e-06,brute,50,3651402313.1,3586719208.6,3709300869.9,1.0,1.0,1.0,0.0025,1.0,0.0233
"U(0.005,0.05), eps=1e-06",0.005,0.05,1e-06,brute,80,13110675766.9,12897425553.3,13299395208.3,1.0,1.0,1.0,0.0063,1.0,0.0207
"U(0.005,0.05), eps=1e-06",0.005,0.05,1e-06,brute,90,21692235468.6,21401147048.7,22027655263.6,1.0,1.0,1.0,0.0119,1.0,0.0203
"U(0.005,0.05), eps=1e-06",0.005,0.05,1e-06,brute,95,31100121150.9,30667054314.7,31599178315.0,1.0,1.0,1.0,0.017,1.0,0.0207
"U(0.005,0.05), eps=1e-06",0.005,0.05,1e-06,separable,50,113283356289.7,111453620621.2,115386639966.1,0.032,0.031,0.033,0.0022,1.0,
"U(0.005,0.05), eps=1e-06",0.005,0.05,1e-06,separable,80,406313017595.4,401201487157.0,411022894861.2,0.032,0.032,0.033,0.0064,1.0,
"U(0.005,0.05), eps=1e-06",0.005,0.05,1e-06,separable,90,,,,,,,,0.0,
"U(0.005,0.05), eps=1e-06",0.005,0.05,1e-06,separable,95,,,,,,,,0.0,
"U(0.005,0.05), eps=1e-06",0.005,0.05,1e-06,linear,50,2104426256.1,2063919387.9,2142525767.0,1.735,1.692,1.778,0.0053,1.0,
"U(0.005,0.05), eps=1e-06",0.005,0.05,1e-06,linear,80,8786930086.1,8620255233.4,8916900824.8,1.492,1.459,1.527,0.0234,1.0,
"U(0.005,0.05), eps=1e-06",0.005,0.05,1e-06,linear,90,15086381516.2,14852389393.6,15360074782.4,1.438,1.406,1.469,0.0047,1.0,
"U(0.005,0.05), eps=1e-06",0.005,0.05,1e-06,linear,95,23075382811.8,22686439605.9,23418954083.5,1.348,1.322,1.38,0.0302,1.0,
"U(0.005,0.05), eps=1e-06",0.005,0.05,1e-06,binary,50,1872765909.5,1849362753.5,1899428573.0,1.95,1.907,1.988,0.0282,1.0,
"U(0.005,0.05), eps=1e-06",0.005,0.05,1e-06,binary,80,7527732602.9,7400247017.7,7638307487.4,1.742,1.704,1.781,0.0055,1.0,
"U(0.005,0.05), eps=1e-06",0.005,0.05,1e-06,binary,90,13113403252.4,12839451885.0,13334057078.7,1.654,1.618,1.697,0.0141,1.0,
"U(0.005,0.05), eps=1e-06",0.005,0.05,1e-06,binary,95,19734438434.6,19359076870.4,20075802562.9,1.576,1.541,1.612,0.0183,1.0,
"U(0.005,0.05), eps=1e-06",0.005,0.05,1e-06,reverse_eng,50,1720589707.9,1687839206.7,1749962708.7,2.122,2.073,2.174,0.0038,1.0,
"U(0.005,0.05), eps=1e-06",0.005,0.05,1e-06,reverse_eng,80,7265478679.6,7135186975.5,7379664869.0,1.805,1.764,1.846,0.0081,1.0,
"U(0.005,0.05), eps=1e-06",0.005,0.05,1e-06,reverse_eng,90,12669269024.3,12448593273.4,12970848241.4,1.712,1.666,1.752,0.0287,1.0,
"U(0.005,0.05), eps=1e-06",0.005,0.05,1e-06,reverse_eng,95,20054707584.1,19738679863.6,20362872356.8,1.551,1.521,1.586,0.0063,1.0,
"U(0.005,0.05), eps=1e-06",0.005,0.05,1e-06,binary_risk,50,1760458498.6,1727589640.9,1792012059.8,2.074,2.022,2.125,0.0034,1.0,
"U(0.005,0.05), eps=1e-06",0.005,0.05,1e-06,binary_risk,80,6914316986.8,6809955681.1,7037666714.4,1.896,1.851,1.935,0.0051,1.0,
"U(0.005,0.05), eps=1e-06",0.005,0.05,1e-06,binary_risk,90,12229177983.2,12041037766.9,12441421445.6,1.774,1.735,1.812,0.0172,1.0,
"U(0.005,0.05), eps=1e-06",0.005,0.05,1e-06,binary_risk,95,18303364314.0,18025621539.2,18691212250.7,1.699,1.657,1.736,0.0411,1.0,
"U(0.005,0.05), eps=1e-06",0.005,0.05,1e-06,reverse_eng_risk,50,1670578051.2,1633763731.3,1700548859.8,2.186,2.133,2.246,0.0043,1.0,
"U(0.005,0.05), eps=1e-06",0.005,0.05,1e-06,reverse_eng_risk,80,6918712216.2,6818685292.4,7033906957.6,1.895,1.852,1.936,0.0016,1.0,
"U(0.005,0.05), eps=1e-06",0.005,0.05,1e-06,reverse_eng_risk,90,12456541203.0,12257244890.0,12687967752.3,1.741,1.702,1.781,0.0107,1.0,
"U(0.005,0.05), eps=1e-06",0.005,0.05,1e-06,reverse_eng_risk,95,19015443095.7,18583215935.1,19370966762.0,1.636,1.598,1.681,0.0101,1.0,
"U(0.005,0.05), eps=1e-06",0.005,0.05,1e-06,oracle_hl,50,1667747910.1,1629894250.5,1699313357.0,2.189,2.136,2.247,0.0032,1.0,
"U(0.005,0.05), eps=1e-06",0.005,0.05,1e-06,oracle_hl,80,6788734876.8,6695074310.0,6897107031.3,1.931,1.888,1.969,0.0045,1.0,
"U(0.005,0.05), eps=1e-06",0.005,0.05,1e-06,oracle_hl,90,12105344272.1,11922366362.3,12316907558.8,1.792,1.754,1.831,0.0108,1.0,
"U(0.005,0.05), eps=1e-06",0.005,0.05,1e-06,oracle_hl,95,18280102966.0,17960000101.0,18681775612.0,1.701,1.66,1.741,0.0206,1.0,
"U(0.0001,0.001), eps=1e-04",0.0001,0.001,0.0001,brute,50,11522.3,11312.3,11768.9,1.0,1.0,1.0,0.0418,1.0,0.0284
"U(0.0001,0.001), eps=1e-04",0.0001,0.001,0.0001,brute,80,32708.5,32342.7,33062.5,1.0,1.0,1.0,0.0138,1.0,0.0159
"U(0.0001,0.001), eps=1e-04",0.0001,0.001,0.0001,brute,90,53366.1,52555.8,54235.5,1.0,1.0,1.0,0.0175,1.0,0.0222
"U(0.0001,0.001), eps=1e-04",0.0001,0.001,0.0001,brute,95,73833.0,72972.5,74772.4,1.0,1.0,1.0,0.0357,1.0,0.0166
"U(0.0001,0.001), eps=1e-04",0.0001,0.001,0.0001,separable,50,,,,,,,,0.0,
"U(0.0001,0.001), eps=1e-04",0.0001,0.001,0.0001,separable,80,,,,,,,,0.0,
"U(0.0001,0.001), eps=1e-04",0.0001,0.001,0.0001,separable,90,,,,,,,,0.0,
"U(0.0001,0.001), eps=1e-04",0.0001,0.001,0.0001,separable,95,,,,,,,,0.0,
"U(0.0001,0.001), eps=1e-04",0.0001,0.001,0.0001,linear,50,26579.0,26389.6,26765.0,0.434,0.425,0.444,0.12,1.0,
"U(0.0001,0.001), eps=1e-04",0.0001,0.001,0.0001,linear,80,54633.3,54029.3,55174.7,0.599,0.589,0.608,0.0054,1.0,
"U(0.0001,0.001), eps=1e-04",0.0001,0.001,0.0001,linear,90,77220.4,76361.6,78359.5,0.691,0.677,0.705,0.0288,1.0,
"U(0.0001,0.001), eps=1e-04",0.0001,0.001,0.0001,linear,95,103356.2,102241.9,104461.4,0.714,0.703,0.725,0.0475,1.0,
"U(0.0001,0.001), eps=1e-04",0.0001,0.001,0.0001,binary,50,391910.3,389882.5,394021.7,0.029,0.029,0.03,0.0181,1.0,
"U(0.0001,0.001), eps=1e-04",0.0001,0.001,0.0001,binary,80,742386.2,736834.6,747327.6,0.044,0.043,0.045,0.0692,1.0,
"U(0.0001,0.001), eps=1e-04",0.0001,0.001,0.0001,binary,90,898653.6,892735.8,904417.3,0.059,0.058,0.06,0.0214,1.0,
"U(0.0001,0.001), eps=1e-04",0.0001,0.001,0.0001,binary,95,1013404.8,1009928.3,1017102.3,0.073,0.072,0.074,0.1392,1.0,
"U(0.0001,0.001), eps=1e-04",0.0001,0.001,0.0001,reverse_eng,50,35538.2,35490.9,35587.6,0.324,0.318,0.331,0.0919,1.0,
"U(0.0001,0.001), eps=1e-04",0.0001,0.001,0.0001,reverse_eng,80,56884.4,56008.7,57693.2,0.575,0.565,0.586,0.0098,1.0,
"U(0.0001,0.001), eps=1e-04",0.0001,0.001,0.0001,reverse_eng,90,89588.6,88538.8,90689.9,0.596,0.584,0.608,0.0221,1.0,
"U(0.0001,0.001), eps=1e-04",0.0001,0.001,0.0001,reverse_eng,95,129589.0,127559.9,131821.9,0.57,0.558,0.581,0.0159,1.0,
"U(0.0001,0.001), eps=1e-04",0.0001,0.001,0.0001,binary_risk,50,42209.9,42105.2,42317.2,0.273,0.268,0.279,0.0308,1.0,
"U(0.0001,0.001), eps=1e-04",0.0001,0.001,0.0001,binary_risk,80,58443.4,58154.1,58718.3,0.56,0.553,0.567,0.0248,1.0,
"U(0.0001,0.001), eps=1e-04",0.0001,0.001,0.0001,binary_risk,90,73751.3,73268.7,74230.5,0.724,0.712,0.736,0.0379,1.0,
"U(0.0001,0.001), eps=1e-04",0.0001,0.001,0.0001,binary_risk,95,91741.5,90891.8,92679.0,0.805,0.791,0.818,0.0411,1.0,
"U(0.0001,0.001), eps=1e-04",0.0001,0.001,0.0001,reverse_eng_risk,50,42834.8,42701.2,42970.7,0.269,0.264,0.275,0.0319,1.0,
"U(0.0001,0.001), eps=1e-04",0.0001,0.001,0.0001,reverse_eng_risk,80,62779.4,62409.6,63193.0,0.521,0.514,0.527,0.0239,1.0,
"U(0.0001,0.001), eps=1e-04",0.0001,0.001,0.0001,reverse_eng_risk,90,80801.1,79967.5,81563.4,0.66,0.649,0.674,0.0372,1.0,
"U(0.0001,0.001), eps=1e-04",0.0001,0.001,0.0001,reverse_eng_risk,95,102080.7,101126.6,102984.2,0.723,0.713,0.734,0.0296,1.0,
"U(0.0001,0.001), eps=1e-04",0.0001,0.001,0.0001,oracle_hl,50,4022.5,3965.6,4077.2,2.864,2.8,2.94,0.0005,1.0,
"U(0.0001,0.001), eps=1e-04",0.0001,0.001,0.0001,oracle_hl,80,13450.0,13271.9,13664.7,2.432,2.386,2.476,0.0049,1.0,
"U(0.0001,0.001), eps=1e-04",0.0001,0.001,0.0001,oracle_hl,90,23949.9,23605.1,24378.2,2.228,2.177,2.279,0.0109,1.0,
"U(0.0001,0.001), eps=1e-04",0.0001,0.001,0.0001,oracle_hl,95,36136.1,35510.3,36922.8,2.043,1.994,2.09,0.0208,1.0,
"U(0.0001,0.001), eps=1e-06",0.0001,0.001,1e-06,brute,50,72437620.2,71217792.3,73602448.6,1.0,1.0,1.0,0.0015,1.0,0.0232
"U(0.0001,0.001), eps=1e-06",0.0001,0.001,1e-06,brute,80,259215033.9,254853237.3,262860511.8,1.0,1.0,1.0,0.0084,1.0,0.0216
"U(0.0001,0.001), eps=1e-06",0.0001,0.001,1e-06,brute,90,431070191.5,424931278.1,438061268.6,1.0,1.0,1.0,0.012,1.0,0.0208
"U(0.0001,0.001), eps=1e-06",0.0001,0.001,1e-06,brute,95,613768107.0,605331571.5,623001703.6,1.0,1.0,1.0,0.0183,1.0,0.0207
"U(0.0001,0.001), eps=1e-06",0.0001,0.001,1e-06,separable,50,,,,,,,,0.0,
"U(0.0001,0.001), eps=1e-06",0.0001,0.001,1e-06,separable,80,,,,,,,,0.0,
"U(0.0001,0.001), eps=1e-06",0.0001,0.001,1e-06,separable,90,,,,,,,,0.0,
"U(0.0001,0.001), eps=1e-06",0.0001,0.001,1e-06,separable,95,,,,,,,,0.0,
"U(0.0001,0.001), eps=1e-06",0.0001,0.001,1e-06,linear,50,65632767.8,64393036.8,67198245.1,1.104,1.074,1.13,0.0052,1.0,
"U(0.0001,0.001), eps=1e-06",0.0001,0.001,1e-06,linear,80,241545274.5,238220902.9,245237824.1,1.073,1.05,1.095,0.0034,1.0,
"U(0.0001,0.001), eps=1e-06",0.0001,0.001,1e-06,linear,90,389677871.4,384142254.1,394903237.5,1.106,1.085,1.131,0.0178,1.0,
"U(0.0001,0.001), eps=1e-06",0.0001,0.001,1e-06,linear,95,565918118.6,558248834.1,572812009.7,1.085,1.065,1.107,0.0194,1.0,
"U(0.0001,0.001), eps=1e-06",0.0001,0.001,1e-06,binary,50,64059522.1,63091902.4,65236404.5,1.131,1.104,1.158,0.0031,1.0,
"U(0.0001,0.001), eps=1e-06",0.0001,0.001,1e-06,binary,80,258915849.0,254539996.8,262564161.4,1.001,0.979,1.023,0.0206,1.0,
"U(0.0001,0.001), eps=1e-06",0.0001,0.001,1e-06,binary,90,461885231.8,450222261.1,471710864.8,0.933,0.911,0.962,0.028,1.0,
"U(0.0001,0.001), eps=1e-06",0.0001,0.001,1e-06,binary,95,727364819.1,710726306.7,747600984.4,0.844,0.819,0.869,0.0221,1.0,
"U(0.0001,0.001), eps=1e-06",0.0001,0.001,1e-06,reverse_eng,50,39937816.9,38852235.3,40851672.2,1.814,1.762,1.876,0.015,1.0,
"U(0.0001,0.001), eps=1e-06",0.0001,0.001,1e-06,reverse_eng,80,153782495.0,151417363.3,156008622.7,1.686,1.649,1.719,0.0045,1.0,
"U(0.0001,0.001), eps=1e-06",0.0001,0.001,1e-06,reverse_eng,90,271677861.7,267586203.2,275483315.2,1.587,1.557,1.621,0.0153,1.0,
"U(0.0001,0.001), eps=1e-06",0.0001,0.001,1e-06,reverse_eng,95,420434007.0,414305786.6,427756410.0,1.46,1.429,1.493,0.0145,1.0,
"U(0.0001,0.001), eps=1e-06",0.0001,0.001,1e-06,binary_risk,50,44127847.1,43413294.3,44968355.0,1.642,1.6,1.681,0.0026,1.0,
"U(0.0001,0.001), eps=1e-06",0.0001,0.001,1e-06,binary_risk,80,162953019.3,160536686.9,165503089.2,1.591,1.555,1.623,0.0037,1.0,
"U(0.0001,0.001), eps=1e-06",0.0001,0.001,1e-06,binary_risk,90,282303630.2,278802160.1,286358503.4,1.527,1.497,1.556,0.0282,1.0,
"U(0.0001,0.001), eps=1e-06",0.0001,0.001,1e-06,binary_risk,95,437423703.2,430191447.4,446006134.1,1.403,1.369,1.435,0.0165,1.0,
"U(0.0001,0.001), eps=1e-06",0.0001,0.001,1e-06,reverse_eng_risk,50,36766645.0,36120244.4,37556712.3,1.97,1.918,2.018,0.0024,1.0,
"U(0.0001,0.001), eps=1e-06",0.0001,0.001,1e-06,reverse_eng_risk,80,144280844.4,141596319.1,146692426.3,1.797,1.755,1.839,0.0045,1.0,
"U(0.0001,0.001), eps=1e-06",0.0001,0.001,1e-06,reverse_eng_risk,90,252278766.8,247664424.7,257253799.3,1.709,1.665,1.754,0.023,1.0,
"U(0.0001,0.001), eps=1e-06",0.0001,0.001,1e-06,reverse_eng_risk,95,385374052.6,376934640.1,392777397.5,1.593,1.557,1.637,0.0223,1.0,
"U(0.0001,0.001), eps=1e-06",0.0001,0.001,1e-06,oracle_hl,50,33080869.1,32350042.3,33691555.5,2.19,2.138,2.245,0.0031,1.0,
"U(0.0001,0.001), eps=1e-06",0.0001,0.001,1e-06,oracle_hl,80,134448136.5,132527659.4,136546211.9,1.928,1.884,1.967,0.0045,1.0,
"U(0.0001,0.001), eps=1e-06",0.0001,0.001,1e-06,oracle_hl,90,239504758.0,235976657.0,243513310.4,1.8,1.762,1.839,0.0109,1.0,
"U(0.0001,0.001), eps=1e-06",0.0001,0.001,1e-06,oracle_hl,95,361362508.9,355302828.9,369026832.5,1.698,1.655,1.738,0.0208,1.0,
"U(1e-05,0.01), eps=1e-05",1e-05,0.01,1e-05,brute,50,7263418.2,7132700.8,7389326.8,1.0,1.0,1.0,0.0046,1.0,0.0245
"U(1e-05,0.01), eps=1e-05",1e-05,0.01,1e-05,brute,80,26032973.2,25628400.1,26389405.7,1.0,1.0,1.0,0.0063,1.0,0.0208
"U(1e-05,0.01), eps=1e-05",1e-05,0.01,1e-05,brute,90,43274750.3,42691803.5,43996304.5,1.0,1.0,1.0,0.0136,1.0,0.0207
"U(1e-05,0.01), eps=1e-05",1e-05,0.01,1e-05,brute,95,61630248.9,60805689.6,62617151.2,1.0,1.0,1.0,0.0198,1.0,0.0196
"U(1e-05,0.01), eps=1e-05",1e-05,0.01,1e-05,separable,50,1137590324.4,1117286209.0,1156852058.7,0.006,0.006,0.007,0.0002,1.0,
"U(1e-05,0.01), eps=1e-05",1e-05,0.01,1e-05,separable,80,,,,,,,,0.0,
"U(1e-05,0.01), eps=1e-05",1e-05,0.01,1e-05,separable,90,,,,,,,,0.0,
"U(1e-05,0.01), eps=1e-05",1e-05,0.01,1e-05,separable,95,,,,,,,,0.0,
"U(1e-05,0.01), eps=1e-05",1e-05,0.01,1e-05,linear,50,5371585.1,5279016.0,5492608.4,1.352,1.313,1.386,0.0025,1.0,
"U(1e-05,0.01), eps=1e-05",1e-05,0.01,1e-05,linear,80,19502332.3,19264096.9,19742934.9,1.335,1.308,1.36,0.0126,1.0,
"U(1e-05,0.01), eps=1e-05",1e-05,0.01,1e-05,linear,90,34073311.4,33547844.1,34617571.3,1.27,1.243,1.3,0.0116,1.0,
"U(1e-05,0.01), eps=1e-05",1e-05,0.01,1e-05,linear,95,50801514.5,50231327.4,51434069.2,1.213,1.192,1.236,0.0489,1.0,
"U(1e-05,0.01), eps=1e-05",1e-05,0.01,1e-05,binary,50,14200020.8,13957658.6,14449822.2,0.512,0.499,0.524,0.0145,1.0,
"U(1e-05,0.01), eps=1e-05",1e-05,0.01,1e-05,binary,80,54660958.1,53665650.0,55491695.3,0.476,0.465,0.487,0.0101,1.0,
"U(1e-05,0.01), eps=1e-05",1e-05,0.01,1e-05,binary,90,110260158.8,108261959.9,113152846.4,0.392,0.381,0.402,0.056,1.0,
"U(1e-05,0.01), eps=1e-05",1e-05,0.01,1e-05,binary,95,241927865.2,232126001.1,251409942.7,0.255,0.245,0.266,0.0121,1.0,
"U(1e-05,0.01), eps=1e-05",1e-05,0.01,1e-05,reverse_eng,50,3570041.3,3511564.1,3637699.3,2.035,1.983,2.083,0.0067,1.0,
"U(1e-05,0.01), eps=1e-05",1e-05,0.01,1e-05,reverse_eng,80,15351109.0,15099769.5,15588732.8,1.696,1.66,1.731,0.0025,1.0,
"U(1e-05,0.01), eps=1e-05",1e-05,0.01,1e-05,reverse_eng,90,28138746.1,27706065.7,28581271.7,1.538,1.505,1.574,0.0131,1.0,
"U(1e-05,0.01), eps=1e-05",1e-05,0.01,1e-05,reverse_eng,95,44619501.3,43636611.9,45525384.1,1.381,1.349,1.418,0.0098,1.0,
"U(1e-05,0.01), eps=1e-05",1e-05,0.01,1e-05,binary_risk,50,3053968.5,2995795.3,3125145.3,2.378,2.31,2.44,0.003,1.0,
"U(1e-05,0.01), eps=1e-05",1e-05,0.01,1e-05,binary_risk,80,12960427.6,12755627.5,13143042.8,2.009,1.965,2.048,0.009,1.0,
"U(1e-05,0.01), eps=1e-05",1e-05,0.01,1e-05,binary_risk,90,23976438.8,23571084.3,24426137.2,1.805,1.765,1.846,0.0054,1.0,
"U(1e-05,0.01), eps=1e-05",1e-05,0.01,1e-05,binary_risk,95,36329835.9,35677670.8,37201463.1,1.696,1.653,1.738,0.0245,1.0,
"U(1e-05,0.01), eps=1e-05",1e-05,0.01,1e-05,reverse_eng_risk,50,3133852.8,3071843.8,3206625.5,2.318,2.249,2.383,0.0056,1.0,
"U(1e-05,0.01), eps=1e-05",1e-05,0.01,1e-05,reverse_eng_risk,80,13245439.8,13074719.7,13434685.6,1.965,1.925,2.003,0.0116,1.0,
"U(1e-05,0.01), eps=1e-05",1e-05,0.01,1e-05,reverse_eng_risk,90,24074124.3,23676751.9,24499053.8,1.798,1.757,1.836,0.0041,1.0,
"U(1e-05,0.01), eps=1e-05",1e-05,0.01,1e-05,reverse_eng_risk,95,36644822.5,35923380.5,37418620.7,1.682,1.637,1.726,0.0171,1.0,
"U(1e-05,0.01), eps=1e-05",1e-05,0.01,1e-05,oracle_hl,50,2624387.1,2564334.5,2688204.4,2.768,2.682,2.849,0.0033,1.0,
"U(1e-05,0.01), eps=1e-05",1e-05,0.01,1e-05,oracle_hl,80,12071843.4,11815715.4,12291121.0,2.157,2.106,2.21,0.0044,1.0,
"U(1e-05,0.01), eps=1e-05",1e-05,0.01,1e-05,oracle_hl,90,22301445.6,21930612.8,22633729.5,1.94,1.9,1.986,0.0071,1.0,
"U(1e-05,0.01), eps=1e-05",1e-05,0.01,1e-05,oracle_hl,95,34390119.6,33842031.9,34998082.6,1.792,1.754,1.832,0.015,1.0,
