setting,budget,rate,re,brute,oracle,overshoot,depth_ratio,dist_from_nopt,probes,accepted,sd_gain,pilot_alias,explore_share,m,conf,vs_brute,share_of_hl
"U(0.01,0.1), eps=1e-03",896,18.88,18.07,17.505000000000003,27.739000000000004,4.005,0.7772,23.48716573561611,1.0,1.0,1.0,0.0,21.763392857142957,13,0.5,1.3749999999999964,68.06301597029452
"U(0.01,0.1), eps=1e-03",38135,91.8,92.84,86.65,95.295,0.135,0.9047,9.570449275140245,1.0,1.0,1.0,0.0,18.565622131899726,472,0.5,5.1499999999999915,96.33244136628365
"U(0.01,0.1), eps=1e-04",1026274,70.265,72.435,56.705000000000005,74.066,0.405,0.9095,8.44873482823766,8.32,2.42,1.997,14.21,7.056287424216158,208,0.7,13.559999999999995,94.86809062187778
"U(0.001,0.01), eps=1e-04",81286,58.95,60.885,51.897000000000006,69.393,0.675,0.8637,13.716390164849713,1.0,1.0,1.0,0.0,21.825406589080398,113,0.5,7.052999999999997,84.95093165016644
"U(0.01,0.1), eps=1e-05",58472116,60.09,61.26,44.72,61.773,0.365,0.937,5.627492742469656,8.27,2.66,2.083,16.87,0.2325270127046538,382,0.8,15.370000000000005,97.2755087174008
"U(0.001,0.01), eps=1e-05",4631292,51.705,55.08,40.892,57.033,1.42,0.9245,6.6919637771523695,11.59,5.32,2.205,63.965,12.247950202664821,113,0.9,10.812999999999995,90.65804008205775
"U(0.01,0.1), eps=1e-06",4018577429,53.535,53.745,37.717,53.674,0.155,0.9889,0.9742681688860826,8.23,3.33,2.336,13.295,0.07317534063246237,7909,0.98,15.817999999999998,99.74102917613742
"U(0.001,0.01), eps=1e-06",383940518,51.945,52.825,37.735,53.038,0.255,0.9742,2.165129430209607,11.6,4.75,2.106,43.27,3.0039204546002103,2354,0.9,14.21,97.93921339417022
"U(0.01,0.1), eps=1e-07",333145616517,49.82,47.95,34.644999999999996,49.791999999999994,0.05,0.9968,0.29013598302909305,8.24,3.4,2.376,5.125,0.009971542034173775,89290,0.99,15.175000000000004,100.05623393316196
"U(0.001,0.01), eps=1e-07",31829199030,48.6,48.695,34.63,49.175000000000004,0.35,0.9968,0.2882957714560423,11.6,5.28,2.345,40.98,1.4255287852180676,89290,0.995,13.969999999999999,98.83070665988815
"U(0.01,0.1), eps=1e-08",27618231514879,45.88,45.965,31.755,46.066,0.08,0.9859,1.1841453807272562,8.25,2.97,2.159,7.325,1.0348407904069683e-05,7909,0.9,14.125000000000004,99.59623149394346
"U(0.001,0.01), eps=1e-08",2638684539638,45.435,44.95,31.745,45.472,0.025,0.9933,0.5836740237312116,11.56,4.55,2.101,16.76,0.00895156353687715,48713,0.9,13.690000000000001,99.91863124560169
"U(0.001,0.1), eps=1e-04",228958,43.19,44.2,28.923,46.772999999999996,1.13,0.8948,10.763389377468592,1.0,1.0,1.0,0.0,2.5026424060307826,382,0.5,14.267,92.33959763111197
"U(0.001,0.1), eps=1e-06",2289589519,45.94,46.44,29.175,46.774,0.085,0.9892,0.9358995344549781,11.74,2.52,2.998,1.29,4.205100466526029,48713,0.7,16.764999999999997,98.21695813913712
"U(0.0001,0.1), eps=1e-04",228958,43.7,43.805,28.792,47.253,1.22,0.8891,11.398057326890127,1.0,1.0,1.0,0.0,2.5026424060307826,382,0.5,14.908000000000001,92.48090068355448
"U(0.0001,0.1), eps=1e-06",2289589519,47.29,45.68,29.173,47.253,0.02,0.9895,1.0593227845648825,1.0,1.0,1.0,0.0,0.19654178020370472,300000,0.5,18.117,100.07830190675725
"U(0.0001,0.01), eps=1e-04",21875,34.305,31.38,27.544999999999998,46.198,4.825,0.7671,25.75502317709318,1.0,1.0,1.0,0.0,12.91885714285712,18,0.5,6.760000000000002,74.2564613186718
"U(0.0001,0.01), eps=1e-06",150339381,38.545,37.885,24.293,39.742,0.055,0.9824,1.7726882211992687,1.0,1.0,1.0,0.0,5.08711752644508,48713,0.5,14.252000000000002,96.98807307130996
"U(0.005,0.05), eps=1e-04",63120,27.47,28.81,21.93,32.674,0.675,0.9192,8.153845177914958,1.0,1.0,1.0,0.0,18.761089987325878,382,0.5,5.539999999999999,84.07296321234008
"U(0.005,0.05), eps=1e-06",433806451,27.12,27.085,18.488,27.423,0.035,0.9853,1.2546615020134135,9.24,3.41,2.114,12.035,1.4593384822440083,7909,0.9,8.632000000000001,98.89508806476316
"U(0.0001,0.001), eps=1e-04",36435,82.755,75.83,82.73700000000001,95.088,1.4,0.655,34.728040777475165,1.0,1.0,1.0,0.0,17.236174008508105,4,0.5,0.01799999999998647,87.0299091367996
"U(0.0001,0.001), eps=1e-06",142669654,77.895,78.61,65.52,81.186,0.365,0.9138,7.661299094027828,14.84,6.48,2.048,44.335,8.627072222099873,208,0.8,12.375,95.94634542901484
"U(1e-05,0.01), eps=1e-05",11827511,78.105,77.8,60.980000000000004,79.631,0.095,0.9223,7.74640785795271,1.0,1.0,1.0,0.0,3.1247318222743297,2354,0.5,17.125,98.08366088583591
