setting,phi_min,phi_max,eps,budget,re_rate,deep_1s_rate,deep_1s_spent,deep_1s_overshoot,deep_1s_m,deep_1s_conf,deep_2s_rate,deep_2s_spent,deep_2s_overshoot,deep_2s_m,deep_2s_conf,L_2s_rate,L_2s_spent,L_2s_overshoot,L_2s_m,L_2s_conf,first_rate,first_spent,first_overshoot,first_m,first_conf,post_rate,post_spent,post_overshoot,post_m,post_conf
"U(0.01,0.1), eps=1e-03",0.01,0.1,0.001,896,17.183,14.11,0.9903,0.0,20,0.5,14.2,0.9903,0.0,20,0.5,14.197,0.9877,0.0,20,0.5,17.04,0.9848,3.347,20,0.5,16.737,0.9842,0.787,20,0.5
"U(0.01,0.1), eps=1e-03",0.01,0.1,0.001,1898,29.807,23.913,0.9947,0.0,20,0.5,24.267,0.9947,0.0,20,0.5,23.31,0.9958,0.0,20,0.5,31.123,0.9896,2.857,20,0.5,31.257,0.9934,0.787,20,0.5
"U(0.01,0.1), eps=1e-03",0.01,0.1,0.001,4018,44.397,34.973,0.9969,0.0,40,0.5,34.96,0.9969,0.0,40,0.5,34.343,0.9968,0.0,40,0.5,46.63,0.9946,2.51,40,0.5,45.907,0.9948,2.203,40,0.5
"U(0.01,0.1), eps=1e-03",0.01,0.1,0.001,8507,62.13,45.47,0.9996,0.0,163,0.5,45.407,0.9996,0.0,163,0.5,45.253,0.9998,0.0,163,0.5,58.433,0.998,0.387,163,0.5,58.37,0.9979,0.393,163,0.5
"U(0.01,0.1), eps=1e-03",0.01,0.1,0.001,18012,80.4,62.64,0.9994,0.0,330,0.5,62.31,0.9994,0.0,330,0.5,62.69,0.9993,0.0,330,0.5,75.86,0.9991,0.063,330,0.5,75.89,0.9991,0.07,330,0.5
"U(0.01,0.1), eps=1e-03",0.01,0.1,0.001,38135,93.15,81.907,0.9998,0.0,20,0.95,82.943,0.9998,0.0,20,0.5,80.97,0.9999,0.0,666,0.5,90.293,0.9996,0.787,20,0.5,91.983,0.9995,0.13,20,0.5
"U(0.001,0.01), eps=1e-03",0.001,0.01,0.001,3643,28.143,29.657,0.9912,0.0,20,0.5,29.51,0.9912,0.0,20,0.5,29.78,0.9912,0.0,20,0.5,28.387,0.9533,0.713,20,0.5,34.443,0.9506,0.297,20,0.5
"U(0.001,0.01), eps=1e-03",0.001,0.01,0.001,7713,88.81,87.543,0.9974,0.0,20,0.5,87.413,0.9974,0.0,20,0.5,87.547,0.9974,0.0,20,0.5,90.673,0.986,0.0,20,0.5,91.517,0.9862,0.0,20,0.5
"U(0.01,0.1), eps=1e-04",0.01,0.1,0.0001,108144,26.53,19.12,0.9999,0.0,20,0.5,19.253,0.9999,0.0,20,0.5,18.09,0.9999,0.0,1582,0.5,25.727,0.9999,3.077,20,0.8,28.41,0.9998,0.42,20,0.8
"U(0.01,0.1), eps=1e-04",0.01,0.1,0.0001,228958,40.457,28.407,1.0,0.0,20,0.5,28.373,1.0,0.0,20,0.5,25.41,0.9999,0.0,3792,0.5,38.13,0.9999,0.667,47,0.95,40.047,0.9999,0.297,47,0.8
"U(0.01,0.1), eps=1e-04",0.01,0.1,0.0001,484741,55.49,40.483,1.0,0.0,20,0.5,40.57,1.0,0.0,20,0.5,39.29,1.0,13.453,275,0.5,53.833,1.0,0.21,47,0.5,56.147,1.0,0.263,47,0.5
"U(0.01,0.1), eps=1e-04",0.01,0.1,0.0001,1026274,72.373,56.383,1.0,0.0,20,0.5,56.137,1.0,0.0,47,0.5,56.023,1.0,10.093,660,0.5,70.703,1.0,0.21,47,0.5,72.843,1.0,0.24,20,0.95
"U(0.01,0.1), eps=1e-04",0.01,0.1,0.0001,2172783,87.277,74.917,1.0,0.0,20,0.95,74.55,1.0,0.0,20,0.95,73.553,1.0,10.093,660,0.5,86.27,1.0,0.097,275,0.5,87.33,1.0,0.16,20,0.95
"U(0.01,0.1), eps=1e-04",0.01,0.1,0.0001,4600122,96.08,90.313,1.0,0.0,20,0.95,90.5,1.0,0.0,20,0.5,88.127,1.0,4.53,3792,0.5,95.823,1.0,0.06,114,0.5,96.543,1.0,0.08,20,0.5
"U(0.001,0.01), eps=1e-04",0.001,0.01,0.0001,12463,22.36,17.947,0.9952,0.0,20,0.5,18.427,0.9952,0.0,20,0.5,18.423,0.9952,0.0,20,0.5,23.987,0.9904,2.063,20,0.5,24.357,0.9871,0.297,20,0.5
"U(0.001,0.01), eps=1e-04",0.001,0.01,0.0001,26386,36.097,26.44,0.9996,0.0,47,0.5,26.903,0.9996,0.0,47,0.5,26.423,0.9996,0.0,47,0.5,34.713,0.9942,0.21,47,0.5,34.92,0.9926,0.477,47,0.5
"U(0.001,0.01), eps=1e-04",0.001,0.01,0.0001,55865,51.46,37.267,0.9977,0.0,114,0.5,36.98,0.9977,0.0,114,0.5,36.557,0.9977,0.0,114,0.5,47.247,0.9963,0.087,114,0.5,47.573,0.997,0.447,114,0.5
"U(0.001,0.01), eps=1e-04",0.001,0.01,0.0001,118275,70.433,50.51,0.9995,0.0,275,0.5,50.297,0.9995,0.0,275,0.5,50.533,0.9995,0.0,275,0.5,63.09,0.9985,0.017,275,0.5,61.993,0.9986,0.023,275,0.5
"U(0.001,0.01), eps=1e-04",0.001,0.01,0.0001,250406,87.11,74.663,0.9994,0.0,275,0.5,74.147,0.9994,0.0,275,0.5,75.017,0.9994,0.0,275,0.5,85.57,0.9992,0.007,275,0.5,85.36,0.9993,0.01,275,0.5
"U(0.001,0.01), eps=1e-04",0.001,0.01,0.0001,530150,96.46,89.51,0.9998,0.0,660,0.5,90.533,0.9999,0.0,20,0.5,89.643,0.9998,0.0,660,0.5,95.413,0.9997,0.003,660,0.5,95.467,0.9997,0.067,20,0.8
"U(0.01,0.1), eps=1e-05",0.01,0.1,1e-05,13044964,32.7,21.793,1.0,0.0,20,0.95,21.863,1.0,0.0,20,0.5,26.023,1.0,11.923,3792,0.8,32.047,1.0,0.337,660,0.5,32.587,1.0,0.057,660,0.5
"U(0.01,0.1), eps=1e-05",0.01,0.1,1e-05,27618231,45.58,31.567,1.0,0.0,47,0.5,31.627,1.0,0.0,20,0.95,37.833,1.0,11.923,3792,0.8,44.597,1.0,0.323,660,0.5,45.083,1.0,0.287,47,0.8
"U(0.01,0.1), eps=1e-05",0.01,0.1,1e-05,58472116,61.287,44.317,1.0,0.0,20,0.95,44.757,1.0,0.0,20,0.5,52.43,1.0,9.913,21786,0.95,60.543,1.0,0.163,1582,0.95,61.483,1.0,0.027,1582,0.5
"U(0.01,0.1), eps=1e-05",0.01,0.1,1e-05,123794618,77.497,61.127,1.0,0.0,275,0.5,61.19,1.0,0.0,20,0.95,70.47,1.0,5.277,21786,0.8,77.103,1.0,0.01,3792,0.5,77.613,1.0,0.033,660,0.8
"U(0.01,0.1), eps=1e-05",0.01,0.1,1e-05,262092573,90.683,79.237,1.0,0.0,20,0.5,79.123,1.0,0.0,20,0.5,85.727,1.0,3.277,52219,0.8,90.513,1.0,0.003,3792,0.8,90.867,1.0,0.023,660,0.95
"U(0.01,0.1), eps=1e-05",0.01,0.1,1e-05,554890978,97.69,93.15,1.0,0.0,660,0.5,93.29,1.0,0.0,20,0.5,95.217,1.0,1.137,52219,0.5,97.86,1.0,0.007,21786,0.5,97.973,1.0,0.013,114,0.5
"U(0.001,0.01), eps=1e-05",0.001,0.01,1e-05,1503393,33.137,23.043,1.0,0.0,20,0.5,23.15,0.9999,0.0,20,0.5,22.227,0.9999,0.0,1582,0.5,30.573,0.9999,1.937,20,0.5,33.197,0.9999,0.383,20,0.5
"U(0.001,0.01), eps=1e-05",0.001,0.01,1e-05,3182919,47.023,33.907,1.0,0.0,20,0.5,33.63,1.0,0.0,20,0.5,31.487,1.0,0.0,3792,0.5,44.503,1.0,0.003,47,0.8,47.903,0.9999,0.26,20,0.95
"U(0.001,0.01), eps=1e-05",0.001,0.01,1e-05,6738739,63.3,47.927,1.0,0.0,20,0.5,47.96,1.0,0.0,20,0.5,44.02,1.0,0.0,9089,0.5,61.103,1.0,0.0,47,0.5,63.853,1.0,0.22,20,0.95
"U(0.001,0.01), eps=1e-05",0.001,0.01,1e-05,14266965,79.74,65.577,1.0,0.0,20,0.8,65.483,1.0,0.0,47,0.5,59.21,1.0,0.0,21786,0.5,77.637,1.0,0.0,47,0.8,80.487,1.0,0.163,47,0.5
"U(0.001,0.01), eps=1e-05",0.001,0.01,1e-05,30205397,92.237,83.26,1.0,0.0,47,0.5,82.94,1.0,0.0,20,0.5,76.98,1.0,11.737,1582,0.5,91.49,1.0,0.007,275,0.8,92.67,1.0,0.06,114,0.95
"U(0.01,0.1), eps=1e-06",0.01,0.1,1e-06,896533333,27.767,18.1,1.0,0.0,20,0.5,18.173,1.0,0.0,20,0.8,24.29,1.0,5.277,21786,0.8,27.867,1.0,0.08,21786,0.8,27.467,1.0,0.017,9089,0.5
"U(0.01,0.1), eps=1e-06",0.01,0.1,1e-06,1898101319,39.14,26.197,1.0,0.0,20,0.5,26.267,1.0,0.0,20,0.5,36.783,1.0,4.07,125163,0.95,38.977,1.0,0.073,21786,0.5,38.78,1.0,0.023,9089,0.8
"U(0.01,0.1), eps=1e-06",0.01,0.1,1e-06,4018577429,53.627,37.483,1.0,0.0,20,0.5,37.517,1.0,0.0,47,0.5,51.083,1.0,2.693,300000,0.95,53.307,1.0,0.08,52219,0.5,53.537,1.0,0.017,9089,0.8
"U(0.01,0.1), eps=1e-06",0.01,0.1,1e-06,8507957079,69.423,52.147,1.0,0.0,20,0.5,52.333,1.0,0.0,20,0.95,67.3,1.0,2.693,300000,0.95,69.78,1.0,0.077,52219,0.5,69.803,1.0,0.013,52219,0.5
"U(0.01,0.1), eps=1e-06",0.01,0.1,1e-06,18012676110,84.603,70.487,1.0,0.0,20,0.5,70.14,1.0,0.0,114,0.5,82.11,1.0,2.693,300000,0.95,84.77,1.0,0.003,9089,0.5,85.173,1.0,0.003,21786,0.5
"U(0.01,0.1), eps=1e-06",0.01,0.1,1e-06,38135653207,94.823,86.973,1.0,0.0,47,0.8,86.81,1.0,0.0,20,0.5,92.917,1.0,1.41,300000,0.8,95.15,1.0,0.013,21786,0.5,95.33,1.0,0.003,3792,0.5
"U(0.001,0.01), eps=1e-06",0.001,0.01,1e-06,103322828,29.477,19.807,1.0,0.0,20,0.95,19.873,1.0,0.0,114,0.5,21.983,1.0,11.737,1582,0.5,28.727,1.0,0.02,660,0.95,29.51,1.0,0.083,275,0.5
"U(0.001,0.01), eps=1e-06",0.001,0.01,1e-06,218750591,40.86,28.717,1.0,0.0,47,0.8,28.767,1.0,0.0,20,0.5,31.897,1.0,11.737,1582,0.5,40.303,1.0,0.02,660,0.5,41.07,1.0,0.25,47,0.5
"U(0.001,0.01), eps=1e-06",0.001,0.01,1e-06,463129222,56.357,40.743,1.0,0.0,47,0.8,40.99,1.0,0.0,275,0.8,45.433,1.0,8.16,3792,0.5,55.667,1.0,0.03,1582,0.5,56.66,1.0,0.04,660,0.95
"U(0.001,0.01), eps=1e-06",0.001,0.01,1e-06,980517014,72.897,56.51,1.0,0.0,20,0.95,56.527,1.0,0.0,275,0.5,61.823,1.0,6.01,9089,0.5,72.4,1.0,0.027,1582,0.5,73.17,1.0,0.01,3792,0.8
"U(0.001,0.01), eps=1e-06",0.001,0.01,1e-06,2075907911,87.353,74.82,1.0,0.0,20,0.5,74.687,1.0,0.0,20,0.5,78.14,1.0,4.523,21786,0.5,86.863,1.0,0.01,21786,0.95,87.293,1.0,0.077,47,0.95
"U(0.001,0.01), eps=1e-06",0.001,0.01,1e-06,4395021800,96.443,90.307,1.0,0.0,20,0.5,90.473,1.0,0.0,20,0.8,91.703,1.0,2.07,125163,0.5,96.367,1.0,0.007,3792,0.8,96.457,1.0,0.03,47,0.5
"U(0.01,0.1), eps=1e-07",0.01,0.1,1e-07,130449649394,33.107,21.767,1.0,0.0,20,0.5,21.94,1.0,0.0,20,0.95,31.76,1.0,2.693,300000,0.95,33.193,1.0,0.047,300000,0.5,32.59,1.0,0.053,660,0.8
"U(0.01,0.1), eps=1e-07",0.01,0.1,1e-07,276182315148,45.86,31.603,1.0,0.0,20,0.5,31.63,1.0,0.0,20,0.95,44.447,1.0,2.693,300000,0.95,45.85,1.0,0.067,125163,0.5,45.677,1.0,0.02,9089,0.8
"U(0.01,0.1), eps=1e-07",0.01,0.1,1e-07,584721166785,61.2,44.29,1.0,0.0,20,0.95,44.763,1.0,0.0,20,0.5,59.63,1.0,2.693,300000,0.95,61.643,1.0,0.047,300000,0.5,61.65,1.0,0.023,3792,0.5
"U(0.01,0.1), eps=1e-07",0.01,0.1,1e-07,1237946183132,77.527,61.127,1.0,0.0,20,0.5,61.183,1.0,0.0,20,0.95,75.263,1.0,2.693,300000,0.95,77.69,1.0,0.067,52219,0.5,77.68,1.0,0.017,1582,0.5
"U(0.01,0.1), eps=1e-07",0.01,0.1,1e-07,2620925732443,90.44,79.253,1.0,0.0,20,0.5,79.133,1.0,0.0,20,0.5,88.033,1.0,1.41,300000,0.8,90.7,1.0,0.0,9089,0.5,90.993,1.0,0.007,52219,0.5
"U(0.01,0.1), eps=1e-07",0.01,0.1,1e-07,5548909789924,97.66,93.173,1.0,0.0,20,0.5,93.283,1.0,0.0,20,0.5,96.017,1.0,0.507,300000,0.5,97.913,1.0,0.007,21786,0.5,97.87,1.0,0.027,47,0.5
"U(0.001,0.01), eps=1e-07",0.001,0.01,1e-07,15033938186,35.65,23.78,1.0,0.0,20,0.5,24.003,1.0,0.0,20,0.5,29.163,1.0,6.537,300000,0.8,35.273,1.0,0.013,21786,0.5,35.153,1.0,0.027,3792,0.8
"U(0.001,0.01), eps=1e-07",0.001,0.01,1e-07,31829199030,47.69,34.49,1.0,0.0,20,0.5,34.367,1.0,0.0,20,0.5,42.32,1.0,6.537,300000,0.8,48.74,1.0,0.013,21786,0.5,48.737,1.0,0.053,21786,0.8
"U(0.001,0.01), eps=1e-07",0.001,0.01,1e-07,67387393667,64.91,48.213,1.0,0.0,20,0.5,48.39,1.0,0.0,275,0.95,57.703,1.0,6.537,300000,0.8,64.94,1.0,0.01,52219,0.95,65.103,1.0,0.017,9089,0.8
"U(0.001,0.01), eps=1e-07",0.001,0.01,1e-07,142669654393,80.65,65.703,1.0,0.0,20,0.95,65.84,1.0,0.0,20,0.5,73.513,1.0,1.34,300000,0.5,80.9,1.0,0.01,52219,0.5,81.007,1.0,0.017,21786,0.95
"U(0.001,0.01), eps=1e-07",0.001,0.01,1e-07,302053977412,92.903,83.363,1.0,0.0,21786,0.8,83.107,1.0,0.0,20,0.5,88.18,1.0,1.34,300000,0.5,92.803,1.0,0.007,52219,0.5,93.087,1.0,0.003,9089,0.8
"U(0.01,0.1), eps=1e-08",0.01,0.1,1e-08,8965333333333,27.953,18.103,1.0,0.0,20,0.5,18.16,1.0,0.0,20,0.8,26.567,1.0,2.693,300000,0.95,28.13,1.0,0.08,52219,0.5,27.41,1.0,0.023,3792,0.5
"U(0.01,0.1), eps=1e-08",0.01,0.1,1e-08,18981013192192,39.147,26.193,1.0,0.0,20,0.5,26.277,1.0,0.0,20,0.5,37.843,1.0,2.693,300000,0.95,39.173,1.0,0.073,125163,0.5,38.817,1.0,0.02,52219,0.5
"U(0.01,0.1), eps=1e-08",0.01,0.1,1e-08,40185774293819,53.363,37.493,1.0,0.0,20,0.5,37.517,1.0,0.0,47,0.5,51.6,1.0,2.693,300000,0.95,53.537,1.0,0.067,125163,0.5,53.477,1.0,0.017,21786,0.5
"U(0.01,0.1), eps=1e-08",0.01,0.1,1e-08,85079570792251,69.433,52.137,1.0,0.0,20,0.5,52.343,1.0,0.0,20,0.95,67.62,1.0,2.693,300000,0.95,69.887,1.0,0.043,300000,0.5,69.807,1.0,0.08,125163,0.95
"U(0.01,0.1), eps=1e-08",0.01,0.1,1e-08,180126761108769,84.583,70.487,1.0,0.0,20,0.5,70.143,1.0,0.0,114,0.5,82.183,1.0,2.693,300000,0.95,84.94,1.0,0.027,300000,0.5,84.89,1.0,0.037,275,0.5
"U(0.01,0.1), eps=1e-08",0.01,0.1,1e-08,381356532072333,94.597,86.967,1.0,0.0,20,0.5,86.817,1.0,0.0,20,0.5,92.887,1.0,1.41,300000,0.8,95.107,1.0,0.013,21786,0.5,95.303,1.0,0.003,3792,0.5
"U(0.001,0.01), eps=1e-08",0.001,0.01,1e-08,1033228282146,29.853,19.827,1.0,0.0,20,0.5,19.887,1.0,0.0,20,0.5,25.593,1.0,6.537,300000,0.8,30.143,1.0,0.01,52219,0.5,29.117,1.0,0.9,125163,0.5
"U(0.001,0.01), eps=1e-08",0.001,0.01,1e-08,2187505910242,41.663,28.82,1.0,0.0,20,0.5,28.743,1.0,0.0,20,0.5,36.69,1.0,6.537,300000,0.8,41.733,1.0,0.003,125163,0.5,41.477,1.0,0.047,1582,0.8
"U(0.001,0.01), eps=1e-08",0.001,0.01,1e-08,4631292222671,56.66,40.803,1.0,0.0,20,0.5,40.99,1.0,0.0,20,0.5,50.143,1.0,6.537,300000,0.8,56.71,1.0,0.003,125163,0.5,56.707,1.0,0.04,660,0.95
"U(0.001,0.01), eps=1e-08",0.001,0.01,1e-08,9805170148953,73.043,56.483,1.0,0.0,20,0.5,56.523,1.0,0.0,20,0.5,65.83,1.0,6.537,300000,0.8,73.24,1.0,0.01,52219,0.5,73.25,1.0,0.007,9089,0.5
"U(0.001,0.01), eps=1e-08",0.001,0.01,1e-08,20759079113881,87.307,74.827,1.0,0.0,20,0.5,74.66,1.0,0.0,20,0.5,81.387,1.0,1.34,300000,0.5,87.717,1.0,0.0,300000,0.5,87.83,1.0,0.003,9089,0.5
"U(0.001,0.01), eps=1e-08",0.001,0.01,1e-08,43950218008441,96.35,90.337,1.0,0.0,20,0.5,90.437,1.0,0.0,20,0.5,93.24,1.0,1.34,300000,0.5,96.47,1.0,0.007,9089,0.5,96.663,1.0,0.003,52219,0.95
"U(0.001,0.1), eps=1e-04",0.001,0.1,0.0001,130449,33.663,21.67,0.9999,0.0,275,0.5,21.427,0.9999,0.0,275,0.5,21.963,0.9999,0.0,275,0.5,33.143,0.9997,3.19,275,0.5,34.247,0.9998,1.437,660,0.5
"U(0.001,0.1), eps=1e-04",0.001,0.1,0.0001,276182,46.91,31.04,1.0,0.0,660,0.5,30.897,1.0,0.0,660,0.5,31.393,1.0,0.0,660,0.5,46.817,0.9999,0.953,1582,0.5,47.567,0.9999,0.397,660,0.5
"U(0.001,0.1), eps=1e-04",0.001,0.1,0.0001,584721,62.747,43.51,1.0,0.0,1582,0.5,43.66,1.0,0.0,1582,0.5,44.02,1.0,0.0,1582,0.5,63.1,0.9999,0.2,1582,0.5,63.06,1.0,0.45,1582,0.5
"U(0.001,0.1), eps=1e-04",0.001,0.1,0.0001,1237946,78.543,60.623,1.0,0.0,1582,0.5,60.52,1.0,0.0,1582,0.5,60.82,1.0,0.0,1582,0.5,78.193,1.0,0.017,3792,0.5,78.613,1.0,0.017,3792,0.5
"U(0.001,0.1), eps=1e-04",0.001,0.1,0.0001,2620925,90.757,78.833,1.0,0.0,3792,0.5,78.693,1.0,0.0,3792,0.5,78.647,1.0,0.0,3792,0.5,90.757,1.0,0.003,9089,0.5,91.38,1.0,0.033,20,0.8
"U(0.001,0.1), eps=1e-04",0.001,0.1,0.0001,5548909,97.82,93.003,1.0,0.0,20,0.5,93.12,1.0,0.0,20,0.5,92.883,1.0,0.0,9089,0.5,97.413,1.0,0.0,47,0.5,97.85,1.0,0.003,114,0.5
"U(0.001,0.1), eps=1e-06",0.001,0.1,1e-06,1573552196,40.37,23.777,1.0,0.0,20,0.5,24.083,1.0,0.0,20,0.5,33.743,1.0,6.723,21786,0.8,39.573,1.0,0.243,9089,0.5,39.57,1.0,0.413,660,0.95
"U(0.001,0.1), eps=1e-06",0.001,0.1,1e-06,3331456165,53.617,34.507,1.0,0.0,20,0.5,34.497,1.0,0.0,20,0.5,48.29,1.0,6.017,125163,0.95,53.083,1.0,0.02,9089,0.5,53.487,1.0,0.067,47,0.95
"U(0.001,0.1), eps=1e-06",0.001,0.1,1e-06,7053213870,68.197,48.227,1.0,0.0,20,0.5,48.54,1.0,0.0,20,0.5,63.86,1.0,4.11,300000,0.95,68.49,1.0,0.037,21786,0.5,68.63,1.0,0.09,660,0.8
"U(0.001,0.1), eps=1e-06",0.001,0.1,1e-06,14932757159,82.703,65.677,1.0,0.0,275,0.5,65.917,1.0,0.0,20,0.8,78.803,1.0,4.11,300000,0.95,83.033,1.0,0.033,21786,0.5,83.223,1.0,0.013,114,0.5
"U(0.001,0.1), eps=1e-06",0.001,0.1,1e-06,31614982969,93.6,83.373,1.0,0.0,275,0.5,83.093,1.0,0.0,20,0.5,91.0,1.0,1.8,300000,0.8,93.513,1.0,0.007,3792,0.5,94.0,1.0,0.003,114,0.5
"U(0.0001,0.1), eps=1e-04",0.0001,0.1,0.0001,108144,30.657,19.983,0.9999,0.0,20,0.5,19.847,0.9999,0.0,20,0.5,20.343,0.9999,0.0,114,0.5,30.523,0.9998,3.157,660,0.5,31.717,0.9996,1.84,660,0.5
"U(0.0001,0.1), eps=1e-04",0.0001,0.1,0.0001,228958,43.977,28.85,0.9999,0.0,47,0.5,28.863,0.9999,0.0,47,0.5,29.057,0.9999,0.0,47,0.5,43.02,0.9999,1.35,1582,0.5,44.43,0.9998,0.793,660,0.5
"U(0.0001,0.1), eps=1e-04",0.0001,0.1,0.0001,484741,58.88,40.877,1.0,0.0,114,0.5,40.92,1.0,0.0,114,0.5,41.133,1.0,0.0,275,0.5,59.21,1.0,0.91,660,0.5,59.507,0.9999,0.39,660,0.5
"U(0.0001,0.1), eps=1e-04",0.0001,0.1,0.0001,1026274,74.94,56.52,1.0,0.0,275,0.5,56.39,1.0,0.0,275,0.5,56.793,1.0,0.0,275,0.5,75.3,1.0,0.207,1582,0.5,75.05,1.0,0.003,3792,0.5
"U(0.0001,0.1), eps=1e-04",0.0001,0.1,0.0001,2172783,88.29,74.823,1.0,0.0,660,0.5,74.563,1.0,0.0,660,0.5,74.597,1.0,0.0,660,0.5,88.653,1.0,0.103,1582,0.5,88.643,1.0,0.003,3792,0.5
"U(0.0001,0.1), eps=1e-04",0.0001,0.1,0.0001,4600122,96.633,90.303,1.0,0.0,660,0.5,90.427,1.0,0.0,660,0.5,90.33,1.0,0.0,660,0.5,96.86,1.0,0.017,660,0.5,96.68,1.0,0.02,660,0.5
"U(0.0001,0.1), eps=1e-06",0.0001,0.1,1e-06,1304496493,37.883,21.75,1.0,0.0,47,0.8,21.93,1.0,0.0,47,0.5,26.513,1.0,15.853,3792,0.8,37.78,1.0,0.047,300000,0.5,37.39,1.0,0.057,300000,0.5
"U(0.0001,0.1), eps=1e-06",0.0001,0.1,1e-06,2761823151,50.15,31.603,1.0,0.0,47,0.5,31.677,1.0,0.0,20,0.5,40.693,1.0,7.123,21786,0.8,48.747,1.0,0.37,9089,0.5,48.44,1.0,2.32,275,0.5
"U(0.0001,0.1), eps=1e-06",0.0001,0.1,1e-06,5847211667,64.977,44.287,1.0,0.0,20,0.5,44.847,1.0,0.0,20,0.5,55.71,1.0,7.123,21786,0.8,64.617,1.0,0.003,3792,0.5,63.527,1.0,1.93,114,0.5
"U(0.0001,0.1), eps=1e-06",0.0001,0.1,1e-06,12379461831,79.72,61.097,1.0,0.0,660,0.5,61.25,1.0,0.0,47,0.5,72.223,1.0,4.737,52219,0.8,79.63,1.0,0.007,9089,0.5,79.413,1.0,0.74,20,0.8
"U(0.0001,0.1), eps=1e-06",0.0001,0.1,1e-06,26209257324,91.56,79.243,1.0,0.0,20,0.95,79.13,1.0,0.0,20,0.5,86.243,1.0,3.203,125163,0.8,91.503,1.0,0.003,3792,0.5,91.793,1.0,0.187,20,0.5
"U(0.0001,0.1), eps=1e-06",0.0001,0.1,1e-06,55489097899,98.05,93.17,1.0,0.0,20,0.5,93.28,1.0,0.0,20,0.5,95.177,1.0,1.11,125163,0.5,97.937,1.0,0.01,660,0.5,98.233,1.0,0.037,20,0.5
"U(0.0001,0.01), eps=1e-04",0.0001,0.01,0.0001,15033,24.443,19.57,0.9922,0.0,20,0.5,20.07,0.9922,0.0,20,0.5,19.977,0.9922,0.0,20,0.5,27.413,0.9914,6.603,20,0.5,29.54,0.9908,2.927,20,0.5
"U(0.0001,0.01), eps=1e-04",0.0001,0.01,0.0001,31829,38.727,31.42,0.9964,0.0,20,0.5,31.563,0.9964,0.0,20,0.5,31.537,0.9964,0.0,20,0.5,42.657,0.9936,5.34,20,0.5,45.007,0.9962,1.383,20,0.5
"U(0.0001,0.01), eps=1e-04",0.0001,0.01,0.0001,67387,57.037,46.673,0.9995,0.0,20,0.5,46.72,0.9995,0.0,20,0.5,46.527,0.9995,0.0,20,0.5,59.977,0.9954,2.287,47,0.5,61.073,0.9983,0.443,20,0.5
"U(0.0001,0.01), eps=1e-04",0.0001,0.01,0.0001,142669,75.293,64.513,0.9992,0.0,20,0.5,64.343,0.9992,0.0,20,0.5,64.857,0.9992,0.0,20,0.5,77.693,0.9987,0.173,20,0.5,78.753,0.9988,0.537,47,0.5
"U(0.0001,0.01), eps=1e-04",0.0001,0.01,0.0001,302053,90.057,82.203,0.9995,0.0,47,0.5,82.227,0.9995,0.0,47,0.5,82.303,0.9995,0.0,47,0.5,91.297,0.9993,0.0,47,0.5,91.213,0.9994,0.39,114,0.5
"U(0.0001,0.01), eps=1e-06",0.0001,0.01,1e-06,85656050,30.203,17.973,1.0,0.0,20,0.8,18.087,1.0,0.0,47,0.5,18.37,1.0,0.0,21786,0.5,30.03,1.0,0.52,21786,0.5,30.33,1.0,0.077,47,0.5
"U(0.0001,0.01), eps=1e-06",0.0001,0.01,1e-06,181347259,42.213,26.067,1.0,0.0,20,0.5,26.177,1.0,0.0,20,0.5,27.33,1.0,12.463,1582,0.5,41.833,1.0,0.003,52219,0.5,42.363,1.0,0.063,47,0.95
"U(0.0001,0.01), eps=1e-06",0.0001,0.01,1e-06,383940518,55.867,37.247,1.0,0.0,114,0.5,37.457,1.0,0.0,20,0.8,40.16,1.0,8.797,3792,0.5,55.41,1.0,0.003,125163,0.5,56.413,1.0,0.097,20,0.95
"U(0.0001,0.01), eps=1e-06",0.0001,0.01,1e-06,812862141,71.74,52.14,1.0,0.0,47,0.5,52.34,1.0,0.0,20,0.5,56.103,1.0,8.797,3792,0.5,70.623,1.0,0.0,300000,0.5,72.003,1.0,0.037,275,0.8
"U(0.0001,0.01), eps=1e-06",0.0001,0.01,1e-06,1720956316,85.54,70.453,1.0,0.0,47,0.8,70.103,1.0,0.0,20,0.5,73.043,1.0,6.367,9089,0.5,85.653,1.0,0.0,300000,0.5,85.93,1.0,0.06,660,0.5
"U(0.0001,0.01), eps=1e-06",0.0001,0.01,1e-06,3643533745,95.17,86.96,1.0,0.0,114,0.5,86.817,1.0,0.0,47,0.5,86.937,1.0,4.807,21786,0.5,94.65,1.0,0.02,275,0.5,95.493,1.0,0.003,20,0.95
"U(0.005,0.05), eps=1e-04",0.005,0.05,0.0001,52328,24.76,18.187,1.0,0.0,275,0.5,18.25,1.0,0.0,275,0.5,18.557,1.0,0.0,275,0.5,26.073,0.9993,0.053,275,0.5,26.3,0.9993,0.477,275,0.5
"U(0.005,0.05), eps=1e-04",0.005,0.05,0.0001,110786,38.27,26.223,0.9999,0.0,20,0.8,26.803,0.9999,0.0,20,0.5,26.783,0.9998,0.0,660,0.5,36.49,0.9997,0.02,660,0.5,37.097,0.9997,0.433,20,0.5
"U(0.005,0.05), eps=1e-04",0.005,0.05,0.0001,234552,53.637,39.333,0.9999,0.0,20,0.5,39.397,0.9999,0.0,20,0.95,37.22,1.0,0.0,1582,0.5,50.573,0.9999,1.093,20,0.5,54.02,0.9998,0.363,20,0.5
"U(0.005,0.05), eps=1e-04",0.005,0.05,0.0001,496584,70.767,55.973,1.0,0.0,20,0.5,55.57,1.0,0.0,20,0.5,50.94,0.9999,0.0,3792,0.5,68.647,0.9999,0.01,47,0.8,71.73,0.9999,0.22,20,0.95
"U(0.005,0.05), eps=1e-04",0.005,0.05,0.0001,1051346,85.64,74.59,1.0,0.0,20,0.95,74.003,1.0,0.0,20,0.95,66.493,1.0,16.083,275,0.5,84.65,1.0,0.01,47,0.95,87.09,1.0,0.117,47,0.5
"U(0.005,0.05), eps=1e-04",0.005,0.05,0.0001,2225865,96.137,90.343,1.0,0.0,20,0.5,90.38,1.0,0.0,20,0.5,83.507,1.0,0.0,21786,0.5,95.457,1.0,0.0,47,0.5,96.253,1.0,0.063,20,0.8
"U(0.005,0.05), eps=1e-06",0.005,0.05,1e-06,523280129,29.797,19.83,1.0,0.0,20,0.5,19.887,1.0,0.0,20,0.5,25.147,1.0,8.333,21786,0.8,29.827,1.0,0.04,9089,0.5,29.267,1.0,0.02,21786,0.95
"U(0.005,0.05), eps=1e-06",0.005,0.05,1e-06,1107865896,41.933,28.797,1.0,0.0,20,0.5,28.74,1.0,0.0,20,0.8,36.693,1.0,3.313,125163,0.8,41.363,1.0,0.0,21786,0.5,41.25,1.0,0.03,21786,0.5
"U(0.005,0.05), eps=1e-06",0.005,0.05,1e-06,2345525415,57.047,40.773,1.0,0.0,1582,0.5,40.97,1.0,0.0,20,0.5,51.46,1.0,3.313,125163,0.8,56.53,1.0,0.0,21786,0.5,56.957,1.0,0.02,9089,0.8
"U(0.005,0.05), eps=1e-06",0.005,0.05,1e-06,4965844236,73.15,56.487,1.0,0.0,20,0.5,56.53,1.0,0.0,20,0.5,68.79,1.0,4.727,300000,0.95,73.23,1.0,0.0,52219,0.8,73.217,1.0,0.013,21786,0.8
"U(0.005,0.05), eps=1e-06",0.005,0.05,1e-06,10513469099,87.48,74.827,1.0,0.0,660,0.5,74.657,1.0,0.0,20,0.5,83.79,1.0,2.277,300000,0.8,87.737,1.0,0.0,52219,0.5,87.76,1.0,0.037,275,0.5
"U(0.005,0.05), eps=1e-06",0.005,0.05,1e-06,22258658797,96.437,90.333,1.0,0.0,20,0.5,90.453,1.0,0.0,20,0.5,93.757,1.0,2.277,300000,0.8,96.587,1.0,0.0,125163,0.5,96.63,1.0,0.017,660,0.5
"U(0.0001,0.001), eps=1e-04",0.0001,0.001,0.0001,53015,70.743,67.997,0.9773,0.0,20,0.5,67.827,0.9773,0.0,20,0.5,68.27,0.9773,0.0,20,0.5,66.073,0.977,0.0,20,0.5,67.64,0.9748,0.0,20,0.5
"U(0.0001,0.001), eps=1e-04",0.0001,0.001,0.0001,112241,96.583,95.96,0.9931,0.0,20,0.5,95.74,0.9931,0.0,20,0.5,95.95,0.9931,0.0,20,0.5,97.823,0.9885,0.0,20,0.5,97.517,0.9908,0.0,20,0.5
"U(0.0001,0.001), eps=1e-06",0.0001,0.001,1e-06,15033938,33.163,22.797,1.0,0.0,20,0.5,22.953,0.9999,0.0,20,0.5,22.227,0.9999,0.0,1582,0.5,30.197,0.9999,1.95,20,0.95,32.537,0.9999,0.213,20,0.95
"U(0.0001,0.001), eps=1e-06",0.0001,0.001,1e-06,31829199,47.12,33.65,1.0,0.0,20,0.95,33.457,1.0,0.0,20,0.95,31.487,1.0,0.0,3792,0.5,44.05,0.9999,0.053,47,0.8,47.267,0.9999,0.207,20,0.8
"U(0.0001,0.001), eps=1e-06",0.0001,0.001,1e-06,67387393,63.277,47.833,1.0,0.0,20,0.8,47.987,1.0,0.0,20,0.5,44.02,1.0,0.0,9089,0.5,60.7,1.0,0.0,47,0.8,64.053,1.0,0.147,20,0.95
"U(0.0001,0.001), eps=1e-06",0.0001,0.001,1e-06,142669654,78.277,65.523,1.0,0.0,20,0.5,65.567,1.0,0.0,20,0.95,59.21,1.0,0.0,21786,0.5,77.68,1.0,0.0,47,0.5,80.467,1.0,0.087,47,0.95
"U(0.0001,0.001), eps=1e-06",0.0001,0.001,1e-06,302053977,92.25,83.31,1.0,0.0,20,0.8,82.963,1.0,0.0,20,0.8,76.18,1.0,0.0,52219,0.5,91.407,1.0,0.007,275,0.5,92.76,1.0,0.053,114,0.8
"U(1e-05,0.01), eps=1e-05",1e-05,0.01,1e-05,856560,26.54,17.7,0.9999,0.0,114,0.5,17.85,0.9999,0.0,47,0.5,18.453,0.9999,0.0,20,0.5,27.263,0.9997,3.8,275,0.5,27.8,0.9996,2.903,114,0.5
"U(1e-05,0.01), eps=1e-05",1e-05,0.01,1e-05,1813472,39.12,26.13,0.9999,0.0,47,0.5,25.74,0.9999,0.0,114,0.5,26.28,0.9999,0.0,114,0.5,38.92,0.9998,1.987,660,0.5,40.08,0.9998,1.093,275,0.5
"U(1e-05,0.01), eps=1e-05",1e-05,0.01,1e-05,3839405,54.127,37.303,1.0,0.0,114,0.5,36.987,1.0,0.0,114,0.5,37.76,1.0,0.0,114,0.5,54.233,0.9999,0.76,660,0.5,54.93,0.9999,0.023,660,0.5
"U(1e-05,0.01), eps=1e-05",1e-05,0.01,1e-05,8128621,70.277,52.13,1.0,0.0,114,0.5,51.913,1.0,0.0,114,0.5,52.597,1.0,0.0,114,0.5,70.527,1.0,0.033,1582,0.5,70.483,1.0,0.013,660,0.5
"U(1e-05,0.01), eps=1e-05",1e-05,0.01,1e-05,17209563,85.103,70.307,1.0,0.0,660,0.5,69.83,1.0,0.0,660,0.5,69.897,1.0,0.0,660,0.5,84.99,1.0,0.01,660,0.5,85.123,1.0,0.01,660,0.5
"U(1e-05,0.01), eps=1e-05",1e-05,0.01,1e-05,36435337,94.92,86.83,1.0,0.0,660,0.5,86.8,1.0,0.0,660,0.5,86.957,1.0,0.0,660,0.5,94.747,1.0,0.007,9089,0.5,95.3,1.0,0.01,1582,0.5
